/*
 Navicat Premium Data Transfer

 Source Server         : DB_LOCAL_SAYA
 Source Server Type    : MySQL
 Source Server Version : 80300 (8.3.0)
 Source Host           : localhost:3306
 Source Schema         : nusa

 Target Server Type    : MySQL
 Target Server Version : 80300 (8.3.0)
 File Encoding         : 65001

 Date: 02/07/2025 17:11:22
*/

SET NAMES utf8mb4;
SET FOREIGN_KEY_CHECKS = 0;

-- ----------------------------
-- Table structure for car_rentals
-- ----------------------------
DROP TABLE IF EXISTS `car_rentals`;
CREATE TABLE `car_rentals`  (
  `id` char(36) CHARACTER SET utf8mb4 COLLATE utf8mb4_unicode_ci NOT NULL,
  `name` varchar(191) CHARACTER SET utf8mb4 COLLATE utf8mb4_unicode_ci NULL DEFAULT NULL,
  `price` decimal(14, 2) NOT NULL DEFAULT 0.00,
  `description` text CHARACTER SET utf8mb4 COLLATE utf8mb4_unicode_ci NULL,
  `capacity` int NOT NULL DEFAULT 0,
  `luggage` int NOT NULL DEFAULT 0,
  `transmission` varchar(191) CHARACTER SET utf8mb4 COLLATE utf8mb4_unicode_ci NULL DEFAULT NULL,
  `cover_image` varchar(191) CHARACTER SET utf8mb4 COLLATE utf8mb4_unicode_ci NULL DEFAULT NULL,
  `car_owned` smallint NOT NULL DEFAULT 0,
  `is_publish` smallint NOT NULL,
  `created_at` timestamp NULL DEFAULT NULL,
  `updated_at` timestamp NULL DEFAULT NULL,
  `deleted_at` timestamp NULL DEFAULT NULL,
  `created_by` char(36) CHARACTER SET utf8mb4 COLLATE utf8mb4_unicode_ci NULL DEFAULT NULL,
  `updated_by` char(36) CHARACTER SET utf8mb4 COLLATE utf8mb4_unicode_ci NULL DEFAULT NULL,
  `deleted_by` char(36) CHARACTER SET utf8mb4 COLLATE utf8mb4_unicode_ci NULL DEFAULT NULL,
  PRIMARY KEY (`id`) USING BTREE
) ENGINE = MyISAM AUTO_INCREMENT = 1 CHARACTER SET = utf8mb4 COLLATE = utf8mb4_unicode_ci ROW_FORMAT = Dynamic;

-- ----------------------------
-- Records of car_rentals
-- ----------------------------
INSERT INTO `car_rentals` VALUES ('85916227-24c3-43d9-9d76-63450ebb99a7', 'Avanza', 150000.00, 'SERANGAN PORT - HOTEL (Kuta, Seminyak, Nusa dua)', 4, 2, 'Manual', 'images/avanza.png', 4, 1, NULL, NULL, NULL, NULL, NULL, NULL);
INSERT INTO `car_rentals` VALUES ('0336341d-6690-47d1-859a-f9fc195ce8b9', 'Elf Shot', 225000.00, 'SERANGAN PORT - HOTEL (Kuta, Seminyak, Nusa dua)', 10, 5, 'Manual', 'images/elf_short.jpg', 4, 1, NULL, NULL, NULL, NULL, NULL, NULL);
INSERT INTO `car_rentals` VALUES ('a8d57aa9-0dc5-43c1-943c-2742f3bc7771', 'Long Elf / Hiace', 350000.00, 'SERANGAN PORT - HOTEL (Kuta, Seminyak, Nusa dua)', 14, 6, 'Manual', 'images/hiace.png', 4, 1, NULL, NULL, NULL, NULL, NULL, NULL);
INSERT INTO `car_rentals` VALUES ('bac3489c-d8db-4c23-a879-05423c2638e8', 'Bus', 600000.00, 'SERANGAN PORT - HOTEL (Kuta, Seminyak, Nusa dua)', 28, 20, 'Manual', 'images/bus.png', 1, 1, NULL, NULL, NULL, NULL, NULL, NULL);
INSERT INTO `car_rentals` VALUES ('7e48380a-ab2c-41f5-8f4a-f795094482a2', 'Bus', 700000.00, 'SERANGAN PORT - HOTEL (Kuta, Seminyak, Nusa dua)', 35, 30, 'Manual', 'images/bus.png', 1, 1, NULL, NULL, NULL, NULL, NULL, NULL);
INSERT INTO `car_rentals` VALUES ('bb7c0b73-38b2-40db-9579-0de84bac2c38', 'Avanza', 250000.00, 'SERANGAN PORT - HOTEL (Ubud / Tanah Lot)', 4, 2, 'Manual', 'images/avanza.png', 4, 1, NULL, NULL, NULL, NULL, NULL, NULL);
INSERT INTO `car_rentals` VALUES ('3f7226da-19b2-48ac-9c18-778ff4b1ec78', 'Elf Shot', 350000.00, 'SERANGAN PORT - HOTEL (Ubud / Tanah Lot)', 10, 5, 'Manual', 'images/elf_short.jpg', 4, 1, NULL, NULL, NULL, NULL, NULL, NULL);
INSERT INTO `car_rentals` VALUES ('ffb1ce9b-8308-4de5-b54b-e5bdac9a6b8f', 'Long Elf / Hiace', 450000.00, 'SERANGAN PORT - HOTEL (Ubud / Tanah Lot)', 14, 6, 'Manual', 'images/hiace.png', 4, 1, NULL, NULL, NULL, NULL, NULL, NULL);
INSERT INTO `car_rentals` VALUES ('1fef8701-ec99-470f-95fb-ac5b8d5cd5a9', 'Bus', 900000.00, 'SERANGAN PORT - HOTEL (Ubud / Tanah Lot)', 28, 20, 'Manual', 'images/bus.png', 1, 1, NULL, NULL, NULL, NULL, NULL, NULL);
INSERT INTO `car_rentals` VALUES ('ef6c4569-8467-4cb4-85f6-cad2037a8885', 'Bus', 1000000.00, 'SERANGAN PORT - HOTEL (Ubud / Tanah Lot)', 35, 30, 'Manual', 'images/bus.png', 1, 1, NULL, NULL, NULL, NULL, NULL, NULL);

-- ----------------------------
-- Table structure for customers
-- ----------------------------
DROP TABLE IF EXISTS `customers`;
CREATE TABLE `customers`  (
  `id` char(36) CHARACTER SET utf8mb4 COLLATE utf8mb4_unicode_ci NOT NULL,
  `name` varchar(191) CHARACTER SET utf8mb4 COLLATE utf8mb4_unicode_ci NOT NULL,
  `email` varchar(191) CHARACTER SET utf8mb4 COLLATE utf8mb4_unicode_ci NOT NULL,
  `phone` varchar(191) CHARACTER SET utf8mb4 COLLATE utf8mb4_unicode_ci NOT NULL,
  `password` varchar(191) CHARACTER SET utf8mb4 COLLATE utf8mb4_unicode_ci NOT NULL,
  `address` varchar(191) CHARACTER SET utf8mb4 COLLATE utf8mb4_unicode_ci NULL DEFAULT NULL,
  `nation` varchar(191) CHARACTER SET utf8mb4 COLLATE utf8mb4_unicode_ci NULL DEFAULT NULL,
  `national_id` varchar(191) CHARACTER SET utf8mb4 COLLATE utf8mb4_unicode_ci NULL DEFAULT NULL,
  `remember_token` varchar(100) CHARACTER SET utf8mb4 COLLATE utf8mb4_unicode_ci NULL DEFAULT NULL,
  `reset_token` varchar(191) CHARACTER SET utf8mb4 COLLATE utf8mb4_unicode_ci NULL DEFAULT NULL,
  `is_active` smallint NOT NULL,
  `email_varified_at` timestamp NULL DEFAULT NULL,
  `deleted_at` timestamp NULL DEFAULT NULL,
  `created_at` timestamp NULL DEFAULT NULL,
  `updated_at` timestamp NULL DEFAULT NULL,
  `created_by` char(36) CHARACTER SET utf8mb4 COLLATE utf8mb4_unicode_ci NULL DEFAULT NULL,
  `updated_by` char(36) CHARACTER SET utf8mb4 COLLATE utf8mb4_unicode_ci NULL DEFAULT NULL,
  `deleted_by` char(36) CHARACTER SET utf8mb4 COLLATE utf8mb4_unicode_ci NULL DEFAULT NULL,
  `is_agent` smallint NOT NULL DEFAULT 0,
  `token` varchar(191) CHARACTER SET utf8mb4 COLLATE utf8mb4_unicode_ci NULL DEFAULT NULL,
  `deposite_balance` decimal(20, 2) NOT NULL DEFAULT 0.00,
  `deleted_reason` text CHARACTER SET utf8mb4 COLLATE utf8mb4_unicode_ci NULL,
  PRIMARY KEY (`id`) USING BTREE,
  UNIQUE INDEX `customers_email_unique`(`email`) USING BTREE,
  UNIQUE INDEX `customers_phone_unique`(`phone`) USING BTREE,
  UNIQUE INDEX `customers_national_id_unique`(`national_id`) USING BTREE
) ENGINE = MyISAM AUTO_INCREMENT = 1 CHARACTER SET = utf8mb4 COLLATE = utf8mb4_unicode_ci ROW_FORMAT = Dynamic;

-- ----------------------------
-- Records of customers
-- ----------------------------
INSERT INTO `customers` VALUES ('9f4af186-262f-454a-9635-2597be761b1b', 'Dummy User', 'user@mail.com', '083840745543', '$2y$10$Y6vhCFsRzAcU8lNpc.kX7uU9sJLdz0e4qfCdV5vpfHHyPh4T3p8.a', 'indonesia', 'WNA', '1234', NULL, NULL, 1, '2025-07-02 14:44:44', NULL, '2025-07-02 14:44:44', '2025-07-02 14:44:44', NULL, NULL, NULL, 0, NULL, 0.00, NULL);
INSERT INTO `customers` VALUES ('9f4af186-5cc7-4978-b0de-ff6cec28f716', 'Agen Dummy', 'agen@mail.com', '0812312234234', '$2y$10$PzZBWUhyNAiM6kQxrMcgtucKklQIr.8.oRJxWo81NKz9tf6Qcpvf2', 'indonesia', 'WNI', '1235', NULL, NULL, 1, '2025-07-02 14:44:45', NULL, '2025-07-02 14:44:45', '2025-07-02 14:44:45', NULL, NULL, NULL, 1, 'abc-test', 0.00, NULL);
INSERT INTO `customers` VALUES ('9f4aff50-af3f-452f-ab7f-d20f7e3c428f', 'Beni Syach', 'benisyach32@gmail.com', '085763393635', '$2y$10$.c.Qa3r4sIMOKo/tNuPkc.Pk5ml79HOX1Uu8reGl9vKdxN8tXZyjO', 'indonesia', 'WNI', '1236', NULL, NULL, 1, '2025-07-02 15:24:08', NULL, '2025-07-02 15:23:18', '2025-07-02 15:23:18', NULL, NULL, NULL, 0, NULL, 0.00, NULL);
INSERT INTO `customers` VALUES ('9f4b1c1b-e03b-4633-80f6-f912f888aa7c', 'Beni Syach', 'fdgdfg@gmail.com', '6285763393635', '$2y$10$Tm4Av/8/xFe9iFM5hXXwb.4loOTD0/BDnlRyiWrCbygVoKmwi0TBu', NULL, 'WNI', '34324', NULL, NULL, 0, NULL, NULL, '2025-07-02 16:43:49', '2025-07-02 16:43:49', '9f4af185-bf21-41bc-aac7-5eefe6174aa1', NULL, NULL, 0, NULL, 0.00, NULL);

-- ----------------------------
-- Table structure for deposit_histories
-- ----------------------------
DROP TABLE IF EXISTS `deposit_histories`;
CREATE TABLE `deposit_histories`  (
  `id` char(36) CHARACTER SET utf8mb4 COLLATE utf8mb4_unicode_ci NOT NULL,
  `customer_id` char(36) CHARACTER SET utf8mb4 COLLATE utf8mb4_unicode_ci NULL DEFAULT NULL,
  `debit` decimal(20, 2) NOT NULL DEFAULT 0.00,
  `credit` decimal(20, 2) NOT NULL DEFAULT 0.00,
  `description` varchar(500) CHARACTER SET utf8mb4 COLLATE utf8mb4_unicode_ci NULL DEFAULT NULL,
  `is_valid` smallint NOT NULL DEFAULT 1,
  `proof_image` varchar(191) CHARACTER SET utf8mb4 COLLATE utf8mb4_unicode_ci NULL DEFAULT NULL,
  `created_at` timestamp NULL DEFAULT NULL,
  `updated_at` timestamp NULL DEFAULT NULL,
  `deleted_at` timestamp NULL DEFAULT NULL,
  `created_by` char(36) CHARACTER SET utf8mb4 COLLATE utf8mb4_unicode_ci NULL DEFAULT NULL,
  `updated_by` char(36) CHARACTER SET utf8mb4 COLLATE utf8mb4_unicode_ci NULL DEFAULT NULL,
  `deleted_by` char(36) CHARACTER SET utf8mb4 COLLATE utf8mb4_unicode_ci NULL DEFAULT NULL,
  PRIMARY KEY (`id`) USING BTREE
) ENGINE = MyISAM AUTO_INCREMENT = 1 CHARACTER SET = utf8mb4 COLLATE = utf8mb4_unicode_ci ROW_FORMAT = Dynamic;

-- ----------------------------
-- Records of deposit_histories
-- ----------------------------

-- ----------------------------
-- Table structure for failed_jobs
-- ----------------------------
DROP TABLE IF EXISTS `failed_jobs`;
CREATE TABLE `failed_jobs`  (
  `id` bigint UNSIGNED NOT NULL AUTO_INCREMENT,
  `uuid` varchar(191) CHARACTER SET utf8mb4 COLLATE utf8mb4_unicode_ci NOT NULL,
  `connection` text CHARACTER SET utf8mb4 COLLATE utf8mb4_unicode_ci NOT NULL,
  `queue` text CHARACTER SET utf8mb4 COLLATE utf8mb4_unicode_ci NOT NULL,
  `payload` longtext CHARACTER SET utf8mb4 COLLATE utf8mb4_unicode_ci NOT NULL,
  `exception` longtext CHARACTER SET utf8mb4 COLLATE utf8mb4_unicode_ci NOT NULL,
  `failed_at` timestamp NOT NULL DEFAULT CURRENT_TIMESTAMP,
  PRIMARY KEY (`id`) USING BTREE,
  UNIQUE INDEX `failed_jobs_uuid_unique`(`uuid`) USING BTREE
) ENGINE = MyISAM AUTO_INCREMENT = 1 CHARACTER SET = utf8mb4 COLLATE = utf8mb4_unicode_ci ROW_FORMAT = Dynamic;

-- ----------------------------
-- Records of failed_jobs
-- ----------------------------

-- ----------------------------
-- Table structure for faqs
-- ----------------------------
DROP TABLE IF EXISTS `faqs`;
CREATE TABLE `faqs`  (
  `id` char(36) CHARACTER SET utf8mb4 COLLATE utf8mb4_unicode_ci NOT NULL,
  `question` varchar(191) CHARACTER SET utf8mb4 COLLATE utf8mb4_unicode_ci NOT NULL,
  `answer` text CHARACTER SET utf8mb4 COLLATE utf8mb4_unicode_ci NULL,
  `order` int NOT NULL,
  `created_at` timestamp NULL DEFAULT NULL,
  `updated_at` timestamp NULL DEFAULT NULL,
  `deleted_at` timestamp NULL DEFAULT NULL,
  `created_by` char(36) CHARACTER SET utf8mb4 COLLATE utf8mb4_unicode_ci NULL DEFAULT NULL,
  `updated_by` char(36) CHARACTER SET utf8mb4 COLLATE utf8mb4_unicode_ci NULL DEFAULT NULL,
  `deleted_by` char(36) CHARACTER SET utf8mb4 COLLATE utf8mb4_unicode_ci NULL DEFAULT NULL,
  PRIMARY KEY (`id`) USING BTREE
) ENGINE = MyISAM AUTO_INCREMENT = 1 CHARACTER SET = utf8mb4 COLLATE = utf8mb4_unicode_ci ROW_FORMAT = Dynamic;

-- ----------------------------
-- Records of faqs
-- ----------------------------
INSERT INTO `faqs` VALUES ('d7b2d042-a92b-46e8-9962-c6dceedf2920', 'Why Nusa Travel ? ', '<div>\r\n            <div>An Indonesia\'s leading provider of fast boat tickets, we offer the most reliable and</div>\r\n            <div>efficient transport options for island-hopping. Our main fast boat, the Ekajaya Fast Boat,</div>\r\n            <div>is equipped with modern facilities and offers a comfortable and safe journey to your</div>\r\n            <div>desired destination.</div>\r\n            </div>', 1, NULL, NULL, NULL, NULL, NULL, NULL);
INSERT INTO `faqs` VALUES ('7b76732a-4757-497d-92e9-eb53c3825c07', 'Can i refund my booking ?', '<div>Sure</div>', 2, NULL, NULL, NULL, NULL, NULL, NULL);
INSERT INTO `faqs` VALUES ('2cc213a9-632d-4ce1-89c5-b0a662d87079', 'Can i change my plan ?', '<div>Sure</div>', 3, NULL, NULL, NULL, NULL, NULL, NULL);
INSERT INTO `faqs` VALUES ('1b503d0c-b85c-4d97-bd8c-0653228a1735', 'How to apply promo ?', '<div>Sure</div>', 4, NULL, NULL, NULL, NULL, NULL, NULL);

-- ----------------------------
-- Table structure for fastboat_dropoffs
-- ----------------------------
DROP TABLE IF EXISTS `fastboat_dropoffs`;
CREATE TABLE `fastboat_dropoffs`  (
  `id` char(36) CHARACTER SET utf8mb4 COLLATE utf8mb4_unicode_ci NOT NULL,
  `name` varchar(191) CHARACTER SET utf8mb4 COLLATE utf8mb4_unicode_ci NULL DEFAULT NULL,
  `created_at` timestamp NULL DEFAULT NULL,
  `updated_at` timestamp NULL DEFAULT NULL,
  `deleted_at` timestamp NULL DEFAULT NULL,
  `created_by` char(36) CHARACTER SET utf8mb4 COLLATE utf8mb4_unicode_ci NULL DEFAULT NULL,
  `updated_by` char(36) CHARACTER SET utf8mb4 COLLATE utf8mb4_unicode_ci NULL DEFAULT NULL,
  `deleted_by` char(36) CHARACTER SET utf8mb4 COLLATE utf8mb4_unicode_ci NULL DEFAULT NULL,
  PRIMARY KEY (`id`) USING BTREE
) ENGINE = MyISAM AUTO_INCREMENT = 1 CHARACTER SET = utf8mb4 COLLATE = utf8mb4_unicode_ci ROW_FORMAT = Dynamic;

-- ----------------------------
-- Records of fastboat_dropoffs
-- ----------------------------
INSERT INTO `fastboat_dropoffs` VALUES ('c54ab6f1-e51d-46f2-9aaa-a981c616feb2', 'BANDARA', NULL, NULL, NULL, NULL, NULL, NULL);
INSERT INTO `fastboat_dropoffs` VALUES ('7f66cc54-bd00-46da-a685-391411846f5f', 'PELABUHAN', NULL, NULL, NULL, NULL, NULL, NULL);
INSERT INTO `fastboat_dropoffs` VALUES ('ee911ad7-47d4-4dcc-ab8c-489bdf0479c1', 'HOTEL', NULL, NULL, NULL, NULL, NULL, NULL);

-- ----------------------------
-- Table structure for fastboat_pickups
-- ----------------------------
DROP TABLE IF EXISTS `fastboat_pickups`;
CREATE TABLE `fastboat_pickups`  (
  `id` char(36) CHARACTER SET utf8mb4 COLLATE utf8mb4_unicode_ci NOT NULL,
  `name` varchar(191) CHARACTER SET utf8mb4 COLLATE utf8mb4_unicode_ci NOT NULL,
  `source_id` char(36) CHARACTER SET utf8mb4 COLLATE utf8mb4_unicode_ci NULL DEFAULT NULL,
  `car_rental_id` char(36) CHARACTER SET utf8mb4 COLLATE utf8mb4_unicode_ci NULL DEFAULT NULL,
  `cost` decimal(8, 2) NOT NULL DEFAULT 0.00,
  `created_at` timestamp NULL DEFAULT NULL,
  `updated_at` timestamp NULL DEFAULT NULL,
  `deleted_at` timestamp NULL DEFAULT NULL,
  `created_by` char(36) CHARACTER SET utf8mb4 COLLATE utf8mb4_unicode_ci NULL DEFAULT NULL,
  `updated_by` char(36) CHARACTER SET utf8mb4 COLLATE utf8mb4_unicode_ci NULL DEFAULT NULL,
  `deleted_by` char(36) CHARACTER SET utf8mb4 COLLATE utf8mb4_unicode_ci NULL DEFAULT NULL,
  PRIMARY KEY (`id`) USING BTREE
) ENGINE = MyISAM AUTO_INCREMENT = 1 CHARACTER SET = utf8mb4 COLLATE = utf8mb4_unicode_ci ROW_FORMAT = Dynamic;

-- ----------------------------
-- Records of fastboat_pickups
-- ----------------------------
INSERT INTO `fastboat_pickups` VALUES ('2dca93fb-3423-461f-b27a-2ee76232ff5a', 'BANDARA', '64fb5767-ff89-4656-91f9-7b4d93babad1', '85916227-24c3-43d9-9d76-63450ebb99a7', 0.00, NULL, NULL, NULL, NULL, NULL, NULL);
INSERT INTO `fastboat_pickups` VALUES ('cde6df6c-cbce-4c3a-a651-f6d8351c5bcc', 'HOTEL', '64fb5767-ff89-4656-91f9-7b4d93babad1', '85916227-24c3-43d9-9d76-63450ebb99a7', 0.00, NULL, NULL, NULL, NULL, NULL, NULL);
INSERT INTO `fastboat_pickups` VALUES ('e8100b47-caea-4740-9dc0-4e97643fcd18', 'PELABUHAN', '64fb5767-ff89-4656-91f9-7b4d93babad1', '85916227-24c3-43d9-9d76-63450ebb99a7', 0.00, NULL, NULL, NULL, NULL, NULL, NULL);
INSERT INTO `fastboat_pickups` VALUES ('f0c67208-7855-4d31-a548-cf4d9acca0c3', 'PANTAI', '64fb5767-ff89-4656-91f9-7b4d93babad1', '85916227-24c3-43d9-9d76-63450ebb99a7', 0.00, NULL, NULL, NULL, NULL, NULL, NULL);

-- ----------------------------
-- Table structure for fastboat_places
-- ----------------------------
DROP TABLE IF EXISTS `fastboat_places`;
CREATE TABLE `fastboat_places`  (
  `id` char(36) CHARACTER SET utf8mb4 COLLATE utf8mb4_unicode_ci NOT NULL,
  `name` varchar(191) CHARACTER SET utf8mb4 COLLATE utf8mb4_unicode_ci NOT NULL,
  `created_at` timestamp NULL DEFAULT NULL,
  `updated_at` timestamp NULL DEFAULT NULL,
  `deleted_at` timestamp NULL DEFAULT NULL,
  `created_by` char(36) CHARACTER SET utf8mb4 COLLATE utf8mb4_unicode_ci NULL DEFAULT NULL,
  `updated_by` char(36) CHARACTER SET utf8mb4 COLLATE utf8mb4_unicode_ci NULL DEFAULT NULL,
  `deleted_by` char(36) CHARACTER SET utf8mb4 COLLATE utf8mb4_unicode_ci NULL DEFAULT NULL,
  `data_source` varchar(191) CHARACTER SET utf8mb4 COLLATE utf8mb4_unicode_ci NULL DEFAULT NULL,
  PRIMARY KEY (`id`) USING BTREE
) ENGINE = MyISAM AUTO_INCREMENT = 1 CHARACTER SET = utf8mb4 COLLATE = utf8mb4_unicode_ci ROW_FORMAT = Dynamic;

-- ----------------------------
-- Records of fastboat_places
-- ----------------------------
INSERT INTO `fastboat_places` VALUES ('bdf43f31-b561-49b1-9790-6101a95132e1', 'SERANGAN', NULL, NULL, NULL, NULL, NULL, NULL, NULL);
INSERT INTO `fastboat_places` VALUES ('4bef44f5-a647-4f70-8b3c-2abd499bf2ff', 'LEMBONGAN', NULL, NULL, NULL, NULL, NULL, NULL, NULL);
INSERT INTO `fastboat_places` VALUES ('039d628b-ff1c-4a25-989f-5d6d7a03410d', 'PENIDA', NULL, NULL, NULL, NULL, NULL, NULL, NULL);
INSERT INTO `fastboat_places` VALUES ('45d0b67c-414a-415f-81b0-94ce4fe0781b', 'PADANGBAI', NULL, NULL, NULL, NULL, NULL, NULL, NULL);
INSERT INTO `fastboat_places` VALUES ('4188916c-ff84-4017-ba8d-b4537e56d9cf', 'GILI TRAWANGAN', NULL, NULL, NULL, NULL, NULL, NULL, NULL);
INSERT INTO `fastboat_places` VALUES ('479ff9bb-729b-4ea0-86ba-d3b8b2c3452d', 'MENO', NULL, NULL, NULL, NULL, NULL, NULL, NULL);
INSERT INTO `fastboat_places` VALUES ('778fa8ae-65a2-4cf7-bdc6-b6fb99457428', 'AIR', NULL, NULL, NULL, NULL, NULL, NULL, NULL);
INSERT INTO `fastboat_places` VALUES ('cc4d4aaa-cb72-4a07-bdfa-a8be318c8366', 'BANGSAL', NULL, NULL, NULL, NULL, NULL, NULL, NULL);
INSERT INTO `fastboat_places` VALUES ('64fb5767-ff89-4656-91f9-7b4d93babad1', 'SENGGIGI', NULL, NULL, NULL, NULL, NULL, NULL, NULL);

-- ----------------------------
-- Table structure for fastboat_track_agents
-- ----------------------------
DROP TABLE IF EXISTS `fastboat_track_agents`;
CREATE TABLE `fastboat_track_agents`  (
  `id` char(36) CHARACTER SET utf8mb4 COLLATE utf8mb4_unicode_ci NOT NULL,
  `fastboat_track_id` char(36) CHARACTER SET utf8mb4 COLLATE utf8mb4_unicode_ci NULL DEFAULT NULL,
  `customer_id` char(36) CHARACTER SET utf8mb4 COLLATE utf8mb4_unicode_ci NULL DEFAULT NULL,
  `price` decimal(14, 2) NOT NULL DEFAULT 0.00,
  `created_at` timestamp NULL DEFAULT NULL,
  `updated_at` timestamp NULL DEFAULT NULL,
  `deleted_at` timestamp NULL DEFAULT NULL,
  `created_by` char(36) CHARACTER SET utf8mb4 COLLATE utf8mb4_unicode_ci NULL DEFAULT NULL,
  `updated_by` char(36) CHARACTER SET utf8mb4 COLLATE utf8mb4_unicode_ci NULL DEFAULT NULL,
  `deleted_by` char(36) CHARACTER SET utf8mb4 COLLATE utf8mb4_unicode_ci NULL DEFAULT NULL,
  `fastboat_track_agent_group_id` varchar(191) CHARACTER SET utf8mb4 COLLATE utf8mb4_unicode_ci NULL DEFAULT NULL,
  `data_source` varchar(191) CHARACTER SET utf8mb4 COLLATE utf8mb4_unicode_ci NULL DEFAULT NULL,
  PRIMARY KEY (`id`) USING BTREE
) ENGINE = MyISAM AUTO_INCREMENT = 1 CHARACTER SET = utf8mb4 COLLATE = utf8mb4_unicode_ci ROW_FORMAT = Dynamic;

-- ----------------------------
-- Records of fastboat_track_agents
-- ----------------------------

-- ----------------------------
-- Table structure for fastboat_track_group_agents
-- ----------------------------
DROP TABLE IF EXISTS `fastboat_track_group_agents`;
CREATE TABLE `fastboat_track_group_agents`  (
  `id` char(36) CHARACTER SET utf8mb4 COLLATE utf8mb4_unicode_ci NOT NULL,
  `fastboat_track_group_id` varchar(191) CHARACTER SET utf8mb4 COLLATE utf8mb4_unicode_ci NOT NULL,
  `customer_id` varchar(191) CHARACTER SET utf8mb4 COLLATE utf8mb4_unicode_ci NOT NULL,
  `created_at` timestamp NULL DEFAULT NULL,
  `updated_at` timestamp NULL DEFAULT NULL,
  `deleted_at` timestamp NULL DEFAULT NULL,
  `created_by` char(36) CHARACTER SET utf8mb4 COLLATE utf8mb4_unicode_ci NULL DEFAULT NULL,
  `updated_by` char(36) CHARACTER SET utf8mb4 COLLATE utf8mb4_unicode_ci NULL DEFAULT NULL,
  `deleted_by` char(36) CHARACTER SET utf8mb4 COLLATE utf8mb4_unicode_ci NULL DEFAULT NULL,
  PRIMARY KEY (`id`) USING BTREE
) ENGINE = MyISAM AUTO_INCREMENT = 1 CHARACTER SET = utf8mb4 COLLATE = utf8mb4_unicode_ci ROW_FORMAT = Dynamic;

-- ----------------------------
-- Records of fastboat_track_group_agents
-- ----------------------------

-- ----------------------------
-- Table structure for fastboat_track_groups
-- ----------------------------
DROP TABLE IF EXISTS `fastboat_track_groups`;
CREATE TABLE `fastboat_track_groups`  (
  `id` char(36) CHARACTER SET utf8mb4 COLLATE utf8mb4_unicode_ci NOT NULL,
  `fastboat_id` char(36) CHARACTER SET utf8mb4 COLLATE utf8mb4_unicode_ci NULL DEFAULT NULL,
  `name` varchar(191) CHARACTER SET utf8mb4 COLLATE utf8mb4_unicode_ci NOT NULL,
  `created_at` timestamp NULL DEFAULT NULL,
  `updated_at` timestamp NULL DEFAULT NULL,
  `deleted_at` timestamp NULL DEFAULT NULL,
  `created_by` char(36) CHARACTER SET utf8mb4 COLLATE utf8mb4_unicode_ci NULL DEFAULT NULL,
  `updated_by` char(36) CHARACTER SET utf8mb4 COLLATE utf8mb4_unicode_ci NULL DEFAULT NULL,
  `deleted_by` char(36) CHARACTER SET utf8mb4 COLLATE utf8mb4_unicode_ci NULL DEFAULT NULL,
  `data_source` varchar(191) CHARACTER SET utf8mb4 COLLATE utf8mb4_unicode_ci NULL DEFAULT NULL,
  PRIMARY KEY (`id`) USING BTREE
) ENGINE = MyISAM AUTO_INCREMENT = 1 CHARACTER SET = utf8mb4 COLLATE = utf8mb4_unicode_ci ROW_FORMAT = Dynamic;

-- ----------------------------
-- Records of fastboat_track_groups
-- ----------------------------
INSERT INTO `fastboat_track_groups` VALUES ('9f4af186-7940-4e67-aa5c-a0b02db7fe62', '65abed41-32c6-4880-91d1-68818e297592', 'SENGGIGI - SERANGAN', '2025-07-02 14:44:45', '2025-07-02 14:44:45', NULL, NULL, NULL, NULL, NULL);
INSERT INTO `fastboat_track_groups` VALUES ('9f4af186-7b4a-4b6c-b491-73d3661dbb34', 'cf1dfda7-7a4a-4f8d-92bc-a3cddd38b6a6', 'SERANGAN - SENGGIGI', '2025-07-02 14:44:45', '2025-07-02 14:44:45', NULL, NULL, NULL, NULL, NULL);

-- ----------------------------
-- Table structure for fastboat_track_order_capacities
-- ----------------------------
DROP TABLE IF EXISTS `fastboat_track_order_capacities`;
CREATE TABLE `fastboat_track_order_capacities`  (
  `id` char(36) CHARACTER SET utf8mb4 COLLATE utf8mb4_unicode_ci NOT NULL,
  `fastboat_track_group_id` char(36) CHARACTER SET utf8mb4 COLLATE utf8mb4_unicode_ci NULL DEFAULT NULL,
  `fastboat_source_id` char(36) CHARACTER SET utf8mb4 COLLATE utf8mb4_unicode_ci NULL DEFAULT NULL,
  `fastboat_destination_id` char(36) CHARACTER SET utf8mb4 COLLATE utf8mb4_unicode_ci NULL DEFAULT NULL,
  `date` date NULL DEFAULT NULL,
  `capacity` int NOT NULL DEFAULT 0,
  `created_at` timestamp NULL DEFAULT NULL,
  `updated_at` timestamp NULL DEFAULT NULL,
  `deleted_at` timestamp NULL DEFAULT NULL,
  `created_by` char(36) CHARACTER SET utf8mb4 COLLATE utf8mb4_unicode_ci NULL DEFAULT NULL,
  `updated_by` char(36) CHARACTER SET utf8mb4 COLLATE utf8mb4_unicode_ci NULL DEFAULT NULL,
  `deleted_by` char(36) CHARACTER SET utf8mb4 COLLATE utf8mb4_unicode_ci NULL DEFAULT NULL,
  PRIMARY KEY (`id`) USING BTREE
) ENGINE = MyISAM AUTO_INCREMENT = 1 CHARACTER SET = utf8mb4 COLLATE = utf8mb4_unicode_ci ROW_FORMAT = Fixed;

-- ----------------------------
-- Records of fastboat_track_order_capacities
-- ----------------------------

-- ----------------------------
-- Table structure for fastboat_track_orders
-- ----------------------------
DROP TABLE IF EXISTS `fastboat_track_orders`;
CREATE TABLE `fastboat_track_orders`  (
  `id` char(36) CHARACTER SET utf8mb4 COLLATE utf8mb4_unicode_ci NOT NULL,
  `fastboat_track_group_id` char(36) CHARACTER SET utf8mb4 COLLATE utf8mb4_unicode_ci NULL DEFAULT NULL,
  `fastboat_place_id` char(36) CHARACTER SET utf8mb4 COLLATE utf8mb4_unicode_ci NULL DEFAULT NULL,
  `order` int NOT NULL DEFAULT 0,
  `created_at` timestamp NULL DEFAULT NULL,
  `updated_at` timestamp NULL DEFAULT NULL,
  `deleted_at` timestamp NULL DEFAULT NULL,
  `created_by` char(36) CHARACTER SET utf8mb4 COLLATE utf8mb4_unicode_ci NULL DEFAULT NULL,
  `updated_by` char(36) CHARACTER SET utf8mb4 COLLATE utf8mb4_unicode_ci NULL DEFAULT NULL,
  `deleted_by` char(36) CHARACTER SET utf8mb4 COLLATE utf8mb4_unicode_ci NULL DEFAULT NULL,
  PRIMARY KEY (`id`) USING BTREE
) ENGINE = MyISAM AUTO_INCREMENT = 1 CHARACTER SET = utf8mb4 COLLATE = utf8mb4_unicode_ci ROW_FORMAT = Fixed;

-- ----------------------------
-- Records of fastboat_track_orders
-- ----------------------------
INSERT INTO `fastboat_track_orders` VALUES ('9f4af186-799b-45d3-8610-268ca0291fac', '9f4af186-7940-4e67-aa5c-a0b02db7fe62', '64fb5767-ff89-4656-91f9-7b4d93babad1', 1, '2025-07-02 14:44:45', '2025-07-02 14:44:45', NULL, NULL, NULL, NULL);
INSERT INTO `fastboat_track_orders` VALUES ('9f4af186-79dc-44d2-8129-1979e1599aa3', '9f4af186-7940-4e67-aa5c-a0b02db7fe62', 'cc4d4aaa-cb72-4a07-bdfa-a8be318c8366', 2, '2025-07-02 14:44:45', '2025-07-02 14:44:45', NULL, NULL, NULL, NULL);
INSERT INTO `fastboat_track_orders` VALUES ('9f4af186-7a11-4a74-8dab-f189c9d47df1', '9f4af186-7940-4e67-aa5c-a0b02db7fe62', 'bdf43f31-b561-49b1-9790-6101a95132e1', 3, '2025-07-02 14:44:45', '2025-07-02 14:44:45', NULL, NULL, NULL, NULL);
INSERT INTO `fastboat_track_orders` VALUES ('9f4af186-7b82-4792-a25a-8cb10a0466e7', '9f4af186-7b4a-4b6c-b491-73d3661dbb34', 'bdf43f31-b561-49b1-9790-6101a95132e1', 1, '2025-07-02 14:44:45', '2025-07-02 14:44:45', NULL, NULL, NULL, NULL);
INSERT INTO `fastboat_track_orders` VALUES ('9f4af186-7bb3-4066-96d7-46fce3e5cbf1', '9f4af186-7b4a-4b6c-b491-73d3661dbb34', 'cc4d4aaa-cb72-4a07-bdfa-a8be318c8366', 2, '2025-07-02 14:44:45', '2025-07-02 14:44:45', NULL, NULL, NULL, NULL);
INSERT INTO `fastboat_track_orders` VALUES ('9f4af186-7bf9-4a63-bb5e-21181a2024ce', '9f4af186-7b4a-4b6c-b491-73d3661dbb34', '64fb5767-ff89-4656-91f9-7b4d93babad1', 3, '2025-07-02 14:44:45', '2025-07-02 14:44:45', NULL, NULL, NULL, NULL);

-- ----------------------------
-- Table structure for fastboat_tracks
-- ----------------------------
DROP TABLE IF EXISTS `fastboat_tracks`;
CREATE TABLE `fastboat_tracks`  (
  `id` char(36) CHARACTER SET utf8mb4 COLLATE utf8mb4_unicode_ci NOT NULL,
  `fastboat_track_group_id` char(36) CHARACTER SET utf8mb4 COLLATE utf8mb4_unicode_ci NULL DEFAULT NULL,
  `fastboat_source_id` char(36) CHARACTER SET utf8mb4 COLLATE utf8mb4_unicode_ci NULL DEFAULT NULL,
  `fastboat_destination_id` char(36) CHARACTER SET utf8mb4 COLLATE utf8mb4_unicode_ci NULL DEFAULT NULL,
  `arrival_time` time NULL DEFAULT NULL,
  `departure_time` time NULL DEFAULT NULL,
  `price` decimal(14, 2) NOT NULL DEFAULT 0.00,
  `is_publish` smallint NOT NULL DEFAULT 0,
  `created_at` timestamp NULL DEFAULT NULL,
  `updated_at` timestamp NULL DEFAULT NULL,
  `deleted_at` timestamp NULL DEFAULT NULL,
  `created_by` char(36) CHARACTER SET utf8mb4 COLLATE utf8mb4_unicode_ci NULL DEFAULT NULL,
  `updated_by` char(36) CHARACTER SET utf8mb4 COLLATE utf8mb4_unicode_ci NULL DEFAULT NULL,
  `deleted_by` char(36) CHARACTER SET utf8mb4 COLLATE utf8mb4_unicode_ci NULL DEFAULT NULL,
  `data_source` varchar(191) CHARACTER SET utf8mb4 COLLATE utf8mb4_unicode_ci NULL DEFAULT NULL,
  `attribute_json` text CHARACTER SET utf8mb4 COLLATE utf8mb4_unicode_ci NULL,
  PRIMARY KEY (`id`) USING BTREE
) ENGINE = MyISAM AUTO_INCREMENT = 1 CHARACTER SET = utf8mb4 COLLATE = utf8mb4_unicode_ci ROW_FORMAT = Dynamic;

-- ----------------------------
-- Records of fastboat_tracks
-- ----------------------------
INSERT INTO `fastboat_tracks` VALUES ('9f4af186-7a8c-483e-8ce9-15e671f34a05', '9f4af186-7940-4e67-aa5c-a0b02db7fe62', '64fb5767-ff89-4656-91f9-7b4d93babad1', 'cc4d4aaa-cb72-4a07-bdfa-a8be318c8366', '11:00:00', '12:00:00', 50000.00, 1, '2025-07-02 14:44:45', '2025-07-02 14:44:45', NULL, NULL, NULL, NULL, NULL, NULL);
INSERT INTO `fastboat_tracks` VALUES ('9f4af186-7ad7-414f-8b36-4e4f25b2fdbf', '9f4af186-7940-4e67-aa5c-a0b02db7fe62', '64fb5767-ff89-4656-91f9-7b4d93babad1', 'bdf43f31-b561-49b1-9790-6101a95132e1', '11:00:00', '13:00:00', 100000.00, 1, '2025-07-02 14:44:45', '2025-07-02 14:44:45', NULL, NULL, NULL, NULL, NULL, NULL);
INSERT INTO `fastboat_tracks` VALUES ('9f4af186-7b10-4252-a415-62580ce1e225', '9f4af186-7940-4e67-aa5c-a0b02db7fe62', 'cc4d4aaa-cb72-4a07-bdfa-a8be318c8366', 'bdf43f31-b561-49b1-9790-6101a95132e1', '12:00:00', '13:00:00', 50000.00, 1, '2025-07-02 14:44:45', '2025-07-02 14:44:45', NULL, NULL, NULL, NULL, NULL, NULL);
INSERT INTO `fastboat_tracks` VALUES ('9f4af186-7c8f-4a69-b6bd-ca935819c66f', '9f4af186-7b4a-4b6c-b491-73d3661dbb34', 'bdf43f31-b561-49b1-9790-6101a95132e1', 'cc4d4aaa-cb72-4a07-bdfa-a8be318c8366', '12:00:00', '13:00:00', 50000.00, 1, '2025-07-02 14:44:45', '2025-07-02 14:44:45', NULL, NULL, NULL, NULL, NULL, NULL);
INSERT INTO `fastboat_tracks` VALUES ('9f4af186-7cf7-49d7-a7f2-1fbc717ea403', '9f4af186-7b4a-4b6c-b491-73d3661dbb34', 'bdf43f31-b561-49b1-9790-6101a95132e1', '64fb5767-ff89-4656-91f9-7b4d93babad1', '11:00:00', '13:00:00', 100000.00, 1, '2025-07-02 14:44:45', '2025-07-02 14:44:45', NULL, NULL, NULL, NULL, NULL, NULL);
INSERT INTO `fastboat_tracks` VALUES ('9f4af186-7d42-4192-9de4-ec2e61fb442a', '9f4af186-7b4a-4b6c-b491-73d3661dbb34', 'cc4d4aaa-cb72-4a07-bdfa-a8be318c8366', '64fb5767-ff89-4656-91f9-7b4d93babad1', '13:00:00', '14:00:00', 50000.00, 1, '2025-07-02 14:44:45', '2025-07-02 14:44:45', NULL, NULL, NULL, NULL, NULL, NULL);

-- ----------------------------
-- Table structure for fastboats
-- ----------------------------
DROP TABLE IF EXISTS `fastboats`;
CREATE TABLE `fastboats`  (
  `id` char(36) CHARACTER SET utf8mb4 COLLATE utf8mb4_unicode_ci NOT NULL,
  `number` varchar(191) CHARACTER SET utf8mb4 COLLATE utf8mb4_unicode_ci NULL DEFAULT NULL,
  `name` varchar(191) CHARACTER SET utf8mb4 COLLATE utf8mb4_unicode_ci NULL DEFAULT NULL,
  `description` text CHARACTER SET utf8mb4 COLLATE utf8mb4_unicode_ci NULL,
  `capacity` int NOT NULL DEFAULT 0,
  `cover_image` varchar(191) CHARACTER SET utf8mb4 COLLATE utf8mb4_unicode_ci NULL DEFAULT NULL,
  `created_at` timestamp NULL DEFAULT NULL,
  `updated_at` timestamp NULL DEFAULT NULL,
  `deleted_at` timestamp NULL DEFAULT NULL,
  `created_by` char(36) CHARACTER SET utf8mb4 COLLATE utf8mb4_unicode_ci NULL DEFAULT NULL,
  `updated_by` char(36) CHARACTER SET utf8mb4 COLLATE utf8mb4_unicode_ci NULL DEFAULT NULL,
  `deleted_by` char(36) CHARACTER SET utf8mb4 COLLATE utf8mb4_unicode_ci NULL DEFAULT NULL,
  `data_source` varchar(191) CHARACTER SET utf8mb4 COLLATE utf8mb4_unicode_ci NULL DEFAULT NULL,
  PRIMARY KEY (`id`) USING BTREE
) ENGINE = MyISAM AUTO_INCREMENT = 1 CHARACTER SET = utf8mb4 COLLATE = utf8mb4_unicode_ci ROW_FORMAT = Dynamic;

-- ----------------------------
-- Records of fastboats
-- ----------------------------
INSERT INTO `fastboats` VALUES ('65abed41-32c6-4880-91d1-68818e297592', 'CCX1', 'Fastboat 1', NULL, 20, NULL, NULL, NULL, NULL, NULL, NULL, NULL, NULL);
INSERT INTO `fastboats` VALUES ('a125f0a9-4137-42f5-97d5-1a1a63e372cc', 'XXC2', 'Fastboat 2', NULL, 50, NULL, NULL, NULL, NULL, NULL, NULL, NULL, NULL);
INSERT INTO `fastboats` VALUES ('cf1dfda7-7a4a-4f8d-92bc-a3cddd38b6a6', 'CCC3', 'Fastboat 3', NULL, 100, NULL, NULL, NULL, NULL, NULL, NULL, NULL, NULL);

-- ----------------------------
-- Table structure for files
-- ----------------------------
DROP TABLE IF EXISTS `files`;
CREATE TABLE `files`  (
  `id` char(36) CHARACTER SET utf8mb4 COLLATE utf8mb4_unicode_ci NOT NULL,
  `name` varchar(191) CHARACTER SET utf8mb4 COLLATE utf8mb4_unicode_ci NULL DEFAULT NULL,
  `path` varchar(191) CHARACTER SET utf8mb4 COLLATE utf8mb4_unicode_ci NULL DEFAULT NULL,
  `show_on` smallint NOT NULL DEFAULT 0,
  `created_at` timestamp NULL DEFAULT NULL,
  `updated_at` timestamp NULL DEFAULT NULL,
  `deleted_at` timestamp NULL DEFAULT NULL,
  `created_by` char(36) CHARACTER SET utf8mb4 COLLATE utf8mb4_unicode_ci NULL DEFAULT NULL,
  `updated_by` char(36) CHARACTER SET utf8mb4 COLLATE utf8mb4_unicode_ci NULL DEFAULT NULL,
  `deleted_by` char(36) CHARACTER SET utf8mb4 COLLATE utf8mb4_unicode_ci NULL DEFAULT NULL,
  PRIMARY KEY (`id`) USING BTREE
) ENGINE = MyISAM AUTO_INCREMENT = 1 CHARACTER SET = utf8mb4 COLLATE = utf8mb4_unicode_ci ROW_FORMAT = Dynamic;

-- ----------------------------
-- Records of files
-- ----------------------------
INSERT INTO `files` VALUES ('08c2a47d-6543-4905-ad09-cef74af55b06', 'Pantai Gili Trawangank', 'images/4.jpg', 1, NULL, NULL, NULL, NULL, NULL, NULL);
INSERT INTO `files` VALUES ('67e735b9-2474-4192-93e1-220f85a99b0a', 'Gili Trawangank 1', 'images/1.jpg', 2, NULL, NULL, NULL, NULL, NULL, NULL);
INSERT INTO `files` VALUES ('0629419a-38af-441b-8460-452a4c8caeb3', 'Gili Trawangank 2', 'images/2.jpg', 3, NULL, NULL, NULL, NULL, NULL, NULL);
INSERT INTO `files` VALUES ('143bb05c-62cb-4e36-88eb-58c32e71baed', 'Sample', 'images/3.jpg', 0, NULL, NULL, NULL, NULL, NULL, NULL);
INSERT INTO `files` VALUES ('9f4af186-3930-4523-ab9b-e6dcf7f2417f', NULL, 'images/post1.webp', 0, '2025-07-02 14:44:45', '2025-07-02 14:44:45', NULL, NULL, NULL, NULL);
INSERT INTO `files` VALUES ('9f4af186-3984-4984-b12f-a2c31e52f08f', NULL, 'images/post2.webp', 0, '2025-07-02 14:44:45', '2025-07-02 14:44:45', NULL, NULL, NULL, NULL);
INSERT INTO `files` VALUES ('9f4af186-39b7-4423-8f15-f6f029c7738c', NULL, 'images/post3.webp', 0, '2025-07-02 14:44:45', '2025-07-02 14:44:45', NULL, NULL, NULL, NULL);
INSERT INTO `files` VALUES ('9f4af186-39ec-4be9-8449-fdb0d31f2dbe', NULL, 'images/post4.webp', 0, '2025-07-02 14:44:45', '2025-07-02 14:44:45', NULL, NULL, NULL, NULL);

-- ----------------------------
-- Table structure for free_ticket_promos
-- ----------------------------
DROP TABLE IF EXISTS `free_ticket_promos`;
CREATE TABLE `free_ticket_promos`  (
  `id` bigint UNSIGNED NOT NULL AUTO_INCREMENT,
  `codition_type` varchar(191) CHARACTER SET utf8mb4 COLLATE utf8mb4_unicode_ci NULL DEFAULT NULL,
  `amount` int NULL DEFAULT NULL,
  `range_days` int NULL DEFAULT NULL,
  `end_date` date NULL DEFAULT NULL,
  `created_at` timestamp NULL DEFAULT NULL,
  `updated_at` timestamp NULL DEFAULT NULL,
  `deleted_at` timestamp NULL DEFAULT NULL,
  `created_by` char(36) CHARACTER SET utf8mb4 COLLATE utf8mb4_unicode_ci NULL DEFAULT NULL,
  `updated_by` char(36) CHARACTER SET utf8mb4 COLLATE utf8mb4_unicode_ci NULL DEFAULT NULL,
  `deleted_by` char(36) CHARACTER SET utf8mb4 COLLATE utf8mb4_unicode_ci NULL DEFAULT NULL,
  PRIMARY KEY (`id`) USING BTREE
) ENGINE = MyISAM AUTO_INCREMENT = 1 CHARACTER SET = utf8mb4 COLLATE = utf8mb4_unicode_ci ROW_FORMAT = Dynamic;

-- ----------------------------
-- Records of free_ticket_promos
-- ----------------------------

-- ----------------------------
-- Table structure for migrations
-- ----------------------------
DROP TABLE IF EXISTS `migrations`;
CREATE TABLE `migrations`  (
  `id` int UNSIGNED NOT NULL AUTO_INCREMENT,
  `migration` varchar(191) CHARACTER SET utf8mb4 COLLATE utf8mb4_unicode_ci NOT NULL,
  `batch` int NOT NULL,
  PRIMARY KEY (`id`) USING BTREE
) ENGINE = MyISAM AUTO_INCREMENT = 50 CHARACTER SET = utf8mb4 COLLATE = utf8mb4_unicode_ci ROW_FORMAT = Dynamic;

-- ----------------------------
-- Records of migrations
-- ----------------------------
INSERT INTO `migrations` VALUES (1, '2014_10_12_000000_create_users_table', 1);
INSERT INTO `migrations` VALUES (2, '2014_10_12_100000_create_password_resets_table', 1);
INSERT INTO `migrations` VALUES (3, '2019_08_19_000000_create_failed_jobs_table', 1);
INSERT INTO `migrations` VALUES (4, '2019_12_14_000001_create_personal_access_tokens_table', 1);
INSERT INTO `migrations` VALUES (5, '2023_02_05_130618_create_settings_table', 1);
INSERT INTO `migrations` VALUES (6, '2023_02_05_130631_create_customers_table', 1);
INSERT INTO `migrations` VALUES (7, '2023_02_05_130637_create_posts_table', 1);
INSERT INTO `migrations` VALUES (8, '2023_02_05_130642_create_pages_table', 1);
INSERT INTO `migrations` VALUES (9, '2023_02_05_130659_create_files_table', 1);
INSERT INTO `migrations` VALUES (10, '2023_02_05_130724_create_tour_packages_table', 1);
INSERT INTO `migrations` VALUES (11, '2023_02_05_130737_create_tour_package_prices_table', 1);
INSERT INTO `migrations` VALUES (12, '2023_02_05_130743_create_car_rentals_table', 1);
INSERT INTO `migrations` VALUES (13, '2023_02_05_130801_create_fastboat_places_table', 1);
INSERT INTO `migrations` VALUES (14, '2023_02_05_130806_create_fastboat_tracks_table', 1);
INSERT INTO `migrations` VALUES (15, '2023_02_05_130820_create_model_images_table', 1);
INSERT INTO `migrations` VALUES (16, '2023_02_05_131422_create_tags_table', 1);
INSERT INTO `migrations` VALUES (17, '2023_02_05_131427_create_post_tags_table', 1);
INSERT INTO `migrations` VALUES (18, '2023_02_05_153320_create_permissions_table', 1);
INSERT INTO `migrations` VALUES (19, '2023_02_05_153325_create_roles_table', 1);
INSERT INTO `migrations` VALUES (20, '2023_02_05_153330_create_role_permissions_table', 1);
INSERT INTO `migrations` VALUES (21, '2023_02_05_172227_create_visitors_table', 1);
INSERT INTO `migrations` VALUES (22, '2023_02_21_223534_create_orders_table', 1);
INSERT INTO `migrations` VALUES (23, '2023_02_21_223539_create_order_items_table', 1);
INSERT INTO `migrations` VALUES (24, '2023_02_21_223816_create_faqs_table', 1);
INSERT INTO `migrations` VALUES (25, '2023_03_05_135404_create_fastboats_table', 1);
INSERT INTO `migrations` VALUES (26, '2023_03_05_143134_create_fastboat_track_groups_table', 1);
INSERT INTO `migrations` VALUES (27, '2023_03_05_143504_create_fastboat_dropoffs_table', 1);
INSERT INTO `migrations` VALUES (28, '2023_03_05_153043_create_fastboat_track_orders_table', 1);
INSERT INTO `migrations` VALUES (29, '2023_03_05_153056_create_fastboat_track_order_capacities_table', 1);
INSERT INTO `migrations` VALUES (30, '2023_03_05_153640_create_fastboat_track_agents_table', 1);
INSERT INTO `migrations` VALUES (31, '2023_03_11_013744_create_order_item_passengers_table', 1);
INSERT INTO `migrations` VALUES (32, '2023_03_11_024453_create_promos_table', 1);
INSERT INTO `migrations` VALUES (33, '2023_03_11_025208_create_order_promos_table', 1);
INSERT INTO `migrations` VALUES (34, '2023_03_12_203209_update_customersagent_to_customers_table', 1);
INSERT INTO `migrations` VALUES (35, '2023_03_15_203459_update_promo_to_promos_table', 1);
INSERT INTO `migrations` VALUES (36, '2023_03_15_203538_create_free_tiket_promos_table', 1);
INSERT INTO `migrations` VALUES (37, '2023_03_16_211759_create_fastboat_track_group_agents_table', 1);
INSERT INTO `migrations` VALUES (38, '2023_03_16_221431_update_add_groupid_fastboat_track_agents', 1);
INSERT INTO `migrations` VALUES (39, '2023_03_21_205454_create_fastboat_pickups_table', 1);
INSERT INTO `migrations` VALUES (40, '2023_03_22_092824_update_source_ekajaya', 1);
INSERT INTO `migrations` VALUES (41, '2023_03_23_144225_update_add_isapply_promos', 1);
INSERT INTO `migrations` VALUES (42, '2023_04_26_204125_add_fastboat_tracks_attibute_json', 1);
INSERT INTO `migrations` VALUES (43, '2023_05_10_113326_alter_fastboat_track_agents', 1);
INSERT INTO `migrations` VALUES (44, '2023_05_13_112644_add_column_info_in_order_items', 1);
INSERT INTO `migrations` VALUES (45, '2023_05_21_221233_update_permission_to_ekajaya_track_custom_price', 1);
INSERT INTO `migrations` VALUES (46, '2023_05_28_044112_update_colum_orders_payment_token_to_text', 1);
INSERT INTO `migrations` VALUES (47, '2023_05_29_010127_create_deposit_histories_table', 1);
INSERT INTO `migrations` VALUES (48, '2023_06_11_224803_update_setting_value_ekaja_integration', 1);
INSERT INTO `migrations` VALUES (49, '2023_07_10_225630_update_unavailable_date', 1);

-- ----------------------------
-- Table structure for model_images
-- ----------------------------
DROP TABLE IF EXISTS `model_images`;
CREATE TABLE `model_images`  (
  `id` char(36) CHARACTER SET utf8mb4 COLLATE utf8mb4_unicode_ci NOT NULL,
  `related_model` varchar(191) CHARACTER SET utf8mb4 COLLATE utf8mb4_unicode_ci NULL DEFAULT NULL,
  `related_id` char(36) CHARACTER SET utf8mb4 COLLATE utf8mb4_unicode_ci NULL DEFAULT NULL,
  `file_id` char(36) CHARACTER SET utf8mb4 COLLATE utf8mb4_unicode_ci NULL DEFAULT NULL,
  `created_at` timestamp NULL DEFAULT NULL,
  `updated_at` timestamp NULL DEFAULT NULL,
  `deleted_at` timestamp NULL DEFAULT NULL,
  `created_by` char(36) CHARACTER SET utf8mb4 COLLATE utf8mb4_unicode_ci NULL DEFAULT NULL,
  `updated_by` char(36) CHARACTER SET utf8mb4 COLLATE utf8mb4_unicode_ci NULL DEFAULT NULL,
  `deleted_by` char(36) CHARACTER SET utf8mb4 COLLATE utf8mb4_unicode_ci NULL DEFAULT NULL,
  PRIMARY KEY (`id`) USING BTREE
) ENGINE = MyISAM AUTO_INCREMENT = 1 CHARACTER SET = utf8mb4 COLLATE = utf8mb4_unicode_ci ROW_FORMAT = Dynamic;

-- ----------------------------
-- Records of model_images
-- ----------------------------
INSERT INTO `model_images` VALUES ('9f4af186-3bbe-4a8c-8ebd-0d9068762866', NULL, '9f4af186-3a2c-4fd4-a049-7dbea57d9792', '9f4af186-3930-4523-ab9b-e6dcf7f2417f', '2025-07-02 14:44:45', '2025-07-02 14:44:45', NULL, NULL, NULL, NULL);
INSERT INTO `model_images` VALUES ('9f4af186-3c00-4d68-a2e3-293df9efedea', NULL, '9f4af186-3a2c-4fd4-a049-7dbea57d9792', '9f4af186-3984-4984-b12f-a2c31e52f08f', '2025-07-02 14:44:45', '2025-07-02 14:44:45', NULL, NULL, NULL, NULL);
INSERT INTO `model_images` VALUES ('9f4af186-3c32-411c-a193-9d5fc66ad428', NULL, '9f4af186-3a2c-4fd4-a049-7dbea57d9792', '9f4af186-39b7-4423-8f15-f6f029c7738c', '2025-07-02 14:44:45', '2025-07-02 14:44:45', NULL, NULL, NULL, NULL);
INSERT INTO `model_images` VALUES ('9f4af186-3c5f-4f00-a261-9e0a06998bb0', NULL, '9f4af186-3a2c-4fd4-a049-7dbea57d9792', '9f4af186-39ec-4be9-8449-fdb0d31f2dbe', '2025-07-02 14:44:45', '2025-07-02 14:44:45', NULL, NULL, NULL, NULL);
INSERT INTO `model_images` VALUES ('9f4af186-3e39-43d0-8eab-d9118d430496', NULL, '9f4af186-3c90-4958-8e23-c4c679d315b9', '9f4af186-3930-4523-ab9b-e6dcf7f2417f', '2025-07-02 14:44:45', '2025-07-02 14:44:45', NULL, NULL, NULL, NULL);
INSERT INTO `model_images` VALUES ('9f4af186-3e80-4bea-993a-2178754029fa', NULL, '9f4af186-3c90-4958-8e23-c4c679d315b9', '9f4af186-3984-4984-b12f-a2c31e52f08f', '2025-07-02 14:44:45', '2025-07-02 14:44:45', NULL, NULL, NULL, NULL);
INSERT INTO `model_images` VALUES ('9f4af186-3eb5-4f5e-9087-777482bfa044', NULL, '9f4af186-3c90-4958-8e23-c4c679d315b9', '9f4af186-39b7-4423-8f15-f6f029c7738c', '2025-07-02 14:44:45', '2025-07-02 14:44:45', NULL, NULL, NULL, NULL);
INSERT INTO `model_images` VALUES ('9f4af186-3ee8-4da6-aa4b-5dd6d6f31213', NULL, '9f4af186-3c90-4958-8e23-c4c679d315b9', '9f4af186-39ec-4be9-8449-fdb0d31f2dbe', '2025-07-02 14:44:45', '2025-07-02 14:44:45', NULL, NULL, NULL, NULL);
INSERT INTO `model_images` VALUES ('9f4af186-40e5-4828-9e35-5b98f4c48a81', NULL, '9f4af186-3fa6-4ba3-9902-89e7d8e16777', '9f4af186-3930-4523-ab9b-e6dcf7f2417f', '2025-07-02 14:44:45', '2025-07-02 14:44:45', NULL, NULL, NULL, NULL);
INSERT INTO `model_images` VALUES ('9f4af186-411c-4232-86f7-886a49f57d7d', NULL, '9f4af186-3fa6-4ba3-9902-89e7d8e16777', '9f4af186-3984-4984-b12f-a2c31e52f08f', '2025-07-02 14:44:45', '2025-07-02 14:44:45', NULL, NULL, NULL, NULL);
INSERT INTO `model_images` VALUES ('9f4af186-414e-47f2-93a3-9e79e8185b3a', NULL, '9f4af186-3fa6-4ba3-9902-89e7d8e16777', '9f4af186-39b7-4423-8f15-f6f029c7738c', '2025-07-02 14:44:45', '2025-07-02 14:44:45', NULL, NULL, NULL, NULL);
INSERT INTO `model_images` VALUES ('9f4af186-417a-49ea-ad6c-a705a697ccee', NULL, '9f4af186-3fa6-4ba3-9902-89e7d8e16777', '9f4af186-39ec-4be9-8449-fdb0d31f2dbe', '2025-07-02 14:44:45', '2025-07-02 14:44:45', NULL, NULL, NULL, NULL);
INSERT INTO `model_images` VALUES ('9f4af186-433c-435e-9a3b-5217da5b985a', NULL, '9f4af186-41ab-412e-a0df-a602fee67a98', '9f4af186-3930-4523-ab9b-e6dcf7f2417f', '2025-07-02 14:44:45', '2025-07-02 14:44:45', NULL, NULL, NULL, NULL);
INSERT INTO `model_images` VALUES ('9f4af186-436a-4ec0-8372-65d4a3fa93f8', NULL, '9f4af186-41ab-412e-a0df-a602fee67a98', '9f4af186-3984-4984-b12f-a2c31e52f08f', '2025-07-02 14:44:45', '2025-07-02 14:44:45', NULL, NULL, NULL, NULL);
INSERT INTO `model_images` VALUES ('9f4af186-4397-4353-94ae-e90ba68a9109', NULL, '9f4af186-41ab-412e-a0df-a602fee67a98', '9f4af186-39b7-4423-8f15-f6f029c7738c', '2025-07-02 14:44:45', '2025-07-02 14:44:45', NULL, NULL, NULL, NULL);
INSERT INTO `model_images` VALUES ('9f4af186-43c5-40f9-981d-4acd1ad01fe7', NULL, '9f4af186-41ab-412e-a0df-a602fee67a98', '9f4af186-39ec-4be9-8449-fdb0d31f2dbe', '2025-07-02 14:44:45', '2025-07-02 14:44:45', NULL, NULL, NULL, NULL);
INSERT INTO `model_images` VALUES ('9f4af186-4530-4b38-adcc-40e39840c379', NULL, '9f4af186-43fc-4cd4-a53c-c67f4218d5c1', '9f4af186-3930-4523-ab9b-e6dcf7f2417f', '2025-07-02 14:44:45', '2025-07-02 14:44:45', NULL, NULL, NULL, NULL);
INSERT INTO `model_images` VALUES ('9f4af186-455e-4c72-a7d5-a51e0a5d0789', NULL, '9f4af186-43fc-4cd4-a53c-c67f4218d5c1', '9f4af186-3984-4984-b12f-a2c31e52f08f', '2025-07-02 14:44:45', '2025-07-02 14:44:45', NULL, NULL, NULL, NULL);
INSERT INTO `model_images` VALUES ('9f4af186-458d-4ba8-88c0-a2bc65066606', NULL, '9f4af186-43fc-4cd4-a53c-c67f4218d5c1', '9f4af186-39b7-4423-8f15-f6f029c7738c', '2025-07-02 14:44:45', '2025-07-02 14:44:45', NULL, NULL, NULL, NULL);
INSERT INTO `model_images` VALUES ('9f4af186-45be-470a-8e60-55c8816374e3', NULL, '9f4af186-43fc-4cd4-a53c-c67f4218d5c1', '9f4af186-39ec-4be9-8449-fdb0d31f2dbe', '2025-07-02 14:44:45', '2025-07-02 14:44:45', NULL, NULL, NULL, NULL);
INSERT INTO `model_images` VALUES ('9f4af186-477e-4a7f-8be7-3acbf0b003b3', NULL, '9f4af186-45f0-4fa4-9c54-4fb6953c3759', '9f4af186-3930-4523-ab9b-e6dcf7f2417f', '2025-07-02 14:44:45', '2025-07-02 14:44:45', NULL, NULL, NULL, NULL);
INSERT INTO `model_images` VALUES ('9f4af186-47ad-4b75-806a-966e4d8f8909', NULL, '9f4af186-45f0-4fa4-9c54-4fb6953c3759', '9f4af186-3984-4984-b12f-a2c31e52f08f', '2025-07-02 14:44:45', '2025-07-02 14:44:45', NULL, NULL, NULL, NULL);
INSERT INTO `model_images` VALUES ('9f4af186-47da-42e8-a508-9a9e57e91d6f', NULL, '9f4af186-45f0-4fa4-9c54-4fb6953c3759', '9f4af186-39b7-4423-8f15-f6f029c7738c', '2025-07-02 14:44:45', '2025-07-02 14:44:45', NULL, NULL, NULL, NULL);
INSERT INTO `model_images` VALUES ('9f4af186-480b-406d-9f68-c0c117bd1c98', NULL, '9f4af186-45f0-4fa4-9c54-4fb6953c3759', '9f4af186-39ec-4be9-8449-fdb0d31f2dbe', '2025-07-02 14:44:45', '2025-07-02 14:44:45', NULL, NULL, NULL, NULL);

-- ----------------------------
-- Table structure for order_item_passengers
-- ----------------------------
DROP TABLE IF EXISTS `order_item_passengers`;
CREATE TABLE `order_item_passengers`  (
  `id` char(36) CHARACTER SET utf8mb4 COLLATE utf8mb4_unicode_ci NOT NULL,
  `order_item_id` char(36) CHARACTER SET utf8mb4 COLLATE utf8mb4_unicode_ci NOT NULL,
  `customer_id` char(36) CHARACTER SET utf8mb4 COLLATE utf8mb4_unicode_ci NULL DEFAULT NULL,
  `nation` varchar(191) CHARACTER SET utf8mb4 COLLATE utf8mb4_unicode_ci NULL DEFAULT NULL,
  `national_id` varchar(191) CHARACTER SET utf8mb4 COLLATE utf8mb4_unicode_ci NULL DEFAULT NULL,
  `name` varchar(191) CHARACTER SET utf8mb4 COLLATE utf8mb4_unicode_ci NULL DEFAULT NULL,
  `created_at` timestamp NULL DEFAULT NULL,
  `updated_at` timestamp NULL DEFAULT NULL,
  `deleted_at` timestamp NULL DEFAULT NULL,
  `created_by` char(36) CHARACTER SET utf8mb4 COLLATE utf8mb4_unicode_ci NULL DEFAULT NULL,
  `updated_by` char(36) CHARACTER SET utf8mb4 COLLATE utf8mb4_unicode_ci NULL DEFAULT NULL,
  `deleted_by` char(36) CHARACTER SET utf8mb4 COLLATE utf8mb4_unicode_ci NULL DEFAULT NULL,
  `type` varchar(191) CHARACTER SET utf8mb4 COLLATE utf8mb4_unicode_ci NULL DEFAULT NULL,
  PRIMARY KEY (`id`) USING BTREE
) ENGINE = MyISAM AUTO_INCREMENT = 1 CHARACTER SET = utf8mb4 COLLATE = utf8mb4_unicode_ci ROW_FORMAT = Dynamic;

-- ----------------------------
-- Records of order_item_passengers
-- ----------------------------

-- ----------------------------
-- Table structure for order_items
-- ----------------------------
DROP TABLE IF EXISTS `order_items`;
CREATE TABLE `order_items`  (
  `id` char(36) CHARACTER SET utf8mb4 COLLATE utf8mb4_unicode_ci NOT NULL,
  `order_id` char(36) CHARACTER SET utf8mb4 COLLATE utf8mb4_unicode_ci NOT NULL,
  `entity_order` varchar(191) CHARACTER SET utf8mb4 COLLATE utf8mb4_unicode_ci NULL DEFAULT NULL,
  `entity_id` varchar(191) CHARACTER SET utf8mb4 COLLATE utf8mb4_unicode_ci NULL DEFAULT NULL,
  `description` varchar(191) CHARACTER SET utf8mb4 COLLATE utf8mb4_unicode_ci NULL DEFAULT NULL,
  `amount` decimal(14, 2) NOT NULL DEFAULT 0.00,
  `quantity` int NOT NULL DEFAULT 0,
  `date` timestamp NULL DEFAULT NULL,
  `start_date` timestamp NULL DEFAULT NULL,
  `end_date` timestamp NULL DEFAULT NULL,
  `note` text CHARACTER SET utf8mb4 COLLATE utf8mb4_unicode_ci NULL,
  `dropoff` varchar(191) CHARACTER SET utf8mb4 COLLATE utf8mb4_unicode_ci NULL DEFAULT NULL,
  `dropoff_id` char(36) CHARACTER SET utf8mb4 COLLATE utf8mb4_unicode_ci NULL DEFAULT NULL,
  `created_at` timestamp NULL DEFAULT NULL,
  `updated_at` timestamp NULL DEFAULT NULL,
  `deleted_at` timestamp NULL DEFAULT NULL,
  `created_by` char(36) CHARACTER SET utf8mb4 COLLATE utf8mb4_unicode_ci NULL DEFAULT NULL,
  `updated_by` char(36) CHARACTER SET utf8mb4 COLLATE utf8mb4_unicode_ci NULL DEFAULT NULL,
  `deleted_by` char(36) CHARACTER SET utf8mb4 COLLATE utf8mb4_unicode_ci NULL DEFAULT NULL,
  `pickup` varchar(191) CHARACTER SET utf8mb4 COLLATE utf8mb4_unicode_ci NULL DEFAULT NULL,
  `pickup_id` char(36) CHARACTER SET utf8mb4 COLLATE utf8mb4_unicode_ci NULL DEFAULT NULL,
  `data_source` varchar(191) CHARACTER SET utf8mb4 COLLATE utf8mb4_unicode_ci NULL DEFAULT NULL,
  `globaltix_response_json` text CHARACTER SET utf8mb4 COLLATE utf8mb4_unicode_ci NULL,
  `item_addtional_info_json` text CHARACTER SET utf8mb4 COLLATE utf8mb4_unicode_ci NULL,
  PRIMARY KEY (`id`) USING BTREE
) ENGINE = MyISAM AUTO_INCREMENT = 1 CHARACTER SET = utf8mb4 COLLATE = utf8mb4_unicode_ci ROW_FORMAT = Dynamic;

-- ----------------------------
-- Records of order_items
-- ----------------------------
INSERT INTO `order_items` VALUES ('9f4b005b-791a-4896-a52e-3cab6b0b2302', '9f4b005b-76d5-4e95-ade0-6632ef465054', 'App\\Models\\TourPackage', '9f4af186-3fa6-4ba3-9902-89e7d8e16777', 'PENIDA DAY TOUR ( WEST - EAST )PENIDA DAY TOUR ( WEST - EAST )', 725000.00, 1, '2025-07-02 00:00:00', NULL, NULL, NULL, NULL, NULL, '2025-07-02 15:26:13', '2025-07-02 15:26:13', NULL, '9f4af185-bf21-41bc-aac7-5eefe6174aa1', NULL, NULL, NULL, NULL, NULL, NULL, NULL);
INSERT INTO `order_items` VALUES ('9f4b0c2b-9094-4ae6-9d2c-07f4424567d5', '9f4b0c2b-8c58-4f1a-9a59-8d956046cab8', 'App\\Models\\TourPackage', '9f4af186-3fa6-4ba3-9902-89e7d8e16777', 'PENIDA DAY TOUR ( WEST - EAST )PENIDA DAY TOUR ( WEST - EAST )', 725000.00, 1, '2025-07-02 00:00:00', NULL, NULL, NULL, NULL, NULL, '2025-07-02 15:59:15', '2025-07-02 15:59:15', NULL, '9f4af185-bf21-41bc-aac7-5eefe6174aa1', NULL, NULL, NULL, NULL, NULL, NULL, NULL);
INSERT INTO `order_items` VALUES ('9f4b1c1b-e60e-4fb3-ae2a-a25a392c1b32', '9f4b1c1b-e4af-4ea7-af44-d1b8e7d5c28d', 'App\\Models\\TourPackage', '9f4af186-3fa6-4ba3-9902-89e7d8e16777', 'PENIDA DAY TOUR ( WEST - EAST )PENIDA DAY TOUR ( WEST - EAST )', 725000.00, 1, '2025-07-02 00:00:00', NULL, NULL, NULL, NULL, NULL, '2025-07-02 16:43:49', '2025-07-02 16:43:49', NULL, '9f4af185-bf21-41bc-aac7-5eefe6174aa1', NULL, NULL, NULL, NULL, NULL, NULL, NULL);

-- ----------------------------
-- Table structure for order_promos
-- ----------------------------
DROP TABLE IF EXISTS `order_promos`;
CREATE TABLE `order_promos`  (
  `id` char(36) CHARACTER SET utf8mb4 COLLATE utf8mb4_unicode_ci NOT NULL,
  `order_id` char(36) CHARACTER SET utf8mb4 COLLATE utf8mb4_unicode_ci NULL DEFAULT NULL,
  `promo_id` char(36) CHARACTER SET utf8mb4 COLLATE utf8mb4_unicode_ci NULL DEFAULT NULL,
  `promo_code` varchar(191) CHARACTER SET utf8mb4 COLLATE utf8mb4_unicode_ci NULL DEFAULT NULL,
  `promo_amount` decimal(14, 2) NOT NULL DEFAULT 0.00,
  `description` text CHARACTER SET utf8mb4 COLLATE utf8mb4_unicode_ci NULL,
  `created_at` timestamp NULL DEFAULT NULL,
  `updated_at` timestamp NULL DEFAULT NULL,
  `deleted_at` timestamp NULL DEFAULT NULL,
  `created_by` char(36) CHARACTER SET utf8mb4 COLLATE utf8mb4_unicode_ci NULL DEFAULT NULL,
  `updated_by` char(36) CHARACTER SET utf8mb4 COLLATE utf8mb4_unicode_ci NULL DEFAULT NULL,
  `deleted_by` char(36) CHARACTER SET utf8mb4 COLLATE utf8mb4_unicode_ci NULL DEFAULT NULL,
  PRIMARY KEY (`id`) USING BTREE
) ENGINE = MyISAM AUTO_INCREMENT = 1 CHARACTER SET = utf8mb4 COLLATE = utf8mb4_unicode_ci ROW_FORMAT = Dynamic;

-- ----------------------------
-- Records of order_promos
-- ----------------------------

-- ----------------------------
-- Table structure for orders
-- ----------------------------
DROP TABLE IF EXISTS `orders`;
CREATE TABLE `orders`  (
  `id` char(36) CHARACTER SET utf8mb4 COLLATE utf8mb4_unicode_ci NOT NULL,
  `order_code` varchar(191) CHARACTER SET utf8mb4 COLLATE utf8mb4_unicode_ci NOT NULL,
  `customer_id` char(36) CHARACTER SET utf8mb4 COLLATE utf8mb4_unicode_ci NULL DEFAULT NULL,
  `total_amount` decimal(14, 2) NOT NULL DEFAULT 0.00,
  `date` timestamp NULL DEFAULT NULL,
  `start_date` timestamp NULL DEFAULT NULL,
  `end_date` timestamp NULL DEFAULT NULL,
  `order_type` varchar(191) CHARACTER SET utf8mb4 COLLATE utf8mb4_unicode_ci NOT NULL,
  `payment_token` text CHARACTER SET utf8mb4 COLLATE utf8mb4_unicode_ci NULL,
  `payment_status` varchar(191) CHARACTER SET utf8mb4 COLLATE utf8mb4_unicode_ci NULL DEFAULT NULL,
  `payment_response` text CHARACTER SET utf8mb4 COLLATE utf8mb4_unicode_ci NULL,
  `payment_channel` varchar(191) CHARACTER SET utf8mb4 COLLATE utf8mb4_unicode_ci NULL DEFAULT NULL,
  `payment_type` varchar(191) CHARACTER SET utf8mb4 COLLATE utf8mb4_unicode_ci NULL DEFAULT NULL,
  `description` varchar(191) CHARACTER SET utf8mb4 COLLATE utf8mb4_unicode_ci NULL DEFAULT NULL,
  `total_discount` decimal(14, 2) NOT NULL DEFAULT 0.00,
  `created_at` timestamp NULL DEFAULT NULL,
  `updated_at` timestamp NULL DEFAULT NULL,
  `deleted_at` timestamp NULL DEFAULT NULL,
  `created_by` char(36) CHARACTER SET utf8mb4 COLLATE utf8mb4_unicode_ci NULL DEFAULT NULL,
  `updated_by` char(36) CHARACTER SET utf8mb4 COLLATE utf8mb4_unicode_ci NULL DEFAULT NULL,
  `deleted_by` char(36) CHARACTER SET utf8mb4 COLLATE utf8mb4_unicode_ci NULL DEFAULT NULL,
  `pickup` varchar(191) CHARACTER SET utf8mb4 COLLATE utf8mb4_unicode_ci NULL DEFAULT NULL,
  PRIMARY KEY (`id`) USING BTREE,
  UNIQUE INDEX `orders_order_code_unique`(`order_code`) USING BTREE
) ENGINE = MyISAM AUTO_INCREMENT = 1 CHARACTER SET = utf8mb4 COLLATE = utf8mb4_unicode_ci ROW_FORMAT = Dynamic;

-- ----------------------------
-- Records of orders
-- ----------------------------
INSERT INTO `orders` VALUES ('9f4b005b-76d5-4e95-ade0-6632ef465054', '4FDXIY02072025', '9f4aff50-af3f-452f-ab7f-d20f7e3c428f', 725000.00, '2025-07-02 15:27:33', NULL, NULL, '1', NULL, NULL, NULL, 'DOKU', NULL, NULL, 0.00, '2025-07-02 15:26:13', '2025-07-02 15:27:33', NULL, '9f4af185-bf21-41bc-aac7-5eefe6174aa1', '9f4af185-bf21-41bc-aac7-5eefe6174aa1', NULL, NULL);
INSERT INTO `orders` VALUES ('9f4b0c2b-8c58-4f1a-9a59-8d956046cab8', 'TYO7AW02072025', '9f4aff50-af3f-452f-ab7f-d20f7e3c428f', 725000.00, '2025-07-02 15:59:20', NULL, NULL, '1', '{\"message\":[\"SUCCESS\"],\"response\":{\"order\":{\"amount\":\"725000\",\"invoice_number\":\"TYO7AW02072025\",\"currency\":\"IDR\",\"session_id\":\"1a32c1d41d1d46aba820ae6520d412c9\",\"callback_url\":\"http:\\/\\/localhost:8000\\/orders\\/9f4b0c2b-8c58-4f1a-9a59-8d956046cab8\"},\"payment\":{\"payment_method_types\":[\"PEER_TO_PEER_KREDIVO\",\"VIRTUAL_ACCOUNT_BCA\",\"JENIUS_PAY\",\"QRIS\",\"EMONEY_OVO\",\"ONLINE_TO_OFFLINE_ALFA\",\"OCTO_CLICKS\",\"CREDIT_CARD\",\"EMONEY_DOKU\",\"VIRTUAL_ACCOUNT_BANK_MANDIRI\",\"PEER_TO_PEER_AKULAKU\",\"ONLINE_TO_OFFLINE_INDOMARET\",\"EPAY_BRI\",\"PEER_TO_PEER_INDODANA\",\"EMONEY_LINKAJA\",\"VIRTUAL_ACCOUNT_BRI\",\"VIRTUAL_ACCOUNT_BNI\",\"EMONEY_SHOPEE_PAY\",\"VIRTUAL_ACCOUNT_BANK_PERMATA\",\"VIRTUAL_ACCOUNT_DOKU\",\"VIRTUAL_ACCOUNT_BANK_CIMB\",\"VIRTUAL_ACCOUNT_BANK_DANAMON\",\"VIRTUAL_ACCOUNT_BANK_SYARIAH_MANDIRI\",\"VIRTUAL_ACCOUNT_MAYBANK\",\"PERMATA_NET\",\"PEER_TO_PEER_BRI_CERIA\",\"KARTU_KREDIT_INDONESIA\",\"EMONEY_DANA\",\"VIRTUAL_ACCOUNT_BTN\",\"DIRECT_DEBIT_MANDIRI\",\"DIRECT_DEBIT_BRI\",\"DIRECT_DEBIT_CIMB\",\"VIRTUAL_ACCOUNT_BSS\",\"VIRTUAL_ACCOUNT_SINARMAS\",\"VIRTUAL_ACCOUNT_BNC\"],\"payment_due_date\":60,\"token_id\":\"1a32c1d41d1d46aba820ae6520d412c920252002162055999\",\"url\":\"https:\\/\\/staging.doku.com\\/checkout-link-v2\\/1a32c1d41d1d46aba820ae6520d412c920252002162055999\",\"expired_date\":\"20250702172055\",\"expired_datetime\":\"2025-07-02T10:20:55Z\"},\"customer\":{\"id\":\"9f4aff50-af3f-452f-ab7f-d20f7e3c428f\",\"email\":\"benisyach32@gmail.com\",\"name\":\"BeniSyach\",\"address\":\"indonesia\",\"country\":\"ID\"},\"additional_info\":{\"origin\":{\"product\":\"CHECKOUT\",\"system\":\"mid-jokul-checkout-system\",\"apiFormat\":\"JOKUL\",\"source\":\"direct\"}},\"uuid\":2.225250702162056e+39,\"headers\":{\"request_id\":\"1838f909-7f1b-4c22-958e-1848c280ef6d\",\"signature\":\"HMACSHA256=bP2XH838CTBX0VVftjsZ\\/BV2DTVUG52ZMd1\\/80f2mmA=\",\"date\":\"2025-07-02T09:20:55Z\",\"client_id\":\"BRN-0232-1740930787544\"}}}', NULL, NULL, 'DOKU', NULL, NULL, 0.00, '2025-07-02 15:59:15', '2025-07-02 16:20:56', NULL, '9f4af185-bf21-41bc-aac7-5eefe6174aa1', '9f4aff50-af3f-452f-ab7f-d20f7e3c428f', NULL, NULL);
INSERT INTO `orders` VALUES ('9f4b1c1b-e4af-4ea7-af44-d1b8e7d5c28d', 'R5H8BW02072025', '9f4b1c1b-e03b-4633-80f6-f912f888aa7c', 725000.00, '2025-07-02 16:43:49', NULL, NULL, '1', '{\"message\":[\"SUCCESS\"],\"response\":{\"order\":{\"amount\":\"725000\",\"invoice_number\":\"R5H8BW02072025\",\"currency\":\"IDR\",\"session_id\":\"5ba54b2fc47a4f7b859937e87fb4d6ad\",\"callback_url\":\"http:\\/\\/localhost:8000\\/orders\\/9f4b1c1b-e4af-4ea7-af44-d1b8e7d5c28d\"},\"payment\":{\"payment_method_types\":[\"PEER_TO_PEER_KREDIVO\",\"VIRTUAL_ACCOUNT_BCA\",\"JENIUS_PAY\",\"QRIS\",\"EMONEY_OVO\",\"ONLINE_TO_OFFLINE_ALFA\",\"OCTO_CLICKS\",\"CREDIT_CARD\",\"EMONEY_DOKU\",\"VIRTUAL_ACCOUNT_BANK_MANDIRI\",\"PEER_TO_PEER_AKULAKU\",\"ONLINE_TO_OFFLINE_INDOMARET\",\"EPAY_BRI\",\"PEER_TO_PEER_INDODANA\",\"EMONEY_LINKAJA\",\"VIRTUAL_ACCOUNT_BRI\",\"VIRTUAL_ACCOUNT_BNI\",\"EMONEY_SHOPEE_PAY\",\"VIRTUAL_ACCOUNT_BANK_PERMATA\",\"VIRTUAL_ACCOUNT_DOKU\",\"VIRTUAL_ACCOUNT_BANK_CIMB\",\"VIRTUAL_ACCOUNT_BANK_DANAMON\",\"VIRTUAL_ACCOUNT_BANK_SYARIAH_MANDIRI\",\"VIRTUAL_ACCOUNT_MAYBANK\",\"PERMATA_NET\",\"PEER_TO_PEER_BRI_CERIA\",\"KARTU_KREDIT_INDONESIA\",\"EMONEY_DANA\",\"VIRTUAL_ACCOUNT_BTN\",\"DIRECT_DEBIT_MANDIRI\",\"DIRECT_DEBIT_BRI\",\"DIRECT_DEBIT_CIMB\",\"VIRTUAL_ACCOUNT_BSS\",\"VIRTUAL_ACCOUNT_SINARMAS\",\"VIRTUAL_ACCOUNT_BNC\"],\"payment_due_date\":60,\"token_id\":\"5ba54b2fc47a4f7b859937e87fb4d6ad20254302164352265\",\"url\":\"https:\\/\\/staging.doku.com\\/checkout-link-v2\\/5ba54b2fc47a4f7b859937e87fb4d6ad20254302164352265\",\"expired_date\":\"20250702174352\",\"expired_datetime\":\"2025-07-02T10:43:52Z\"},\"customer\":{\"id\":\"9f4b1c1b-e03b-4633-80f6-f912f888aa7c\",\"email\":\"fdgdfg@gmail.com\",\"name\":\"BeniSyach\",\"address\":\"\",\"country\":\"ID\"},\"additional_info\":{\"origin\":{\"product\":\"CHECKOUT\",\"system\":\"mid-jokul-checkout-system\",\"apiFormat\":\"JOKUL\",\"source\":\"direct\"}},\"uuid\":2.225250702164352e+39,\"headers\":{\"request_id\":\"ffb93d74-a788-4042-8b15-d4e5c1894e41\",\"signature\":\"HMACSHA256=5rdEl+BCHalBGwX8jju9fKyuWZPbUONYoQ10pByDEtU=\",\"date\":\"2025-07-02T09:43:52Z\",\"client_id\":\"BRN-0232-1740930787544\"}}}', NULL, NULL, 'DOKU', NULL, NULL, 0.00, '2025-07-02 16:43:49', '2025-07-02 16:43:52', NULL, '9f4af185-bf21-41bc-aac7-5eefe6174aa1', NULL, NULL, NULL);

-- ----------------------------
-- Table structure for pages
-- ----------------------------
DROP TABLE IF EXISTS `pages`;
CREATE TABLE `pages`  (
  `id` char(36) CHARACTER SET utf8mb4 COLLATE utf8mb4_unicode_ci NOT NULL,
  `key` varchar(191) CHARACTER SET utf8mb4 COLLATE utf8mb4_unicode_ci NOT NULL,
  `title` varchar(191) CHARACTER SET utf8mb4 COLLATE utf8mb4_unicode_ci NULL DEFAULT NULL,
  `body` text CHARACTER SET utf8mb4 COLLATE utf8mb4_unicode_ci NULL,
  `meta_tag` varchar(191) CHARACTER SET utf8mb4 COLLATE utf8mb4_unicode_ci NULL DEFAULT NULL,
  `attribute` varchar(500) CHARACTER SET utf8mb4 COLLATE utf8mb4_unicode_ci NULL DEFAULT NULL,
  `flag` smallint NOT NULL DEFAULT 0,
  `created_at` timestamp NULL DEFAULT NULL,
  `updated_at` timestamp NULL DEFAULT NULL,
  `deleted_at` timestamp NULL DEFAULT NULL,
  `created_by` char(36) CHARACTER SET utf8mb4 COLLATE utf8mb4_unicode_ci NULL DEFAULT NULL,
  `updated_by` char(36) CHARACTER SET utf8mb4 COLLATE utf8mb4_unicode_ci NULL DEFAULT NULL,
  `deleted_by` char(36) CHARACTER SET utf8mb4 COLLATE utf8mb4_unicode_ci NULL DEFAULT NULL,
  `original_id` char(36) CHARACTER SET utf8mb4 COLLATE utf8mb4_unicode_ci NULL DEFAULT NULL,
  `lang` varchar(191) CHARACTER SET utf8mb4 COLLATE utf8mb4_unicode_ci NULL DEFAULT NULL,
  PRIMARY KEY (`id`) USING BTREE
) ENGINE = MyISAM AUTO_INCREMENT = 1 CHARACTER SET = utf8mb4 COLLATE = utf8mb4_unicode_ci ROW_FORMAT = Dynamic;

-- ----------------------------
-- Records of pages
-- ----------------------------
INSERT INTO `pages` VALUES ('9f4af185-f696-4834-b3da-c2ce69091a2a', 'term-of-service', 'Term Of Service', '<p dir=\"ltr\" style=\"text-align: justify;\"><strong>General Terms</strong><strong>&nbsp;</strong></p>\r\n<p dir=\"ltr\" style=\"text-align: justify;\">By accessing and placing an order with Nusa Travel, you confirm that you are in agreement with and bound by the terms of service contained in the Terms &amp; Conditions outlined below. These terms apply to the entire website and any email or other type of communication between you and Nusa Travel.</p>\r\n<p dir=\"ltr\" style=\"text-align: justify;\">Under no circumstances shall Nusa Travel team be liable for any direct, indirect, special, incidental or consequential damages, including, but not limited to, loss of data or profit, arising out of the use, or the inability to use, the materials on this site, even if Nusa Travel team or an authorized representative has been advised of the possibility of such damages. If your use of materials from this site results in the need for servicing, repair or correction of equipment or data, you assume any costs thereof.</p>\r\n<p dir=\"ltr\" style=\"text-align: justify;\">Nusa Travel will not be responsible for any outcome that may occur during the course of usage of our resources. We reserve the rights to change prices and revise the resources usage policy in any moment.<strong><br></strong></p>\r\n<p dir=\"ltr\" style=\"text-align: justify;\">&nbsp;</p>\r\n<p dir=\"ltr\" style=\"text-align: justify;\"><strong>License</strong><strong>&nbsp;</strong></p>\r\n<p dir=\"ltr\" style=\"text-align: justify;\">Nusa Travel grants you a revocable, non-exclusive, non-transferable, limited license to download, install and use the website strictly in accordance with the terms of this Agreement.</p>\r\n<p dir=\"ltr\" style=\"text-align: justify;\">These Terms &amp; Conditions are a contract between you and Nusa Travel (referred to in these Terms &amp; Conditions as \"Nusa Travel\", \"us\", \"we\" or \"our\"), the provider of the Nusa Travel website and the services accessible from the Nusa Travel website (which are collectively referred to in these Terms &amp; Conditions as the \"Nusa Travel Service\").</p>\r\n<p dir=\"ltr\" style=\"text-align: justify;\">You are agreeing to be bound by these Terms &amp; Conditions. If you do not agree to these Terms &amp; Conditions, please do not use the Nusa Travel Service. In these Terms &amp; Conditions, \"you\" refers both to you as an individual and to the entity you represent. If you violate any of these Terms &amp; Conditions, we reserve the right to cancel your account or block access to your account without notice.<strong><br></strong></p>\r\n<p dir=\"ltr\" style=\"text-align: justify;\">&nbsp;</p>\r\n<p dir=\"ltr\" style=\"text-align: justify;\"><strong>Meanings</strong><strong>&nbsp;</strong></p>\r\n<p dir=\"ltr\" style=\"text-align: justify;\">For this Terms &amp; Conditions:</p>\r\n<p dir=\"ltr\" style=\"text-align: justify;\">&nbsp;&nbsp;-Cookie:&nbsp;small amount of data generated by a website and saved by your web browser. It is used to identify your browser, provide analytics, remember information about you such as your language preference or login information.</p>\r\n<p dir=\"ltr\" style=\"text-align: justify;\">&nbsp;&nbsp;-Company: when this policy mentions &ldquo;Company,&rdquo; &ldquo;we,&rdquo; &ldquo;us,&rdquo; or &ldquo;our,&rdquo; it refers to PT. Nusa Satu Naga, (Jl. Kartika Plaza, Discovery mall Lt. 2 Block A 15-16-17, Kuta, Bali, Indonesia) that is responsible for your information under this Terms &amp; Conditions.</p>\r\n<p dir=\"ltr\" style=\"text-align: justify;\">&nbsp;&nbsp;-Country: where Nusa Travel or the owners/founders of Nusa Travel are based, in this case is Indonesia</p>\r\n<p dir=\"ltr\" style=\"text-align: justify;\">&nbsp;&nbsp;-Device:&nbsp;any internet connected device such as a phone, tablet, computer or any other device that can be used to visit Nusa Travel and use the services.</p>\r\n<p dir=\"ltr\" style=\"text-align: justify;\">&nbsp;&nbsp;-Service: refers to the service provided by Nusa Travel as described in the relative terms (if available) and on this platform.</p>\r\n<p dir=\"ltr\" style=\"text-align: justify;\">&nbsp;&nbsp;-Third-party service:&nbsp;refers to advertisers, contest sponsors, promotional and marketing partners, and others who provide our content or whose products or services we think may interest you.</p>\r\n<p dir=\"ltr\" style=\"text-align: justify;\">&nbsp;&nbsp;-Website: Nusa Travel.\"&rsquo;s\" site, which can be accessed via this URL: nusa.travel</p>\r\n<p dir=\"ltr\" style=\"text-align: justify;\">&nbsp;&nbsp;-You: a person or entity that is registered with Nusa Travel to use the Services.<strong><br></strong></p>\r\n<p dir=\"ltr\" style=\"text-align: justify;\">&nbsp;</p>\r\n<p dir=\"ltr\" style=\"text-align: justify;\"><strong>Restrictions</strong><strong>&nbsp;</strong></p>\r\n<p dir=\"ltr\" style=\"text-align: justify;\">You agree not to, and you will not permit others to:</p>\r\n<p dir=\"ltr\" style=\"text-align: justify;\">&nbsp;&nbsp;-License, sell, rent, lease, assign, distribute, transmit, host, outsource, disclose or otherwise commercially exploit the website or make the platform available to any third party.</p>\r\n<p dir=\"ltr\" style=\"text-align: justify;\">&nbsp;&nbsp;-Modify, make derivative works of, disassemble, decrypt, reverse compile or reverse engineer any part of the website.</p>\r\n<p dir=\"ltr\" style=\"text-align: justify;\">&nbsp;&nbsp;-Remove, alter or obscure any proprietary notice (including any notice of copyright or trademark) of Nusa Travel or its affiliates, partners, suppliers or the licensors of the website.<strong>&nbsp;</strong></p>\r\n<p dir=\"ltr\" style=\"text-align: justify;\">&nbsp;</p>\r\n<p dir=\"ltr\" style=\"text-align: justify;\"><strong>Return and Refund Policy</strong></p>\r\n<p dir=\"ltr\" style=\"text-align: justify;\">Thanks for shopping at Nusa Travel. We appreciate the fact that you like to buy the stuff we build. We also want to make sure you have a rewarding experience while you&rsquo;re exploring, evaluating, and purchasing our products.<strong>&nbsp;</strong></p>\r\n<p dir=\"ltr\" style=\"text-align: justify;\">As with any shopping experience, there are terms and conditions that apply to transactions at Nusa Travel. We&rsquo;ll be as brief as our attorneys will allow. The main thing to remember is that by placing an order or making a purchase at Nusa Travel, you agree to the terms along with Nusa Travel.\"&rsquo;s\" Privacy Policy.</p>\r\n<p dir=\"ltr\" style=\"text-align: justify;\">If, for any reason, You are not completely satisfied with any good or service that we provide, don\'t hesitate to contact us and we will discuss any of the issues you are going through with our product.</p>\r\n<p dir=\"ltr\" style=\"text-align: justify;\"><strong>Your Suggestions</strong><strong>&nbsp;</strong></p>\r\n<p dir=\"ltr\" style=\"text-align: justify;\">Any feedback, comments, ideas, improvements or suggestions (collectively, \"Suggestions\") provided by you to Nusa Travel with respect to the website shall remain the sole and exclusive property of Nusa Travel.</p>\r\n<p dir=\"ltr\" style=\"text-align: justify;\">Nusa Travel shall be free to use, copy, modify, publish, or redistribute the Suggestions for any purpose and in any way without any credit or any compensation to you.</p>\r\n<p dir=\"ltr\" style=\"text-align: justify;\"><strong>Your Consent</strong><strong>&nbsp;</strong></p>\r\n<p dir=\"ltr\" style=\"text-align: justify;\">We\'ve updated our Terms &amp; Conditions to provide you with complete transparency into what is being set when you visit our site and how it\'s being used. By using our website, registering an account, or making a purchase, you hereby consent to our Terms &amp; Conditions.</p>\r\n<p dir=\"ltr\" style=\"text-align: justify;\"><strong>Links to Other Websites</strong><strong>&nbsp;</strong></p>\r\n<p dir=\"ltr\" style=\"text-align: justify;\">This Terms &amp; Conditions applies only to the Services. The Services may contain links to other websites not operated or controlled by Nusa Travel. We are not responsible for the content, accuracy or opinions expressed in such websites, and such websites are not investigated, monitored or checked for accuracy or completeness by us. Please remember that when you use a link to go from the Services to another website, our Terms &amp; Conditions are no longer in effect. Your browsing and interaction on any other website, including those that have a link on our platform, is subject to that website&rsquo;s own rules and policies. Such third parties may use their own cookies or other methods to collect information about you.</p>\r\n<p dir=\"ltr\" style=\"text-align: justify;\"><strong>Cookies</strong></p>\r\n<p dir=\"ltr\" style=\"text-align: justify;\">Nusa Travel uses \"Cookies\" to identify the areas of our website that you have visited. A Cookie is a small piece of data stored on your computer or mobile device by your web browser. We use Cookies to enhance the performance and functionality of our website but are non-essential to their use. However, without these cookies, certain functionality like videos may become unavailable or you would be required to enter your login details every time you visit the website as we would not be able to remember that you had logged in previously. Most web browsers can be set to disable the use of Cookies. However, if you disable Cookies, you may not be able to access functionality on our website correctly or at all. We never place Personally Identifiable Information in Cookies.</p>\r\n<p dir=\"ltr\" style=\"text-align: justify;\">&nbsp;</p>\r\n<p dir=\"ltr\" style=\"text-align: justify;\"><strong>Changes To Our Terms &amp; Conditions</strong></p>\r\n<p dir=\"ltr\" style=\"text-align: justify;\">You acknowledge and agree that &lt;?=Nusa Travel;?&gt; may stop (permanently or temporarily) providing the Service (or any features within the Service) to you or to users generally at &lt;?=Nusa Travel;?&gt;&rsquo;s sole discretion, without prior notice to you. You may stop using the Service at any time. You do not need to specifically inform &lt;?=Nusa Travel;?&gt; when you stop using the Service. You acknowledge and agree that if &lt;?=Nusa Travel;?&gt; disables access to your account, you may be prevented from accessing the Service, your account details or any files or other materials which is contained in your account.<strong>&nbsp;</strong></p>\r\n<p dir=\"ltr\" style=\"text-align: justify;\">If we decide to change our Terms &amp; Conditions, we will post those changes on this page, and/or update the Terms &amp; Conditions modification date below.<strong><br></strong></p>\r\n<p dir=\"ltr\" style=\"text-align: justify;\">&nbsp;</p>\r\n<p dir=\"ltr\" style=\"text-align: justify;\"><strong>Modifications to Our website</strong><strong>&nbsp;</strong></p>\r\n<p dir=\"ltr\" style=\"text-align: justify;\">Nusa Travel reserves the right to modify, suspend or discontinue, temporarily or permanently, the website or any service to which it connects, with or without notice and without liability to you.<strong><br></strong></p>\r\n<p dir=\"ltr\" style=\"text-align: justify;\">&nbsp;</p>\r\n<p dir=\"ltr\" style=\"text-align: justify;\"><strong>Updates to Our website</strong><strong>&nbsp;</strong></p>\r\n<p dir=\"ltr\" style=\"text-align: justify;\">Nusa Travel may from time to time provide enhancements or improvements to the features/ functionality of the website, which may include patches, bug fixes, updates, upgrades and other modifications (\"Updates\").<strong>&nbsp;</strong></p>\r\n<p dir=\"ltr\" style=\"text-align: justify;\">Updates may modify or delete certain features and/or functionalities of the website. You agree that Nusa Travel has no obligation to (i) provide any Updates, or (ii) continue to provide or enable any particular features and/or functionalities of the website to you.</p>\r\n<p dir=\"ltr\" style=\"text-align: justify;\">You further agree that all Updates will be (i) deemed to constitute an integral part of the website, and (ii) subject to the terms and conditions of this Agreement.</p>\r\n<p style=\"text-align: justify;\"><strong>&nbsp;</strong></p>\r\n<p dir=\"ltr\" style=\"text-align: justify;\"><strong>Third-Party Services</strong></p>\r\n<p dir=\"ltr\" style=\"text-align: justify;\">We may display, include or make available third-party content (including data, information, applications and other products services) or provide links to third-party websites or services (\"Third- Party Services\").<strong>&nbsp;</strong></p>\r\n<p dir=\"ltr\" style=\"text-align: justify;\">You acknowledge and agree that Nusa Travel shall not be responsible for any Third-Party Services, including their accuracy, completeness, timeliness, validity, copyright compliance, legality, decency, quality or any other aspect thereof. Nusa Travel does not assume and shall not have any liability or responsibility to you or any other person or entity for any Third-Party Services.</p>\r\n<p dir=\"ltr\" style=\"text-align: justify;\">Third-Party Services and links thereto are provided solely as a convenience to you and you access and use them entirely at your own risk and subject to such third parties\' terms and conditions.<strong><br></strong></p>\r\n<p dir=\"ltr\" style=\"text-align: justify;\">&nbsp;</p>\r\n<p dir=\"ltr\" style=\"text-align: justify;\"><strong>Term and Termination</strong><strong>&nbsp;</strong></p>\r\n<p dir=\"ltr\" style=\"text-align: justify;\">This Agreement shall remain in effect until terminated by you or Nusa Travel.</p>\r\n<p dir=\"ltr\" style=\"text-align: justify;\">Nusa Travel may, in its sole discretion, at any time and for any or no reason, suspend or terminate this Agreement with or without prior notice.</p>\r\n<p dir=\"ltr\" style=\"text-align: justify;\">This Agreement will terminate immediately, without prior notice from Nusa Travel, in the event that you fail to comply with any provision of this Agreement. You may also terminate this Agreement by deleting the website and all copies thereof from your computer.</p>\r\n<p dir=\"ltr\" style=\"text-align: justify;\">Upon termination of this Agreement, you shall cease all use of the website and delete all copies of the website from your computer.</p>\r\n<p dir=\"ltr\" style=\"text-align: justify;\">Termination of this Agreement will not limit any of Nusa Travel\'s rights or remedies at law or in equity in case of breach by you (during the term of this Agreement) of any of your obligations under the present Agreement.</p>\r\n<p style=\"text-align: justify;\"><strong>&nbsp;</strong></p>\r\n<p dir=\"ltr\" style=\"text-align: justify;\"><strong>Copyright Infringement Notice</strong><strong>&nbsp;</strong></p>\r\n<p dir=\"ltr\" style=\"text-align: justify;\">If you are a copyright owner or such owner&rsquo;s agent and believe any material on our website constitutes an infringement on your copyright, please contact us setting forth the following information: (a) a physical or electronic signature of the copyright owner or a person authorized to act on his behalf; (b) identification of the material that is claimed to be infringing; (c) your contact information, including your address, telephone number, and an email; (d) a statement by you that you have a good faith belief that use of the material is not authorized by the copyright owners; and (e) the a statement that the information in the notification is accurate, and, under penalty of perjury you are authorized to act on behalf of the owner.<strong><br></strong></p>\r\n<p dir=\"ltr\" style=\"text-align: justify;\"><strong>Indemnification</strong><strong>&nbsp;</strong></p>\r\n<p dir=\"ltr\" style=\"text-align: justify;\">You agree to indemnify and hold Nusa Travel and its parents, subsidiaries, affiliates, officers, employees, agents, partners and licensors (if any) harmless from any claim or demand, including reasonable attorneys\' fees, due to or arising out of your: (a) use of the website; (b) violation of this Agreement or any law or regulation; or (c) violation of any right of a third party.</p>\r\n<p dir=\"ltr\" style=\"text-align: justify;\"><strong>No Warranties</strong></p>\r\n<p dir=\"ltr\" style=\"text-align: justify;\">The website is provided to you \"AS IS\" and \"AS AVAILABLE\" and with all faults and defects without warranty of any kind. To the maximum extent permitted under applicable law, Nusa Travel, on its own behalf and on behalf of its affiliates and its and their respective licensors and service providers, expressly disclaims all warranties, whether express, implied, statutory or otherwise, with respect to the website, including all implied warranties of merchantability, fitness for a particular purpose, title and non-infringement, and warranties that may arise out of course of dealing, course of performance, usage or trade practice. Without limitation to the foregoing, Nusa Travel provides no warranty or undertaking, and makes no representation of any kind that the website will meet your requirements, achieve any intended results, be compatible or work with any other software, , systems or services, operate without interruption, meet any performance or reliability standards or be error free or that any errors or defects can or will be corrected.</p>\r\n<p dir=\"ltr\" style=\"text-align: justify;\">Without limiting the foregoing, neither Nusa Travel nor any Nusa Travel\'s provider makes any representation or warranty of any kind, express or implied: (i) as to the operation or availability of the website, or the information, content, and materials or products included thereon; (ii) that the website will be uninterrupted or error-free; (iii) as to the accuracy, reliability, or currency of any information or content provided through the website; or (iv) that the website, its servers, the content, or e-mails sent from or on behalf of Nusa Travel are free of viruses, scripts, trojan horses, worms, malware, timebombs or other harmful components.<strong>&nbsp;</strong></p>\r\n<p dir=\"ltr\" style=\"text-align: justify;\">Some jurisdictions do not allow the exclusion of or limitations on implied warranties or the limitations on the applicable statutory rights of a consumer, so some or all of the above exclusions and limitations may not apply to you.</p>\r\n<p dir=\"ltr\" style=\"text-align: justify;\"><strong>Limitation of Liability</strong></p>\r\n<p dir=\"ltr\" style=\"text-align: justify;\">Notwithstanding any damages that you might incur, the entire liability of Nusa Travel and any of its suppliers under any provision of this Agreement and your exclusive remedy for all of the foregoing shall be limited to the amount actually paid by you for the website.<strong>&nbsp;</strong></p>\r\n<p dir=\"ltr\" style=\"text-align: justify;\">To the maximum extent permitted by applicable law, in no event shall Nusa Travel or its suppliers be liable for any special, incidental, indirect, or consequential damages whatsoever (including, but not limited to, damages for loss of profits, for loss of data or other information, for business interruption, for personal injury, for loss of privacy arising out of or in any way related to the use of or inability to use the website, third-party software and/or third-party hardware used with the website, or otherwise in connection with any provision of this Agreement), even if Nusa Travel or any supplier has been advised of the possibility of such damages and even if the remedy fails of its essential purpose.</p>\r\n<p dir=\"ltr\" style=\"text-align: justify;\">Some states/jurisdictions do not allow the exclusion or limitation of incidental or consequential damages, so the above limitation or exclusion may not apply to you.<strong><br></strong></p>\r\n<p dir=\"ltr\" style=\"text-align: justify;\"><strong>Severability</strong><strong>&nbsp;</strong></p>\r\n<p dir=\"ltr\" style=\"text-align: justify;\">If any provision of this Agreement is held to be unenforceable or invalid, such provision will be changed and interpreted to accomplish the objectives of such provision to the greatest extent possible under applicable law and the remaining provisions will continue in full force and effect.<strong>&nbsp;</strong></p>\r\n<p dir=\"ltr\" style=\"text-align: justify;\">This Agreement, together with the Privacy Policy and any other legal notices published by Nusa Travel on the Services, shall constitute the entire agreement between you and Nusa Travel concerning the Services. If any provision of this Agreement is deemed invalid by a court of competent jurisdiction, the invalidity of such provision shall not affect the validity of the remaining provisions of this Agreement, which shall remain in full force and effect. No waiver of any term of this Agreement shall be deemed a further or continuing waiver of such term or any other term, and Nusa Travel.\"&rsquo;s\" failure to assert any right or provision under this Agreement shall not constitute a waiver of such right or provision. YOU AND Nusa Travel AGREE THAT ANY CAUSE OF ACTION ARISING OUT OF OR RELATED TO THE SERVICES MUST COMMENCE WITHIN ONE (1) YEAR AFTER THE CAUSE OF ACTION ACCRUES. OTHERWISE, SUCH CAUSE OF ACTION IS PERMANENTLY BARRED.</p>\r\n<p dir=\"ltr\" style=\"text-align: justify;\"><strong>Waiver</strong></p>\r\n<p dir=\"ltr\" style=\"text-align: justify;\">Except as provided herein, the failure to exercise a right or to require performance of an obligation under this Agreement shall not effect a party\'s ability to exercise such right or require such performance at any time thereafter nor shall be the waiver of a breach constitute waiver of any subsequent breach.</p>\r\n<p dir=\"ltr\" style=\"text-align: justify;\">No failure to exercise, and no delay in exercising, on the part of either party, any right or any power under this Agreement shall operate as a waiver of that right or power. Nor shall any single or partial exercise of any right or power under this Agreement preclude further exercise of that or any other right granted herein. In the event of a conflict between this Agreement and any applicable purchase or other terms, the terms of this Agreement shall govern.</p>\r\n<p dir=\"ltr\" style=\"text-align: justify;\"><strong>Amendments to this Agreement</strong></p>\r\n<p dir=\"ltr\" style=\"text-align: justify;\">Nusa Travel reserves the right, at its sole discretion, to modify or replace this Agreement at any time. If a revision is material we will provide at least 30 days\' notice prior to any new terms taking effect. What constitutes a material change will be determined at our sole discretion.</p>\r\n<p dir=\"ltr\" style=\"text-align: justify;\">By continuing to access or use our website after any revisions become effective, you agree to be bound by the revised terms. If you do not agree to the new terms, you are no longer authorized to use Nusa Travel.<strong><br></strong></p>\r\n<p dir=\"ltr\" style=\"text-align: justify;\"><strong>Entire Agreement</strong><strong>&nbsp;</strong></p>\r\n<p dir=\"ltr\" style=\"text-align: justify;\">The Agreement constitutes the entire agreement between you and Nusa Travel regarding your use of the website and supersedes all prior and contemporaneous written or oral agreements between you and Nusa Travel.</p>\r\n<p dir=\"ltr\" style=\"text-align: justify;\">You may be subject to additional terms and conditions that apply when you use or purchase other Nusa Travel\'s&nbsp; services, which Nusa Travel will provide to you at the time of such use or purchase.</p>\r\n<p dir=\"ltr\" style=\"text-align: justify;\"><strong>Updates to Our Terms</strong><strong>&nbsp;</strong></p>\r\n<p dir=\"ltr\" style=\"text-align: justify;\">We may change our Service and policies, and we may need to make changes to these Terms so that they accurately reflect our Service and policies. Unless otherwise required by law, we will notify you (for example, through our Service) before we make changes to these Terms and give you an opportunity to review them before they go into effect. Then, if you continue to use the Service, you will be bound by the updated Terms. If you do not want to agree to these or any updated Terms, you can delete your account.<strong><br></strong></p>\r\n<p dir=\"ltr\" style=\"text-align: justify;\"><strong>Intellectual Property</strong><strong>&nbsp;</strong></p>\r\n<p dir=\"ltr\" style=\"text-align: justify;\">The website and its entire contents, features and functionality (including but not limited to all information, software, text, displays, images, video and audio, and the design, selection and arrangement thereof), are owned by Nusa Travel, its licensors or other providers of such material and are protected by Indonesia and international copyright, trademark, patent, trade secret and other intellectual property or proprietary rights laws. The material may not be copied, modified, reproduced, downloaded or distributed in any way, in whole or in part, without the express prior written permission of Nusa Travel, unless and except as is expressly provided in these Terms &amp; Conditions. Any unauthorized use of the material is prohibited.<strong><br></strong></p>\r\n<p dir=\"ltr\" style=\"text-align: justify;\"><strong>Agreement to Arbitrate</strong><strong>&nbsp;</strong></p>\r\n<p dir=\"ltr\" style=\"text-align: justify;\">This section applies to any dispute EXCEPT IT DOESN&rsquo;T INCLUDE A DISPUTE RELATING TO CLAIMS FOR INJUNCTIVE OR EQUITABLE RELIEF REGARDING THE ENFORCEMENT OR VALIDITY OF YOUR OR Nusa Travel.\"&rsquo;s\" INTELLECTUAL PROPERTY RIGHTS. The term &ldquo;dispute&rdquo; means any dispute, action, or other controversy between you and Nusa Travel concerning the Services or this agreement, whether in contract, warranty, tort, statute, regulation, ordinance, or any other legal or equitable basis. &ldquo;Dispute&rdquo; will be given the broadest possible meaning allowable under law.</p>\r\n<p dir=\"ltr\" style=\"text-align: justify;\"><strong>Notice of Dispute</strong><strong>&nbsp;</strong></p>\r\n<p dir=\"ltr\" style=\"text-align: justify;\">In the event of a dispute, you or Nusa Travel must give the other a Notice of Dispute, which is a written statement that sets forth the name, address, and contact information of the party giving it, the facts giving rise to the dispute, and the relief requested. You must send any Notice of Dispute via email to: business@nusa.travel. Nusa Travel will send any Notice of Dispute to you by mail to your address if we have it, or otherwise to your email address. You and Nusa Travel will attempt to resolve any dispute through informal negotiation within sixty (60) days from the date the Notice of Dispute is sent. After sixty (60) days, you or Nusa Travel may commence arbitration.<strong><br></strong></p>\r\n<p dir=\"ltr\" style=\"text-align: justify;\"><strong>Binding Arbitration</strong><strong>&nbsp;</strong></p>\r\n<p dir=\"ltr\" style=\"text-align: justify;\">If you and Nusa Travel don&rsquo;t resolve any dispute by informal negotiation, any other effort to resolve the dispute will be conducted exclusively by binding arbitration as described in this section. You are giving up the right to litigate (or participate in as a party or class member) all disputes in court before a judge or jury. The dispute shall be settled by binding arbitration in accordance with the commercial arbitration rules of the American Arbitration Association. Either party may seek any interim or preliminary injunctive relief from any court of competent jurisdiction, as necessary to protect the party&rsquo;s rights or property pending the completion of arbitration. Any and all legal, accounting, and other costs, fees, and expenses incurred by the prevailing party shall be borne by the non-prevailing party.</p>\r\n<p dir=\"ltr\" style=\"text-align: justify;\"><strong>Submissions and Privacy</strong><strong>&nbsp;</strong></p>\r\n<p dir=\"ltr\" style=\"text-align: justify;\">In the event that you submit or post any ideas, creative suggestions, designs, photographs, information, advertisements, data or proposals, including ideas for new or improved products, services, features, technologies or promotions, you expressly agree that such submissions will automatically be treated as non-confidential and non-proprietary and will become the sole property of Nusa Travel without any compensation or credit to you whatsoever. Nusa Travel and its affiliates shall have no obligations with respect to such submissions or posts and may use the ideas contained in such submissions or posts for any purposes in any medium in perpetuity, including, but not limited to, developing, manufacturing, and marketing products and services using such ideas.</p>\r\n<p dir=\"ltr\" style=\"text-align: justify;\"><strong>Promotions</strong></p>\r\n<p dir=\"ltr\" style=\"text-align: justify;\">Nusa Travel may, from time to time, include contests, promotions, sweepstakes, or other activities (&ldquo;Promotions&rdquo;) that require you to submit material or information concerning yourself. Please note that all Promotions may be governed by separate rules that may contain certain eligibility requirements, such as restrictions as to age and geographic location. You are responsible to read all Promotions rules to determine whether or not you are eligible to participate. If you enter any Promotion, you agree to abide by and to comply with all Promotions Rules.</p>\r\n<p dir=\"ltr\" style=\"text-align: justify;\">Additional terms and conditions may apply to purchases of goods or services on or through the Services, which terms and conditions are made a part of this Agreement by this reference.<strong><br></strong></p>\r\n<p dir=\"ltr\" style=\"text-align: justify;\"><strong>Typographical Errors</strong><strong>&nbsp;</strong></p>\r\n<p dir=\"ltr\" style=\"text-align: justify;\">In the event a product and/or service is listed at an incorrect price or with incorrect information due to typographical error, we shall have the right to refuse or cancel any orders placed for the product and/or service listed at the incorrect price. We shall have the right to refuse or cancel any such order whether or not the order has been confirmed and your credit card charged. If your credit card has already been charged for the purchase and your order is canceled, we shall immediately issue a credit to your credit card account or other payment account in the amount of the charge.<strong><br></strong></p>\r\n<p dir=\"ltr\" style=\"text-align: justify;\"><strong>Miscellaneous</strong><strong>&nbsp;</strong></p>\r\n<p dir=\"ltr\" style=\"text-align: justify;\">If for any reason a court of competent jurisdiction finds any provision or portion of these Terms &amp; Conditions to be unenforceable, the remainder of these Terms &amp; Conditions will continue in full force and effect. Any waiver of any provision of these Terms &amp; Conditions will be effective only if in writing and signed by an authorized representative of Nusa Travel. Nusa Travel will be entitled to injunctive or other equitable relief (without the obligations of posting any bond or surety) in the event of any breach or anticipatory breach by you. Nusa Travel operates and controls the Nusa Travel Service from its offices in Indonesia. The Service is not intended for distribution to or use by any person or entity in any jurisdiction or country where such distribution or use would be contrary to law or regulation. Accordingly, those persons who choose to access the Nusa Travel Service from other locations do so on their own initiative and are solely responsible for compliance with local laws, if and to the extent local laws are applicable. These Terms &amp; Conditions (which include and incorporate the Nusa Travel Privacy Policy) contains the entire understanding, and supersedes all prior understandings, between you and Nusa Travel concerning its subject matter, and cannot be changed or modified by you. The section headings used in this Agreement are for convenience only and will not be given any legal import.</p>\r\n<p dir=\"ltr\" style=\"text-align: justify;\"><strong>Disclaimer&nbsp;</strong></p>\r\n<p dir=\"ltr\" style=\"text-align: justify;\">Nusa Travel is not responsible for any content, code or any other imprecision.<strong>&nbsp;</strong></p>\r\n<p dir=\"ltr\" style=\"text-align: justify;\">Nusa Travel does not provide warranties or guarantees.</p>\r\n<p dir=\"ltr\" style=\"text-align: justify;\">In no event shall Nusa Travel be liable for any special, direct, indirect, consequential, or incidental damages or any damages whatsoever, whether in an action of contract, negligence or other tort, arising out of or in connection with the use of the Service or the contents of the Service. Nusa Travel reserves the right to make additions, deletions, or modifications to the contents on the Service at any time without prior notice.</p>\r\n<p dir=\"ltr\" style=\"text-align: justify;\">The Nusa Travel Service and its contents are provided \"as is\" and \"as available\" without any warranty or representations of any kind, whether express or implied. Nusa Travel is a distributor and not a publisher of the content supplied by third parties; as such, Nusa Travel exercises no editorial control over such content and makes no warranty or representation as to the accuracy, reliability or currency of any information, content, service or merchandise provided through or accessible via the Nusa Travel Service. Without limiting the foregoing, Nusa Travel specifically disclaims all warranties and representations in any content transmitted on or in connection with the Nusa Travel Service or on sites that may appear as links on the Nusa Travel Service, or in the products provided as a part of, or otherwise in connection with, the Nusa Travel Service, including without limitation any warranties of merchantability, fitness for a particular purpose or non-infringement of third party rights. No oral advice or written information given by Nusa Travel or any of its affiliates, employees, officers, directors, agents, or the like will create a warranty. Price and availability information is subject to change without notice. Without limiting the foregoing, Nusa Travel does not warrant that the Nusa Travel Service will be uninterrupted, uncorrupted, timely, or error-free.<strong><br></strong></p>\r\n<p dir=\"ltr\" style=\"text-align: justify;\">&nbsp;</p>\r\n<p dir=\"ltr\" style=\"text-align: justify;\"><strong>Contact Us</strong><strong>&nbsp;</strong></p>\r\n<p dir=\"ltr\" style=\"text-align: justify;\">Don\'t hesitate to contact us if you have any questions.</p>\r\n<p dir=\"ltr\" style=\"text-align: justify;\">&nbsp;-Via Email:&nbsp; business@nusa.travel</p>\r\n<p dir=\"ltr\" style=\"text-align: justify;\">&nbsp;-Via Phone Number:&nbsp; 6287820231626</p>\r\n<p dir=\"ltr\" style=\"text-align: justify;\">&nbsp;-Via this Link:&nbsp; https://nusa.travel</p>\r\n<p dir=\"ltr\" style=\"text-align: justify;\">&nbsp;-Via this Address: Jl. Kartika Plaza, Discovery mall Lt. 2 Block A 15-16-17, Kuta, Bali, Indonesia</p>\r\n<p style=\"text-align: justify;\"><strong id=\"docs-internal-guid-7e8668fc-7fff-3410-2b29-4b09aafa0a41\"><br><br></strong></p>', NULL, NULL, 0, '2025-07-02 14:44:44', '2025-07-02 14:44:44', NULL, NULL, NULL, NULL, NULL, NULL);
INSERT INTO `pages` VALUES ('9f4af185-faf9-4ce0-9ae2-3f8e14306962', 'privacy-policy', 'Privacy Policy', '<p dir=\"ltr\" style=\"text-align: justify;\">Nusa Travel (&ldquo;we,&rdquo; &ldquo;our,&rdquo; or &ldquo;us&rdquo;) is committed to protecting your privacy. This Privacy Policy explains how your personal information is collected, used, and disclosed by Nusa Travel.<strong>&nbsp;</strong></p>\r\n<p dir=\"ltr\" style=\"text-align: justify;\">This Privacy Policy applies to our website, and its associated subdomains (collectively, our &ldquo;Service&rdquo;) alongside our application, Nusa Travel. By accessing or using our Service, you signify that you have read, understood, and agree to our collection, storage, use, and disclosure of your personal information as described in this Privacy Policy and our Terms of Service.</p>\r\n<p dir=\"ltr\" style=\"text-align: justify;\"><strong>Definitions and key terms</strong></p>\r\n<p dir=\"ltr\" style=\"text-align: justify;\">To help explain things as clearly as possible in this Privacy Policy, every time any of these terms are referenced, are strictly defined as:</p>\r\n<p dir=\"ltr\" style=\"text-align: justify;\">&nbsp;&nbsp;-Cookie:&nbsp;small amount of data generated by a website and saved by your web browser. It is used to identify your browser, provide analytics, remember information about you such as your language preference or login information.</p>\r\n<p dir=\"ltr\" style=\"text-align: justify;\">&nbsp;&nbsp;-Company: when this policy mentions &ldquo;Company,&rdquo; &ldquo;we,&rdquo; &ldquo;us,&rdquo; or &ldquo;our,&rdquo; it refers to PT. Nusa Satu Naga, (Jl. Kartika Plaza, Discovery mall Lt. 2 Block A 15-16-17, Kuta, Bali, Indonesia) that is responsible for your information under this Privacy Policy.</p>\r\n<p dir=\"ltr\" style=\"text-align: justify;\">&nbsp;&nbsp;-Country: where Nusa Travel or the owners/founders of Nusa Travel are based, in this case is Indonesia</p>\r\n<p dir=\"ltr\" style=\"text-align: justify;\">&nbsp;&nbsp;-Customer:&nbsp;refers to the company, organization or person that signs up to use the Nusa Travel Service to manage the relationships with your consumers or service users.</p>\r\n<p dir=\"ltr\" style=\"text-align: justify;\">&nbsp;&nbsp;-Device:&nbsp;any internet connected device such as a phone, tablet, computer or any other device that can be used to visit Nusa Travel and use the services.</p>\r\n<p dir=\"ltr\" style=\"text-align: justify;\">&nbsp;&nbsp;-IP address: Every device connected to the Internet is assigned a number known as an Internet protocol (IP) address. These numbers are usually assigned in geographic blocks. An IP address can often be used to identify the location from which a device is connecting to the Internet.</p>\r\n<p dir=\"ltr\" style=\"text-align: justify;\">&nbsp;&nbsp;-Personnel:&nbsp;refers to those individuals who are employed by Nusa Travel or are under contract to perform a service on behalf of one of the parties.</p>\r\n<p dir=\"ltr\" style=\"text-align: justify;\">&nbsp;&nbsp;-Personal Data: any information that directly, indirectly, or in connection with other information &mdash; including a personal identification number &mdash; allows for the identification or identifiability of a natural person.</p>\r\n<p dir=\"ltr\" style=\"text-align: justify;\">&nbsp;&nbsp;-Service: refers to the service provided by Nusa Travel as described in the relative terms (if available) and on this platform.</p>\r\n<p dir=\"ltr\" style=\"text-align: justify;\">&nbsp;&nbsp;-Third-party service:&nbsp;refers to advertisers, contest sponsors, promotional and marketing partners, and others who provide our content or whose products or services we think may interest you.</p>\r\n<p dir=\"ltr\" style=\"text-align: justify;\">&nbsp;&nbsp;-Website: Nusa Travel.\"&rsquo;s\" site, which can be accessed via this URL: nusa.travel</p>\r\n<p dir=\"ltr\" style=\"text-align: justify;\">&nbsp;&nbsp;-You: a person or entity that is registered with Nusa Travel to use the Services.</p>\r\n<p dir=\"ltr\" style=\"text-align: justify;\"><strong>What Information Do We Collect?</strong><strong>&nbsp;</strong></p>\r\n<p dir=\"ltr\" style=\"text-align: justify;\">We collect information from you when you visit our website, register on our site, place an order, subscribe to our newsletter, respond to a survey or fill out a form.</p>\r\n<p dir=\"ltr\" style=\"text-align: justify;\">&nbsp;&nbsp;-Name / Username</p>\r\n<p dir=\"ltr\" style=\"text-align: justify;\">&nbsp;&nbsp;-Phone Numbers</p>\r\n<p dir=\"ltr\" style=\"text-align: justify;\">&nbsp;&nbsp;-Email Addresses</p>\r\n<p dir=\"ltr\" style=\"text-align: justify;\">&nbsp;&nbsp;-Billing Addresses</p>\r\n<p dir=\"ltr\" style=\"text-align: justify;\">&nbsp;&nbsp;-Debit/credit card numbers</p>\r\n<p dir=\"ltr\" style=\"text-align: justify;\">&nbsp;&nbsp;-Age<strong>&nbsp;</strong></p>\r\n<p dir=\"ltr\" style=\"text-align: justify;\">We also collect information from mobile devices for a better user experience, although these features are completely optional:</p>\r\n<p dir=\"ltr\" style=\"text-align: justify;\">&nbsp;</p>\r\n<p dir=\"ltr\" style=\"text-align: justify;\"><strong>How Do We Use The Information We Collect?</strong></p>\r\n<p dir=\"ltr\" style=\"text-align: justify;\">Any of the information we collect from you may be used in one of the following ways:</p>\r\n<p dir=\"ltr\" style=\"text-align: justify;\">&nbsp;&nbsp;-To personalize your experience (your information helps us to better respond to your individual needs)</p>\r\n<p dir=\"ltr\" style=\"text-align: justify;\">&nbsp;&nbsp;-To improve our website (we continually strive to improve our website offerings based on the information and feedback we receive from you)</p>\r\n<p dir=\"ltr\" style=\"text-align: justify;\">&nbsp;&nbsp;-To improve customer service (your information helps us to more effectively respond to your customer service requests and support needs)</p>\r\n<p dir=\"ltr\" style=\"text-align: justify;\">&nbsp;&nbsp;-To process transactions</p>\r\n<p dir=\"ltr\" style=\"text-align: justify;\">&nbsp;&nbsp;-To administer a contest, promotion, survey or other site feature</p>\r\n<p dir=\"ltr\" style=\"text-align: justify;\">&nbsp;&nbsp;-To send periodic emails</p>\r\n<p dir=\"ltr\" style=\"text-align: justify;\"><strong>When does Nusa Travel use end user information from third parties?</strong></p>\r\n<p dir=\"ltr\" style=\"text-align: justify;\">Nusa Travel will collect End User Data necessary to provide the Nusa Travel services to our customers.</p>\r\n<p dir=\"ltr\" style=\"text-align: justify;\">End users may voluntarily provide us with information they have made available on social media websites. If you provide us with any such information, we may collect publicly available information from the social media websites you have indicated. You can control how much of your information social media websites make public by visiting these websites and changing your privacy settings.</p>\r\n<p dir=\"ltr\" style=\"text-align: justify;\"><strong>When does Nusa Travel use customer information from third parties?</strong></p>\r\n<p dir=\"ltr\" style=\"text-align: justify;\">We receive some information from the third parties when you contact us. For example, when you submit your email address to us to show interest in becoming a Nusa Travel customer, we receive information from a third party that provides automated fraud detection services to Nusa Travel. We also occasionally collect information that is made publicly available on social media websites. You can control how much of your information social media websites make public by visiting these websites and changing your privacy settings.</p>\r\n<p dir=\"ltr\" style=\"text-align: justify;\"><strong>Do we share the information we collect with third parties?</strong></p>\r\n<p dir=\"ltr\" style=\"text-align: justify;\">We may share the information that we collect, both personal and non-personal, with third parties such as advertisers, contest sponsors, promotional and marketing partners, and others who provide our content or whose products or services we think may interest you. We may also share it with our current and future affiliated companies and business partners, and if we are involved in a merger, asset sale or other business reorganization, we may also share or transfer your personal and non-personal information to our successors-in-interest.<strong>&nbsp;</strong></p>\r\n<p dir=\"ltr\" style=\"text-align: justify;\">We may engage trusted third party service providers to perform functions and provide services to us, such as hosting and maintaining our servers and the website, database storage and management, e-mail management, storage marketing, credit card processing, customer service and fulfilling orders for products and services you may purchase through the website. We will likely share your personal information, and possibly some non-personal information, with these third parties to enable them to perform these services for us and for you.</p>\r\n<p dir=\"ltr\" style=\"text-align: justify;\">We may share portions of our log file data, including IP addresses, for analytics purposes with third parties such as web analytics partners, application developers, and ad networks. If your IP address is shared, it may be used to estimate general location and other technographics such as connection speed, whether you have visited the website in a shared location, and type of the device used to visit the website. They may aggregate information about our advertising and what you see on the website and then provide auditing, research and reporting for us and our advertisers. <strong>&nbsp;</strong></p>\r\n<p dir=\"ltr\" style=\"text-align: justify;\">We may also disclose personal and non-personal information about you to government or law enforcement officials or private parties as we, in our sole discretion, believe necessary or appropriate in order to respond to claims, legal process (including subpoenas), to protect our rights and interests or those of a third party, the safety of the public or any person, to prevent or stop any illegal, unethical, or legally actionable activity, or to otherwise comply with applicable court orders, laws, rules and regulations.&nbsp;<strong><br></strong></p>\r\n<p dir=\"ltr\" style=\"text-align: justify;\"><strong>Where and when is information collected from customers and end users?</strong><strong>&nbsp;</strong></p>\r\n<p dir=\"ltr\" style=\"text-align: justify;\">Nusa Travel will collect personal information that you submit to us. We may also receive personal information about you from third parties as described above.</p>\r\n<p dir=\"ltr\" style=\"text-align: justify;\"><strong>How Do We Use Your Email Address?</strong></p>\r\n<p dir=\"ltr\" style=\"text-align: justify;\">By submitting your email address on this website, you agree to receive emails from us. You can cancel your participation in any of these email lists at any time by clicking on the opt-out link or other unsubscribe option that is included in the respective email. We only send emails to people who have authorized us to contact them, either directly, or through a third party. We do not send unsolicited commercial emails, because we hate spam as much as you do. By submitting your email address, you also agree to allow us to use your email address for customer audience targeting on sites like Facebook, where we display custom advertising to specific people who have opted-in to receive communications from us. Email addresses submitted only through the order processing page will be used for the sole purpose of sending you information and updates pertaining to your order. If, however, you have provided the same email to us through another method, we may use it for any of the purposes stated in this Policy. Note: If at any time you would like to unsubscribe from receiving future emails, we include detailed unsubscribe instructions at the bottom of each email.<strong><br></strong></p>\r\n<p dir=\"ltr\" style=\"text-align: justify;\"><strong>How Long Do We Keep Your Information?</strong></p>\r\n<p dir=\"ltr\" style=\"text-align: justify;\">We keep your information only so long as we need it to provide Nusa Travel to you and fulfill the purposes described in this policy. This is also the case for anyone that we share your information with and who carries out services on our behalf. When we no longer need to use your information and there is no need for us to keep it to comply with our legal or regulatory obligations, we&rsquo;ll either remove it from our systems or depersonalize it so that we can\'t identify you.</p>\r\n<p dir=\"ltr\" style=\"text-align: justify;\"><strong>How Do We Protect Your Information?</strong><strong>&nbsp;</strong></p>\r\n<p dir=\"ltr\" style=\"text-align: justify;\">We implement a variety of security measures to maintain the safety of your personal information when you place an order or enter, submit, or access your personal information. We offer the use of a secure server. All supplied sensitive/credit information is transmitted via Secure Socket Layer (SSL) technology and then encrypted into our Payment gateway providers database only to be accessible by those authorized with special access rights to such systems, and are required to keep the information confidential. After a transaction, your private information (credit cards, social security numbers, financials, etc.) is never kept on file. We cannot, however, ensure or warrant the absolute security of any information you transmit to Nusa Travel or guarantee that your information on the Service may not be accessed, disclosed, altered, or destroyed by a breach of any of our physical, technical, or managerial safeguards.</p>\r\n<p dir=\"ltr\" style=\"text-align: justify;\"><strong>Could my information be transferred to other countries?</strong></p>\r\n<p dir=\"ltr\" style=\"text-align: justify;\">Nusa Travel is incorporated in Indonesia. Information collected via our website, through direct interactions with you, or from use of our help services may be transferred from time to time to our offices or personnel, or to third parties, located throughout the world, and may be viewed and hosted anywhere in the world, including countries that may not have laws of general applicability regulating the use and transfer of such data. To the fullest extent allowed by applicable law, by using any of the above, you voluntarily consent to the trans-border transfer and hosting of such information.</p>\r\n<p dir=\"ltr\" style=\"text-align: justify;\"><strong>Is the information collected through the Nusa Travel Service secure?</strong><strong>&nbsp;</strong></p>\r\n<p dir=\"ltr\" style=\"text-align: justify;\">We take precautions to protect the security of your information. We have physical, electronic, and managerial procedures to help safeguard, prevent unauthorized access, maintain data security, and correctly use your information. However, neither people nor security systems are foolproof, including encryption systems. In addition, people can commit intentional crimes, make mistakes or fail to follow policies. Therefore, while we use reasonable efforts to protect your personal information, we cannot guarantee its absolute security. If applicable law imposes any non-disclaimable duty to protect your personal information, you agree that intentional misconduct will be the standards used to measure our compliance with that duty.</p>\r\n<p dir=\"ltr\" style=\"text-align: justify;\"><strong>Can I update or correct my information?</strong></p>\r\n<p dir=\"ltr\" style=\"text-align: justify;\">The rights you have to request updates or corrections to the information Nusa Travel collects depend on your relationship with Nusa Travel. Personnel may update or correct their information as detailed in our internal company employment policies.</p>\r\n<p dir=\"ltr\" style=\"text-align: justify;\">Customers have the right to request the restriction of certain uses and disclosures of personally identifiable information as follows. You can contact us in order to (1) update or correct your personally identifiable information, (2) change your preferences with respect to communications and other information you receive from us, or (3) delete the personally identifiable information maintained about you on our systems (subject to the following paragraph), by cancelling your account. Such updates, corrections, changes and deletions will have no effect on other information that we maintain, or information that we have provided to third parties in accordance with this Privacy Policy prior to such update, correction, change or deletion. To protect your privacy and security, we may take reasonable steps (such as requesting a unique password) to verify your identity before granting you profile access or making corrections. You are responsible for maintaining the secrecy of your unique password and account information at all times.</p>\r\n<p dir=\"ltr\" style=\"text-align: justify;\">You should be aware that it is not technologically possible to remove each and every record of the information you have provided to us from our system. The need to back up our systems to protect information from inadvertent loss means that a copy of your information may exist in a non-erasable form that will be difficult or impossible for us to locate. Promptly after receiving your request, all personal information stored in databases we actively use, and other readily searchable media will be updated, corrected, changed or deleted, as appropriate, as soon as and to the extent reasonably and technically practicable.<strong>&nbsp;</strong></p>\r\n<p dir=\"ltr\" style=\"text-align: justify;\">If you are an end user and wish to update, delete, or receive any information we have about you, you may do so by contacting the organization of which you are a customer.</p>\r\n<p dir=\"ltr\" style=\"text-align: justify;\"><strong>Personnel</strong><strong>&nbsp;</strong></p>\r\n<p dir=\"ltr\" style=\"text-align: justify;\">If you are a Nusa Travel worker or applicant, we collect information you voluntarily provide to us. We use the information collected for Human Resources purposes in order to administer benefits to workers and screen applicants.</p>\r\n<p dir=\"ltr\" style=\"text-align: justify;\">You may contact us in order to (1) update or correct your information, (2) change your preferences with respect to communications and other information you receive from us, or (3) receive a record of the information we have relating to you. Such updates, corrections, changes and deletions will have no effect on other information that we maintain, or information that we have provided to third parties in accordance with this Privacy Policy prior to such update, correction, change or deletion.<strong><br></strong></p>\r\n<p dir=\"ltr\" style=\"text-align: justify;\"><strong>Sale of Business</strong></p>\r\n<p dir=\"ltr\" style=\"text-align: justify;\">We reserve the right to transfer information to a third party in the event of a sale, merger or other transfer of all or substantially all of the assets of Nusa Travel or any of its Corporate Affiliates (as defined herein), or that portion of Nusa Travel or any of its Corporate Affiliates to which the Service relates, or in the event that we discontinue our business or file a petition or have filed against us a petition in bankruptcy, reorganization or similar proceeding, provided that the third party agrees to adhere to the terms of this Privacy Policy.</p>\r\n<p dir=\"ltr\" style=\"text-align: justify;\"><strong>Affiliates</strong><strong>&nbsp;</strong></p>\r\n<p dir=\"ltr\" style=\"text-align: justify;\">We may disclose information (including personal information) about you to our Corporate Affiliates. For purposes of this Privacy Policy, \"Corporate Affiliate\" means any person or entity which directly or indirectly controls, is controlled by or is under common control with Nusa Travel, whether by ownership or otherwise. Any information relating to you that we provide to our Corporate Affiliates will be treated by those Corporate Affiliates in accordance with the terms of this Privacy Policy.</p>\r\n<p dir=\"ltr\" style=\"text-align: justify;\"><strong>Governing Law</strong><strong>&nbsp;</strong></p>\r\n<p dir=\"ltr\" style=\"text-align: justify;\">This Privacy Policy is governed by the laws of Indonesia without regard to its conflict of laws provision. You consent to the exclusive jurisdiction of the courts in connection with any action or dispute arising between the parties under or in connection with this Privacy Policy except for those individuals who may have rights to make claims under Privacy Shield, or the Swiss-US framework.</p>\r\n<p dir=\"ltr\" style=\"text-align: justify;\">The laws of Indonesia, excluding its conflicts of law rules, shall govern this Agreement and your use of the website. Your use of the website may also be subject to other local, state, national, or international laws.</p>\r\n<p dir=\"ltr\" style=\"text-align: justify;\">By using Nusa Travel or contacting us directly, you signify your acceptance of this Privacy Policy. If you do not agree to this Privacy Policy, you should not engage with our website, or use our services. Continued use of the website, direct engagement with us, or following the posting of changes to this Privacy Policy that do not significantly affect the use or disclosure of your personal information will mean that you accept those changes.<strong><br></strong></p>\r\n<p dir=\"ltr\" style=\"text-align: justify;\"><strong>Your Consent</strong></p>\r\n<p dir=\"ltr\" style=\"text-align: justify;\">We\'ve updated our Privacy Policy to provide you with complete transparency into what is being set when you visit our site and how it\'s being used. By using our website, registering an account, or making a purchase, you hereby consent to our Privacy Policy and agree to its terms.<strong><br></strong></p>\r\n<p dir=\"ltr\" style=\"text-align: justify;\"><strong>Links to Other Websites</strong><strong>&nbsp;</strong></p>\r\n<p dir=\"ltr\" style=\"text-align: justify;\">This Privacy Policy applies only to the Services. The Services may contain links to other websites not operated or controlled by Nusa Travel. We are not responsible for the content, accuracy or opinions expressed in such websites, and such websites are not investigated, monitored or checked for accuracy or completeness by us. Please remember that when you use a link to go from the Services to another website, our Privacy Policy is no longer in effect. Your browsing and interaction on any other website, including those that have a link on our platform, is subject to that website&rsquo;s own rules and policies. Such third parties may use their own cookies or other methods to collect information about you.</p>\r\n<p dir=\"ltr\" style=\"text-align: justify;\"><strong>Cookies</strong><strong>&nbsp;</strong></p>\r\n<p dir=\"ltr\" style=\"text-align: justify;\">Nusa Travel uses \"Cookies\" to identify the areas of our website that you have visited. A Cookie is a small piece of data stored on your computer or mobile device by your web browser. We use Cookies to enhance the performance and functionality of our website but are non-essential to their use. However, without these cookies, certain functionality like videos may become unavailable or you would be required to enter your login details every time you visit the website as we would not be able to remember that you had logged in previously. Most web browsers can be set to disable the use of Cookies. However, if you disable Cookies, you may not be able to access functionality on our website correctly or at all. We never place Personally Identifiable Information in Cookies.</p>\r\n<p dir=\"ltr\" style=\"text-align: justify;\"><strong>Blocking and disabling cookies and similar technologies</strong></p>\r\n<p dir=\"ltr\" style=\"text-align: justify;\">Wherever you\'re located you may also set your browser to block cookies and similar technologies, but this action may block our essential cookies and prevent our website from functioning properly, and you may not be able to fully utilize all of its features and services. You should also be aware that you may also lose some saved information (e.g. saved login details, site preferences) if you block cookies on your browser. Different browsers make different controls available to you. Disabling a cookie or category of cookie does not delete the cookie from your browser, you will need to do this yourself from within your browser, you should visit your browser\'s help menu for more information.</p>\r\n<p dir=\"ltr\" style=\"text-align: justify;\"><strong>Remarketing Services</strong><strong>&nbsp;</strong></p>\r\n<p dir=\"ltr\" style=\"text-align: justify;\">We use remarketing services. What Is Remarketing? In digital marketing, remarketing (or retargeting) is the practice of serving ads across the internet to people who have already visited your website. It allows your company to seem like they\'re &ldquo;following&rdquo; people around the internet by serving ads on the websites and platforms they use most.</p>\r\n<p dir=\"ltr\" style=\"text-align: justify;\"><strong>Payment Details</strong><strong>&nbsp;</strong></p>\r\n<p dir=\"ltr\" style=\"text-align: justify;\">In respect to any credit card or other payment processing details you have provided us, we commit that this confidential information will be stored in the most secure manner possible.</p>\r\n<p dir=\"ltr\" style=\"text-align: justify;\"><strong>Kids\' Privacy</strong><strong>&nbsp;</strong></p>\r\n<p dir=\"ltr\" style=\"text-align: justify;\">We do not address anyone under the age of 13. We do not knowingly collect personally identifiable information from anyone under the age of 13. If You are a parent or guardian and You are aware that Your child has provided Us with Personal Data, please contact Us. If We become aware that We have collected Personal Data from anyone under the age of 13 without verification of parental consent, We take steps to remove that information from Our servers.<strong><br></strong></p>\r\n<p dir=\"ltr\" style=\"text-align: justify;\"><strong>Changes To Our Privacy Policy</strong><strong>&nbsp;</strong></p>\r\n<p dir=\"ltr\" style=\"text-align: justify;\">We may change our Service and policies, and we may need to make changes to this Privacy Policy so that they accurately reflect our Service and policies. Unless otherwise required by law, we will notify you (for example, through our Service) before we make changes to this Privacy Policy and give you an opportunity to review them before they go into effect. Then, if you continue to use the Service, you will be bound by the updated Privacy Policy. If you do not want to agree to this or any updated Privacy Policy, you can delete your account.</p>\r\n<p dir=\"ltr\" style=\"text-align: justify;\"><strong>Third-Party Services</strong><strong>&nbsp;</strong></p>\r\n<p dir=\"ltr\" style=\"text-align: justify;\">We may display, include or make available third-party content (including data, information, applications and other products services) or provide links to third-party websites or services (\"Third- Party Services\").</p>\r\n<p dir=\"ltr\" style=\"text-align: justify;\">You acknowledge and agree that Nusa Travel shall not be responsible for any Third-Party Services, including their accuracy, completeness, timeliness, validity, copyright compliance, legality, decency, quality or any other aspect thereof. Nusa Travel does not assume and shall not have any liability or responsibility to you or any other person or entity for any Third-Party Services.</p>\r\n<p dir=\"ltr\" style=\"text-align: justify;\">Third-Party Services and links thereto are provided solely as a convenience to you and you access and use them entirely at your own risk and subject to such third parties\' terms and conditions.<strong><br></strong></p>\r\n<p dir=\"ltr\" style=\"text-align: justify;\"><strong>Facebook Pixel</strong></p>\r\n<p dir=\"ltr\" style=\"text-align: justify;\">Facebook pixel is an analytics tool that allows you to measure the effectiveness of your advertising by understanding the actions people take on your website. You can use the pixel to: Make sure your ads are shown to the right people. Facebook pixel may collect information from your device when you use the service. Facebook pixel collects information that is held in accordance with its Privacy Policy</p>\r\n<p dir=\"ltr\" style=\"text-align: justify;\"><strong>Tracking Technologies</strong><strong>&nbsp;</strong></p>\r\n<p dir=\"ltr\" style=\"text-align: justify;\">&nbsp;&nbsp;-Google Maps API</p>\r\n<p dir=\"ltr\" style=\"text-align: justify;\">&nbsp;&nbsp;Google Maps API&nbsp;is a robust tool that can be used to create a custom&nbsp;map, a searchable&nbsp;map, check-in functions, display live data synching with location, plan routes, or create a mashup just to name a few.</p>\r\n<p dir=\"ltr\" style=\"text-align: justify;\">&nbsp;&nbsp;Google Maps API may collect information from You and from Your Device for security purposes.</p>\r\n<p dir=\"ltr\" style=\"text-align: justify;\">&nbsp;&nbsp;Google Maps API collects information that is held in accordance with its Privacy Policy</p>\r\n<p dir=\"ltr\" style=\"text-align: justify;\">&nbsp;&nbsp;-Cookies</p>\r\n<p dir=\"ltr\" style=\"text-align: justify;\">&nbsp;&nbsp;We use Cookies to enhance the performance and functionality of our website but are non-essential to their use. However, without these cookies, certain functionality like videos may become unavailable or you would be required to enter your login details every time you visit the website as we would not be able to remember that you had logged in previously.</p>\r\n<p dir=\"ltr\" style=\"text-align: justify;\">&nbsp;&nbsp;-Local Storage</p>\r\n<p dir=\"ltr\" style=\"text-align: justify;\">&nbsp;&nbsp;Local Storage sometimes known as DOM storage, provides web apps with methods and protocols for storing client-side data. Web storage supports persistent data storage, similar to cookies but with a greatly enhanced capacity and no information stored in the HTTP request header.</p>\r\n<p dir=\"ltr\" style=\"text-align: justify;\">&nbsp;&nbsp;-Sessions</p>\r\n<p dir=\"ltr\" style=\"text-align: justify;\">&nbsp;&nbsp;Nusa Travel uses \"Sessions\" to identify the areas of our website that you have visited. A Session is a small piece of data stored on your computer or mobile device by your web browser.</p>\r\n<p dir=\"ltr\" style=\"text-align: justify;\"><strong>Information about General Data Protection Regulation (GDPR)</strong></p>\r\n<p dir=\"ltr\" style=\"text-align: justify;\">We may be collecting and using information from you if you are from the European Economic Area (EEA), and in this section of our Privacy Policy we are going to explain exactly how and why is this data collected, and how we maintain this data under protection from being replicated or used in the wrong way.<strong><br></strong></p>\r\n<p dir=\"ltr\" style=\"text-align: justify;\"><strong>What is GDPR?</strong></p>\r\n<p dir=\"ltr\" style=\"text-align: justify;\">GDPR is an EU-wide privacy and data protection law that regulates how EU residents\' data is protected by companies and enhances the control the EU residents have, over their personal data.</p>\r\n<p dir=\"ltr\" style=\"text-align: justify;\">The GDPR is relevant to any globally operating company and not just the EU-based businesses and EU residents. Our customers&rsquo; data is important irrespective of where they are located, which is why we have implemented GDPR controls as our baseline standard for all our operations worldwide.</p>\r\n<p dir=\"ltr\" style=\"text-align: justify;\"><strong>What is personal data?</strong><strong>&nbsp;</strong></p>\r\n<p dir=\"ltr\" style=\"text-align: justify;\">Any data that relates to an identifiable or identified individual. GDPR covers a broad spectrum of information that could be used on its own, or in combination with other pieces of information, to identify a person. Personal data extends beyond a person&rsquo;s name or email address. Some examples include financial information, political opinions, genetic data, biometric data, IP addresses, physical address, sexual orientation, and ethnicity.</p>\r\n<p dir=\"ltr\" style=\"text-align: justify;\">The Data Protection Principles include requirements such as:</p>\r\n<p dir=\"ltr\" style=\"text-align: justify;\">&nbsp;&nbsp;-Personal data collected must be processed in a fair, legal, and transparent way and should only be used in a way that a person would reasonably expect.</p>\r\n<p dir=\"ltr\" style=\"text-align: justify;\">&nbsp;&nbsp;-Personal data should only be collected to fulfil a specific purpose and it should only be used for that purpose. Organizations must specify why they need the personal data when they collect it.</p>\r\n<p dir=\"ltr\" style=\"text-align: justify;\">&nbsp;&nbsp;-Personal data should be held no longer than necessary to fulfil its purpose.</p>\r\n<p dir=\"ltr\" style=\"text-align: justify;\">&nbsp;&nbsp;-People covered by the GDPR have the right to access their own personal data. They can also request a copy of their data, and that their data be updated, deleted, restricted, or moved to another organization.</p>\r\n<p dir=\"ltr\" style=\"text-align: justify;\"><strong>Why is GDPR important?</strong></p>\r\n<p dir=\"ltr\" style=\"text-align: justify;\">GDPR adds some new requirements regarding how companies should protect individuals\' personal data that they collect and process. It also raises the stakes for compliance by increasing enforcement and imposing greater fines for breach. Beyond these facts it\'s simply the right thing to do. At Nusa Travel we strongly believe that your data privacy is very important and we already have solid security and privacy practices in place that go beyond the requirements of this new regulation.</p>\r\n<p dir=\"ltr\" style=\"text-align: justify;\">Individual Data Subject\'s Rights - Data Access, Portability and Deletion</p>\r\n<p dir=\"ltr\" style=\"text-align: justify;\">We are committed to helping our customers meet the data subject rights requirements of GDPR. Nusa Travel processes or stores all personal data in fully vetted, DPA compliant vendors. We do store all conversation and personal data for up to 6 years unless your account is deleted. In which case, we dispose of all data in accordance with our Terms of Service and Privacy Policy, but we will not hold it longer than 60 days.<strong>&nbsp;</strong></p>\r\n<p dir=\"ltr\" style=\"text-align: justify;\">We are aware that if you are working with EU customers, you need to be able to provide them with the ability to access, update, retrieve and remove personal data. We got you! We\'ve been set up as self service from the start and have always given you access to your data and your customers data. Our customer support team is here for you to answer any questions you might have about working with the API.<strong><br></strong></p>\r\n<p dir=\"ltr\" style=\"text-align: justify;\"><strong>California Residents</strong></p>\r\n<p dir=\"ltr\" style=\"text-align: justify;\">The California Consumer Privacy Act (CCPA) requires us to disclose categories of Personal Information we collect and how we use it, the categories of sources from whom we collect Personal Information, and the third parties with whom we share it, which we have explained above.</p>\r\n<p dir=\"ltr\" style=\"text-align: justify;\">We are also required to communicate information about rights California residents have under California law. You may exercise the following rights:</p>\r\n<p dir=\"ltr\" style=\"text-align: justify;\">&nbsp;&nbsp;-Right to Know and Access. You may submit a verifiable request for information regarding the: (1) categories of Personal Information we collect, use, or share; (2) purposes for which categories of Personal Information are collected or used by us; (3) categories of sources from which we collect Personal Information; and (4) specific pieces of Personal Information we have collected about you.</p>\r\n<p dir=\"ltr\" style=\"text-align: justify;\">&nbsp;&nbsp;-Right to Equal Service. We will not discriminate against you if you exercise your privacy rights.</p>\r\n<p dir=\"ltr\" style=\"text-align: justify;\">&nbsp;&nbsp;-Right to Delete. You may submit a verifiable request to close your account and we will delete Personal Information about you that we have collected.</p>\r\n<p dir=\"ltr\" style=\"text-align: justify;\">&nbsp;&nbsp;-Request that a business that sells a consumer\'s personal data, not sell the consumer\'s personal data.</p>\r\n<p dir=\"ltr\" style=\"text-align: justify;\">If you make a request, we have one month to respond to you. If you would like to exercise any of these rights, please contact us.</p>\r\n<p dir=\"ltr\" style=\"text-align: justify;\">We do not sell the Personal Information of our users.</p>\r\n<p dir=\"ltr\" style=\"text-align: justify;\">For more information about these rights, please contact us.</p>\r\n<p dir=\"ltr\" style=\"text-align: justify;\">&nbsp;</p>\r\n<p dir=\"ltr\" style=\"text-align: justify;\"><strong>Contact Us</strong><strong>&nbsp;</strong></p>\r\n<p dir=\"ltr\" style=\"text-align: justify;\">Don\'t hesitate to contact us if you have any questions.</p>\r\n<p dir=\"ltr\" style=\"text-align: justify;\">&nbsp;-Via Email:&nbsp; business@nusa.travel</p>\r\n<p dir=\"ltr\" style=\"text-align: justify;\">&nbsp;-Via Phone Number:&nbsp; 6287820231626</p>\r\n<p dir=\"ltr\" style=\"text-align: justify;\">&nbsp;-Via this Link:&nbsp; https://nusa.travel/help</p>\r\n<p style=\"text-align: justify;\"><strong id=\"docs-internal-guid-c161d724-7fff-8b1a-af70-324f1b648316\"><br><br></strong></p>', NULL, NULL, 0, '2025-07-02 14:44:44', '2025-07-02 14:44:44', NULL, NULL, NULL, NULL, NULL, NULL);
INSERT INTO `pages` VALUES ('9f4af185-ff5b-4117-bc3a-ea53cf913dad', 'disclaimer', 'Disclaimer', '<p dir=\"ltr\" style=\"text-align: justify;\"><strong>Nusa Travel hereby grants you access to nusa.travel (&ldquo;the Website&rdquo;) and invites you to purchase the services offered here.<br></strong></p>\r\n<p dir=\"ltr\" style=\"text-align: justify;\">&nbsp;</p>\r\n<p dir=\"ltr\" style=\"text-align: justify;\"><strong>Definitions and key terms</strong><strong>&nbsp;</strong></p>\r\n<p dir=\"ltr\" style=\"text-align: justify;\">To help explain things as clearly as possible in this Disclaimer, every time any of these terms are referenced, are strictly defined as:</p>\r\n<p dir=\"ltr\" style=\"text-align: justify;\">&nbsp;&nbsp;-Cookie:&nbsp;small amount of data generated by a website and saved by your web browser. It is used to identify your browser, provide analytics, remember information about you such as your language preference or login information.</p>\r\n<p dir=\"ltr\" style=\"text-align: justify;\">&nbsp;&nbsp;-Company: when this policy mentions &ldquo;Company,&rdquo; &ldquo;we,&rdquo; &ldquo;us,&rdquo; or &ldquo;our,&rdquo; it refers to PT. Nusa Satu Naga, (PT. Nusa Satu Naga, Jl. Kartika Plaza, Discovery mall Lt. 2 Block A 15-16-17, Kuta, Bali, Indonesia) that is responsible for your information under this Disclaimer.</p>\r\n<p dir=\"ltr\" style=\"text-align: justify;\">&nbsp;&nbsp;-Service: refers to the service provided by Nusa Travel as described in the relative terms (if available) and on this platform.</p>\r\n<p dir=\"ltr\" style=\"text-align: justify;\">&nbsp;&nbsp;-Website: Nusa Travel.\"&rsquo;s\" site, which can be accessed via this URL: nusa.travel</p>\r\n<p dir=\"ltr\" style=\"text-align: justify;\">&nbsp;&nbsp;-You: a person or entity that is registered with Nusa Travel to use the Services.</p>\r\n<p dir=\"ltr\" style=\"text-align: justify;\"><strong>Limited liability</strong></p>\r\n<p dir=\"ltr\" style=\"text-align: justify;\">Nusa Travel endeavours to update and/or supplement the content of the website on a regular basis. Despite our care and attention, content may be incomplete and/or incorrect.</p>\r\n<p dir=\"ltr\" style=\"text-align: justify;\">The materials offered on the website are offered without any form of guarantee or claim to their correctness. These materials can be changed at any time without prior notice from Nusa Travel.</p>\r\n<p dir=\"ltr\" style=\"text-align: justify;\">Particularly, all prices on the website are stated subject to typing and programming errors. No liability is assumed for the implications of such errors. No agreement is concluded on the basis of such errors.</p>\r\n<p dir=\"ltr\" style=\"text-align: justify;\">Nusa Travel shall not bear any liability for hyperlinks to websites or services of third parties included on the website. From our website, you can visit other websites by following hyperlinks to such external sites. While we strive to provide only quality links to useful and ethical websites, we have no control over the content and nature of these sites. These links to other websites do not imply a recommendation for all the content found on these sites. Site owners and content may change without notice and may occur before we have the opportunity to remove a link which may have gone &lsquo;bad&rsquo;.</p>\r\n<p dir=\"ltr\" style=\"text-align: justify;\">Please be also aware that when you leave our website, other sites may have different privacy policies and terms which are beyond our control. Please be sure to check the Privacy Policies of these sites as well as their \"Terms of Service\" before engaging in any business or uploading any information.</p>\r\n<p dir=\"ltr\" style=\"text-align: justify;\"><strong>Links to Other Websites Disclaimer</strong><strong>&nbsp;</strong></p>\r\n<p dir=\"ltr\" style=\"text-align: justify;\">This Disclaimer applies only to the Services. The Services may contain links to other websites not operated or controlled by Nusa Travel. We are not responsible for the content, accuracy or opinions expressed in such websites, and such websites are not investigated, monitored or checked for accuracy or completeness by us. Please remember that when you use a link to go from the Services to another website, our Privacy Policy is no longer in effect. Your browsing and interaction on any other website, including those that have a link on our platform, is subject to that website&rsquo;s own rules and policies. Such third parties may use their own cookies or other methods to collect information about you. If You click on a third party link, You will be directed to that third party\'s site. We strongly advise You to review the Privacy Policy and Terms of every site You visit.</p>\r\n<p dir=\"ltr\" style=\"text-align: justify;\">We have no control over and assume no responsibility for the content, privacy policies or practices of any third party sites or services.</p>\r\n<p dir=\"ltr\" style=\"text-align: justify;\">Errors and Omissions Disclaimer</p>\r\n<p dir=\"ltr\" style=\"text-align: justify;\">Nusa Travel is not responsible for any content, code or any other imprecision.</p>\r\n<p dir=\"ltr\" style=\"text-align: justify;\">Nusa Travel does not provide warranties or guarantees.</p>\r\n<p dir=\"ltr\" style=\"text-align: justify;\">In no event shall Nusa Travel be liable for any special, direct, indirect, consequential, or incidental damages or any damages whatsoever, whether in an action of contract, negligence or other tort, arising out of or in connection with the use of the Service or the contents of the Service. Nusa Travel reserves the right to make additions, deletions, or modifications to the contents on the Service at any time without prior notice.<strong><br></strong></p>\r\n<p dir=\"ltr\" style=\"text-align: justify;\"><strong>General Disclaimer</strong><strong>&nbsp;</strong></p>\r\n<p dir=\"ltr\" style=\"text-align: justify;\">The Nusa Travel Service and its contents are provided \"as is\" and \"as available\" without any warranty or representations of any kind, whether express or implied. Nusa Travel is a distributor and not a publisher of the content supplied by third parties; as such, Nusa Travel exercises no editorial control over such content and makes no warranty or representation as to the accuracy, reliability or currency of any information, content, service or merchandise provided through or accessible via the Nusa Travel Service. Without limiting the foregoing, Nusa Travel specifically disclaims all warranties and representations in any content transmitted on or in connection with the Nusa Travel Service or on sites that may appear as links on the Nusa Travel Service, or in the products provided as a part of, or otherwise in connection with, the Nusa Travel Service, including without limitation any warranties of merchantability, fitness for a particular purpose or non-infringement of third party rights. No oral advice or written information given by Nusa Travel or any of its affiliates, employees, officers, directors, agents, or the like will create a warranty. Price and availability information is subject to change without notice. Without limiting the foregoing, Nusa Travel does not warrant that the Nusa Travel Service will be uninterrupted, uncorrupted, timely, or error-free.<strong><br></strong></p>\r\n<p dir=\"ltr\" style=\"text-align: justify;\"><strong>Copyright Disclaimer</strong><strong>&nbsp;</strong></p>\r\n<p dir=\"ltr\" style=\"text-align: justify;\">All intellectual property rights concerning these materials are vested in Nusa Travel. Copying, distribution and any other use of these materials is not permitted without the written permission of Nusa Travel, except and only to the extent otherwise provided in regulations of mandatory law (such as the right to quote), unless otherwise stated for certain materials.</p>\r\n<p dir=\"ltr\" style=\"text-align: justify;\"><strong>Affiliate Links Disclosure</strong></p>\r\n<p dir=\"ltr\" style=\"text-align: justify;\">Nusa Travel has affiliate links and in this section of the Disclaimer we will address how we use those affiliate links from other websites/companies and products. These &ldquo;affiliate links&rdquo; are specific URLs that contain the affiliate\'s ID or username.</p>\r\n<p dir=\"ltr\" style=\"text-align: justify;\">In compliance with the FTC guidelines, please assume the following about links and posts on this site:</p>\r\n<p dir=\"ltr\" style=\"text-align: justify;\">&nbsp;&nbsp;-Any/all of the links on Nusa Travel are affiliate links of which we receive a small commission from sales of certain items, but the price is the same for you. As Nusa Travel has grown, so have costs associated with running and maintaining it, and affiliate links are a way we help offset these costs.</p>\r\n<p dir=\"ltr\" style=\"text-align: justify;\">&nbsp;&nbsp;-If we post an affiliate link to a product, it is something that we personally use, support and would recommend without an affiliate link.</p>\r\n<p dir=\"ltr\" style=\"text-align: justify;\">&nbsp;&nbsp;-Unless otherwise noted, all reviews are of items we have purchased and we are not paid or compensated in any way.</p>\r\n<p dir=\"ltr\" style=\"text-align: justify;\"><strong>Legal Disclosure</strong><strong>&nbsp;</strong></p>\r\n<p dir=\"ltr\" style=\"text-align: justify;\">The materials, any comments or information provided by Nusa Travel are for educational purposes only and nothing conveyed or provided should be considered legal, accounting or tax advice. You are responsible for whatever you may do with the information you obtain from Nusa Travel. As such, by visiting and using this website you acknowledge and agree that you have been assessed by a qualified law expert (i.e your attorney) who has given you consent to take part in any legal activity. Please contact your own attorney, accountant or tax professional with any specific questions you have related to the information provided that are of legal, accounting or tax nature.</p>\r\n<p dir=\"ltr\" style=\"text-align: justify;\"><strong>Testimonials Disclosure</strong></p>\r\n<p dir=\"ltr\" style=\"text-align: justify;\">Any testimonials provided on this platform are opinions of those providing them. The information provided in the testimonials is not to be relied upon to predict results in your specific situation. The results you experience will be dependent on many factors including but not limited to your level of personal responsibility, commitment, and abilities, in addition to those factors that you and/or Nusa Travel may not be able to anticipate.</p>\r\n<p dir=\"ltr\" style=\"text-align: justify;\">We will give honest testimonials to our visitors regardless of any discount. Any product or service that we test are individual experiences, reflecting real life experiences. The testimonials could be displayed on audio, text or video and are not necessarily representative of all of those who will use our products and/or services.</p>\r\n<p dir=\"ltr\" style=\"text-align: justify;\">Nusa Travel does not guarantee the same results as the testimonials given on our platform. Testimonials presented on Nusa Travel are applicable to the individuals writing them, and may not be indicative of future success of any other individuals.</p>\r\n<p dir=\"ltr\" style=\"text-align: justify;\">Please don&rsquo;t hesitate to contact us if you would like to know more about testimonials, discounts, or any of the products/services that we review.</p>\r\n<p dir=\"ltr\" style=\"text-align: justify;\"><strong>Your Consent&nbsp;</strong></p>\r\n<p dir=\"ltr\" style=\"text-align: justify;\">We\'ve updated our Disclaimer to provide you with complete transparency into what is being set when you visit our site and how it\'s being used. By using our website, registering an account, or making a purchase, you hereby consent to our Disclaimer and agree to its terms.</p>\r\n<p dir=\"ltr\" style=\"text-align: justify;\"><strong>Changes To Our Disclaimer</strong><strong>&nbsp;</strong></p>\r\n<p dir=\"ltr\" style=\"text-align: justify;\">Should we update, amend or make any changes to this document so that they accurately reflect our Service and policies. Unless otherwise required by law, those changes will be prominently posted here. Then, if you continue to use the Service, you will be bound by the updated Disclaimer. If you do not want to agree to this or any updated Disclaimer, you can delete your account.</p>\r\n<p dir=\"ltr\" style=\"text-align: justify;\"><strong>Contact Us&nbsp;</strong></p>\r\n<p dir=\"ltr\" style=\"text-align: justify;\">Don\'t hesitate to contact us if you have any questions regarding this Disclaimer.</p>\r\n<p dir=\"ltr\" style=\"text-align: justify;\">&nbsp;-Via Email:&nbsp; business@nusa.travel</p>\r\n<p dir=\"ltr\" style=\"text-align: justify;\">&nbsp;-Via Phone Number:&nbsp; 6287820231626</p>\r\n<p dir=\"ltr\" style=\"text-align: justify;\">&nbsp;-Via this Link:&nbsp; https://nusa.travel</p>\r\n<p dir=\"ltr\" style=\"text-align: justify;\">&nbsp;-Via this Address:&nbsp; Jl. Kartika Plaza, Discovery mall Lt. 2 Block A 15-16-17, Kuta, Bali, Indonesia</p>\r\n<p style=\"text-align: justify;\"><strong id=\"docs-internal-guid-7aca8760-7fff-2046-74c5-be6a91310804\"><br><br></strong></p>', NULL, NULL, 0, '2025-07-02 14:44:44', '2025-07-02 14:44:44', NULL, NULL, NULL, NULL, NULL, NULL);
INSERT INTO `pages` VALUES ('9f4af186-0445-4a33-8687-e68fd5587b11', 'refundpolicy', 'Refund Policy', '<p dir=\"ltr\" style=\"text-align: justify;\"><strong>Definitions and key terms</strong><strong>&nbsp;</strong></p>\r\n<p dir=\"ltr\" style=\"text-align: justify;\">To help explain things as clearly as possible in this Return &amp; Refund Policy, every time any of these terms are referenced, are strictly defined as:</p>\r\n<p dir=\"ltr\" style=\"text-align: justify;\">&nbsp;&nbsp;-Company: when this policy mentions &ldquo;Company,&rdquo; &ldquo;we,&rdquo; &ldquo;us,&rdquo; or &ldquo;our,&rdquo; it refers to Nusa Travel, that is responsible for your information under this Return &amp; Refund Policy.</p>\r\n<p dir=\"ltr\" style=\"text-align: justify;\">&nbsp;&nbsp;-Customer:&nbsp;refers to the company, organization or person that signs up to use the Nusa Travel Service to manage the relationships with your consumers or service users.</p>\r\n<p dir=\"ltr\" style=\"text-align: justify;\">&nbsp;&nbsp;-Device:&nbsp;any internet connected device such as a phone, tablet, computer or any other device that can be used to visit Nusa Travel and use the services.</p>\r\n<p dir=\"ltr\" style=\"text-align: justify;\">&nbsp;&nbsp;-Service: refers to the service provided by Nusa Travel as described in the relative terms (if available) and on this platform.</p>\r\n<p dir=\"ltr\" style=\"text-align: justify;\">&nbsp;&nbsp;-Website: Nusa Travel.\"&rsquo;s\" site, which can be accessed via this URL: nusa.travel</p>\r\n<p dir=\"ltr\" style=\"text-align: justify;\">&nbsp;&nbsp;-You: a person or entity that is registered with Nusa Travel to use the Services.<strong><br></strong></p>\r\n<p dir=\"ltr\" style=\"text-align: justify;\"><strong>Return &amp; Refund Policy</strong><strong>&nbsp;</strong></p>\r\n<p dir=\"ltr\" style=\"text-align: justify;\">Thanks for shopping at Nusa Travel. We appreciate the fact that you like to buy the stuff we build. We also want to make sure you have a rewarding experience while you&rsquo;re exploring, evaluating, and purchasing our products.</p>\r\n<p dir=\"ltr\" style=\"text-align: justify;\">As with any shopping experience, there are terms and conditions that apply to transactions at Nusa Travel. We&rsquo;ll be as brief as our attorneys will allow. The main thing to remember is that by placing an order or making a purchase at Nusa Travel, you agree to the terms set forth below along with&nbsp; Policy.</p>\r\n<p dir=\"ltr\" style=\"text-align: justify;\">If there&rsquo;s something wrong with the product/service you bought, or if you are not happy with it, you have 2 weeks to issue a refund and return your product/service.</p>\r\n<p dir=\"ltr\" style=\"text-align: justify;\">If you would like to return a product, the only way would be if you follow the next guidelines:</p>\r\n<p dir=\"ltr\" style=\"text-align: justify;\">&nbsp;&nbsp;&nbsp;-The product has to be damage free, if we find any damage on the product we will cancel your refund immediately.</p>\r\n<p dir=\"ltr\" style=\"text-align: justify;\"><strong>Refunds</strong><strong>&nbsp;</strong></p>\r\n<p dir=\"ltr\" style=\"text-align: justify;\">We at&nbsp; ourselves to serving our customers with the best products. Every single product that you choose is thoroughly inspected, checked for defects and packaged with utmost care. We do this to ensure that you fall in love with our products.</p>\r\n<p dir=\"ltr\" style=\"text-align: justify;\">Sadly, there are times when we may not have the product(s) that you choose in stock, or may face some issues with our inventory and quality check. In such cases, we may have to cancel your order. You will be intimated about it in advance so that you don\'t have to worry unnecessarily about your order. If you have purchased via Online payment (not Cash on Delivery), then you will be refunded once our team confirms your request.</p>\r\n<p dir=\"ltr\" style=\"text-align: justify;\">We carry out thorough quality check before processing the ordered item. We take utmost care while packing the product. At the same time we ensure that the packing is good such that the items won&rsquo;t get damaged during transit. Please note that Nusa Travel is not liable for damages that are caused to the items during transit or transportation.</p>\r\n<p dir=\"ltr\" style=\"text-align: justify;\">We will revise your returned product as soon as we receive it and if it follows the guidelines addressed above, we will proceed to issue a refund of your purchase. Your refund may take a couple of days to process but you will be notified when you receive your money.<strong><br></strong></p>\r\n<p dir=\"ltr\" style=\"text-align: justify;\"><strong>Shipping</strong><strong>&nbsp;</strong></p>\r\n<p dir=\"ltr\" style=\"text-align: justify;\">Nusa Travel is not responsible for return shipping costs. Every shipping has to be paid by the customer, even if the item had free shipping in the first place, the customer has to pay for the shipping in return.<strong><br></strong></p>\r\n<p dir=\"ltr\" style=\"text-align: justify;\"><strong>Your Consent</strong><strong>&nbsp;</strong></p>\r\n<p dir=\"ltr\" style=\"text-align: justify;\">By using our website, registering an account, or making a purchase, you hereby consent to our Return &amp; Refund Policy and agree to its terms.</p>\r\n<p dir=\"ltr\" style=\"text-align: justify;\"><strong>Changes To Our Return &amp; Refund Policy</strong><strong>&nbsp;</strong></p>\r\n<p dir=\"ltr\" style=\"text-align: justify;\">Should we update, amend or make any changes to this document so that they accurately reflect our Service and policies. Unless otherwise required by law, those changes will be prominently posted here. Then, if you continue to use the Service, you will be bound by the updated Return &amp; Refund Policy. If you do not want to agree to this or any updated Return &amp; Refund Policy, you can delete your account.</p>\r\n<p dir=\"ltr\" style=\"text-align: justify;\"><strong>Contact Us</strong></p>\r\n<p dir=\"ltr\" style=\"text-align: justify;\">If, for any reason, You are not completely satisfied with any good or service that we provide, don\'t hesitate to contact us and we will discuss any of the issues you are going through with our product.</p>\r\n<p dir=\"ltr\" style=\"text-align: justify;\">&nbsp;-Via Email:&nbsp; business@nusa.travel</p>\r\n<p dir=\"ltr\" style=\"text-align: justify;\">&nbsp;-Via Phone Number:&nbsp; 6287820231626</p>\r\n<p dir=\"ltr\" style=\"text-align: justify;\">&nbsp;-Via this Link:&nbsp; https://nusa.travel</p>\r\n<p dir=\"ltr\" style=\"text-align: justify;\">&nbsp;-Via this Address: Jl. Kartika Plaza, Discovery mall Lt. 2 Block A 15-16-17, Kuta, Bali, Indonesia</p>\r\n<p dir=\"ltr\" style=\"text-align: justify;\"><strong id=\"docs-internal-guid-6016965f-7fff-c04e-93e1-5d7117e45d90\"><br><br></strong></p>', NULL, NULL, 0, '2025-07-02 14:44:44', '2025-07-02 14:44:44', NULL, NULL, NULL, NULL, NULL, NULL);
INSERT INTO `pages` VALUES ('9f4af186-0870-4858-9850-d5607e65d917', 'cookiepolicy', 'Cookie Policy', '<p dir=\"ltr\" style=\"text-align: justify;\"><strong>Definitions and key terms</strong><strong>&nbsp;</strong></p>\r\n<p dir=\"ltr\" style=\"text-align: justify;\">To help explain things as clearly as possible in this Cookie Policy, every time any of these terms are referenced, are strictly defined as:</p>\r\n<p dir=\"ltr\" style=\"text-align: justify;\">&nbsp;&nbsp;-Cookie:&nbsp;small amount of data generated by a website and saved by your web browser. It is used to identify your browser, provide analytics, remember information about you such as your language preference or login information.</p>\r\n<p dir=\"ltr\" style=\"text-align: justify;\">&nbsp;&nbsp;-Company: when this policy mentions &ldquo;Company,&rdquo; &ldquo;we,&rdquo; &ldquo;us,&rdquo; or &ldquo;our,&rdquo; it refers to Nusa Travel, that is responsible for your information under this Cookie Policy.</p>\r\n<p dir=\"ltr\" style=\"text-align: justify;\">&nbsp;&nbsp;-Device:&nbsp;any internet connected device such as a phone, tablet, computer or any other device that can be used to visit Nusa Travel and use the services.</p>\r\n<p dir=\"ltr\" style=\"text-align: justify;\">&nbsp;&nbsp;-Personal Data: any information that directly, indirectly, or in connection with other information &mdash; including a personal identification number &mdash; allows for the identification or identifiability of a natural person.</p>\r\n<p dir=\"ltr\" style=\"text-align: justify;\">&nbsp;&nbsp;-Service: refers to the service provided by Nusa Travel as described in the relative terms (if available) and on this platform.</p>\r\n<p dir=\"ltr\" style=\"text-align: justify;\">&nbsp;&nbsp;-Third-party service:&nbsp;refers to advertisers, contest sponsors, promotional and marketing partners, and others who provide our content or whose products or services we think may interest you.</p>\r\n<p dir=\"ltr\" style=\"text-align: justify;\">&nbsp;&nbsp;-Website: Nusa Travel.\"&rsquo;s\" site, which can be accessed via this URL: nusa.travel</p>\r\n<p dir=\"ltr\" style=\"text-align: justify;\">&nbsp;&nbsp;-You: a person or entity that is registered with Nusa Travel to use the Services.</p>\r\n<p dir=\"ltr\" style=\"text-align: justify;\"><strong>Introduction</strong></p>\r\n<p dir=\"ltr\" style=\"text-align: justify;\">This Cookie Policy explains how Nusa Travel and its affiliates (collectively \"Nusa Travel\", \"we\", \"us\", and \"ours\"), use cookies and similar technologies to recognize you when you visit our website, including without limitation nusa.travel and any related URLs, mobile or localized versions and related domains / sub-domains (\"Websites\"). It explains what these technologies are and why we use them, as well as the choices for how to control them.<strong><br></strong></p>\r\n<p dir=\"ltr\" style=\"text-align: justify;\"><strong>What is a cookie?</strong><strong>&nbsp;</strong></p>\r\n<p dir=\"ltr\" style=\"text-align: justify;\">A cookie is a small text file that is stored on your computer or other internet connected device in order to identify your browser, provide analytics, remember information about you such as your language preference or login information. They\'re completely safe and can\'t be used to run programs or deliver viruses to your device.</p>\r\n<p dir=\"ltr\" style=\"text-align: justify;\"><strong>Why do we use cookies?</strong><strong>&nbsp;</strong></p>\r\n<p dir=\"ltr\" style=\"text-align: justify;\">We use first party and/or third party cookies on our website for various purposes such as:</p>\r\n<p dir=\"ltr\" style=\"text-align: justify;\">&nbsp;&nbsp;-To facilitate the operation and functionality of our website;</p>\r\n<p dir=\"ltr\" style=\"text-align: justify;\">&nbsp;&nbsp;-To improve your experience of our website and make navigating around them quicker and easier;</p>\r\n<p dir=\"ltr\" style=\"text-align: justify;\">&nbsp;&nbsp;-To allow us to make a bespoke user experience for you and for us to understand what is useful or of interest to you;</p>\r\n<p dir=\"ltr\" style=\"text-align: justify;\">&nbsp;&nbsp;-To analyze how our website is used and how best we can customize it;</p>\r\n<p dir=\"ltr\" style=\"text-align: justify;\">&nbsp;&nbsp;-To identify future prospects and personalize marketing and sales interactions with it;</p>\r\n<p dir=\"ltr\" style=\"text-align: justify;\">&nbsp;&nbsp;-To facilitate the tailoring of online advertising to your interests.</p>\r\n<p dir=\"ltr\" style=\"text-align: justify;\"><strong>What type of cookies does Nusa Travel use?</strong><strong>&nbsp;</strong></p>\r\n<p dir=\"ltr\" style=\"text-align: justify;\">Cookies can either be session cookies or persistent cookies. A session cookie expires automatically when you close your browser. A persistent cookie will remain until it expires or you delete your cookies. Expiration dates are set in the cookies themselves; some may expire after a few minutes while others may expire after multiple years. Cookies placed by the website you&rsquo;re visiting are called &ldquo;first party cookies&rdquo;.</p>\r\n<p dir=\"ltr\" style=\"text-align: justify;\">Strictly Necessary cookies are necessary for our website to function and cannot be switched off in our systems. They are essential in order to enable you to navigate around the website and use its features. If you remove or disable these cookies, we cannot guarantee that you will be able to use our website.</p>\r\n<p dir=\"ltr\" style=\"text-align: justify;\">We use the following types of cookies in our website:</p>\r\n<p dir=\"ltr\" style=\"text-align: justify;\">Errors and Omissions Disclaimer</p>\r\n<p dir=\"ltr\" style=\"text-align: justify;\">Nusa Travel is not responsible for any content, code or any other imprecision.</p>\r\n<p dir=\"ltr\" style=\"text-align: justify;\">Nusa Travel does not provide warranties or guarantees.</p>\r\n<p dir=\"ltr\" style=\"text-align: justify;\">In no event shall Nusa Travel be liable for any special, direct, indirect, consequential, or incidental damages or any damages whatsoever, whether in an action of contract, negligence or other tort, arising out of or in connection with the use of the Service or the contents of the Service. Nusa Travel reserves the right to make additions, deletions, or modifications to the contents on the Service at any time without prior notice.</p>\r\n<p dir=\"ltr\" style=\"text-align: justify;\"><strong>General Disclaimer</strong><strong>&nbsp;</strong></p>\r\n<p dir=\"ltr\" style=\"text-align: justify;\">The Nusa Travel Service and its contents are provided \"as is\" and \"as available\" without any warranty or representations of any kind, whether express or implied. Nusa Travel is a distributor and not a publisher of the content supplied by third parties; as such, Nusa Travel exercises no editorial control over such content and makes no warranty or representation as to the accuracy, reliability or currency of any information, content, service or merchandise provided through or accessible via the Nusa Travel Service. Without limiting the foregoing, Nusa Travel specifically disclaims all warranties and representations in any content transmitted on or in connection with the Nusa Travel Service or on sites that may appear as links on the Nusa Travel Service, or in the products provided as a part of, or otherwise in connection with, the Nusa Travel Service, including without limitation any warranties of merchantability, fitness for a particular purpose or non-infringement of third party rights. No oral advice or written information given by Nusa Travel or any of its affiliates, employees, officers, directors, agents, or the like will create a warranty. Price and availability information is subject to change without notice. Without limiting the foregoing, Nusa Travel does not warrant that the Nusa Travel Service will be uninterrupted, uncorrupted, timely, or error-free.<strong><br></strong></p>\r\n<p dir=\"ltr\" style=\"text-align: justify;\"><strong>Essential Cookies</strong><strong>&nbsp;</strong></p>\r\n<p dir=\"ltr\" style=\"text-align: justify;\">We use essential cookies to make our website work. These cookies are strictly necessary to enable core functionality such as security, network management, your cookie preferences and accessibility. Without them you wouldn\'t be able to use basic services. You may disable these by changing your browser settings, but this may affect how the Websites function.<strong><br></strong></p>\r\n<p dir=\"ltr\" style=\"text-align: justify;\"><strong>Performance and Functionality Cookies</strong><strong>&nbsp;</strong></p>\r\n<p dir=\"ltr\" style=\"text-align: justify;\">These cookies are used to enhance the performance and functionality of our website but are non-essential to their use. However, without these cookies, certain functionality like videos may become unavailable or you would be required to enter your login details every time you visit the website as we would not be able to remember that you had logged in previously.</p>\r\n<p dir=\"ltr\" style=\"text-align: justify;\"><strong>Marketing Cookies</strong><strong>&nbsp;</strong></p>\r\n<p dir=\"ltr\" style=\"text-align: justify;\">These account-based marketing cookies enable us to identify future prospects and personalize sales and marketing interactions with them.<strong><br></strong></p>\r\n<p dir=\"ltr\" style=\"text-align: justify;\">Analytics and Customization Cookies</p>\r\n<p dir=\"ltr\" style=\"text-align: justify;\">These cookies collect information that is used to help us understand how our website is being used or how effective our marketing campaigns are, or to help us customize our website for you.</p>\r\n<p dir=\"ltr\" style=\"text-align: justify;\">We use cookies served by Google Analytics to collect limited data directly from end-user browsers to enable us to better understand your use of our website. Further information on how Google collects and uses this data can be found at: https://www.google.com/policies/privacy/partners/. You can opt-out of all Google supported analytics on our Websites by visiting: https://tools.google.com/dlpage/gaoptout.</p>\r\n<p dir=\"ltr\" style=\"text-align: justify;\"><strong>Social Media Cookies</strong></p>\r\n<p dir=\"ltr\" style=\"text-align: justify;\">These cookies are used when you share information using a social media sharing button or &ldquo;like&rdquo; button on our Site or you link your account or engage with our content on or through a social networking website such as Facebook, Twitter or Google+. The social network will record that you have done this. These cookies may also include certain code that has been placed on the platform to help track conversions from ads, optimize ads based on collected data, build targeted audiences for future ads, and remarket to qualified users who have already taken certain action on the platform.</p>\r\n<p dir=\"ltr\" style=\"text-align: justify;\"><strong>Third Party Cookies</strong></p>\r\n<p dir=\"ltr\" style=\"text-align: justify;\">Some cookies that have been set on our website are not set on a first party basis by Nusa Travel. The Websites can be embedded with content from third parties to serve advertising. These third party service providers may set their own cookies on your web browser. Third party service providers control many of the performance and functionality, advertising, marketing and analytics cookies described above. We do not control the use of these third party cookies as cookies can only be accessed by the third party that originally set them.</p>\r\n<p dir=\"ltr\" style=\"text-align: justify;\"><strong>How you can manage cookies?</strong></p>\r\n<p dir=\"ltr\" style=\"text-align: justify;\">Most browsers allow you to control cookies through their \'settings\' preferences. However, if you limit the ability of websites to set cookies, you may worsen your overall user experience, since it will no longer be personalized to you. It may also stop you from saving customized settings like login information. Browser manufacturers provide help pages relating to cookie management in their products.</p>\r\n<p style=\"text-align: justify;\"><strong>&nbsp;</strong>Browser manufacturers provide help pages relating to cookie management in their products. Please see below for more information.</p>\r\n<p dir=\"ltr\" style=\"text-align: justify;\">&nbsp;&nbsp;-Google Chrome</p>\r\n<p dir=\"ltr\" style=\"text-align: justify;\">&nbsp;&nbsp;-Internet Explorer</p>\r\n<p dir=\"ltr\" style=\"text-align: justify;\">&nbsp;&nbsp;-Mozilla Firefox</p>\r\n<p dir=\"ltr\" style=\"text-align: justify;\">&nbsp;&nbsp;-Safari (Desktop)</p>\r\n<p dir=\"ltr\" style=\"text-align: justify;\">&nbsp;&nbsp;-Safari (Mobile)</p>\r\n<p dir=\"ltr\" style=\"text-align: justify;\">&nbsp;&nbsp;-Android Browser</p>\r\n<p dir=\"ltr\" style=\"text-align: justify;\">&nbsp;&nbsp;-Opera</p>\r\n<p dir=\"ltr\" style=\"text-align: justify;\">&nbsp;&nbsp;-Opera Mobile</p>\r\n<p dir=\"ltr\" style=\"text-align: justify;\"><strong>Blocking and disabling cookies and similar technologies</strong><strong>&nbsp;</strong></p>\r\n<p dir=\"ltr\" style=\"text-align: justify;\">Wherever you\'re located you may also set your browser to block cookies and similar technologies, but this action may block our essential cookies and prevent our website from functioning properly, and you may not be able to fully utilize all of its features and services. You should also be aware that you may also lose some saved information (e.g. saved login details, site preferences) if you block cookies on your browser. Different browsers make different controls available to you. Disabling a cookie or category of cookie does not delete the cookie from your browser, you will need to do this yourself from within your browser, you should visit your browser\'s help menu for more information.<strong><br></strong></p>\r\n<p dir=\"ltr\" style=\"text-align: justify;\"><strong>Changes To Our Cookie Policy</strong><strong>&nbsp;</strong></p>\r\n<p dir=\"ltr\" style=\"text-align: justify;\">We may change our Service and policies, and we may need to make changes to this Cookie Policy so that they accurately reflect our Service and policies. Unless otherwise required by law, we will notify you (for example, through our Service) before we make changes to this Cookie Policy and give you an opportunity to review them before they go into effect. Then, if you continue to use the Service, you will be bound by the updated Cookie Policy. If you do not want to agree to this or any updated Cookie Policy, you can delete your account.</p>\r\n<p dir=\"ltr\" style=\"text-align: justify;\"><strong>Your Consent</strong><strong>&nbsp;</strong></p>\r\n<p dir=\"ltr\" style=\"text-align: justify;\">By using our website, registering an account, or making a purchase, you hereby consent to our Cookie Policy and agree to its terms.<strong><br></strong></p>\r\n<p dir=\"ltr\" style=\"text-align: justify;\">&nbsp;</p>\r\n<p dir=\"ltr\" style=\"text-align: justify;\"><strong>Contact Us</strong></p>\r\n<p dir=\"ltr\" style=\"text-align: justify;\">Don\'t hesitate to contact us if you have any questions regarding our Cookie Policy.</p>\r\n<p dir=\"ltr\" style=\"text-align: justify;\">&nbsp;-Via Email:&nbsp; business@nusa.travel</p>\r\n<p dir=\"ltr\" style=\"text-align: justify;\">&nbsp;-Via Phone Number:&nbsp; 6287820231626</p>\r\n<p dir=\"ltr\" style=\"text-align: justify;\">&nbsp;-Via this Link:&nbsp; https://nusa.travel</p>\r\n<p dir=\"ltr\" style=\"text-align: justify;\">&nbsp;-Via this Address: Jl. Kartika Plaza, Discovery mall Lt. 2 Block A 15-16-17, Kuta, Bali, Indonesia</p>\r\n<p style=\"text-align: justify;\"><strong id=\"docs-internal-guid-4097ea15-7fff-d4e6-ad14-be2cbb6cc8df\"><br><br></strong></p>', NULL, NULL, 0, '2025-07-02 14:44:44', '2025-07-02 14:44:44', NULL, NULL, NULL, NULL, NULL, NULL);
INSERT INTO `pages` VALUES ('9f4af186-0c26-4445-9450-c4d274d95000', 'aboutus', 'About Us', '<p dir=\"ltr\"><strong>Get in Touch with Nusa Travel for All Your Travel Needs</strong></p>\r\n<p dir=\"ltr\">At Nusa Travel, we\'re dedicated to providing the best possible travel experience for our customers. Whether you have a question about our fast boat tickets, tour packages, or private car transfer services, or you simply want to provide feedback, our team is here to help.</p>\r\n<p dir=\"ltr\">We believe that open communication is key to ensuring customer satisfaction, and we\'re always eager to hear from our customers. So don\'t hesitate to get in touch with us if you have any questions or concerns.</p>\r\n<p dir=\"ltr\">You can reach us through the following channels:</p>\r\n<ul>\r\n<li dir=\"ltr\" aria-level=\"1\">\r\n<p dir=\"ltr\" role=\"presentation\">Email: business@nusa.travell</p>\r\n</li>\r\n<li dir=\"ltr\" aria-level=\"1\">\r\n<p dir=\"ltr\" role=\"presentation\">Phone:&nbsp;</p>\r\n</li>\r\n</ul>\r\n<p dir=\"ltr\">At Nusa Travel, we\'re always here to help, and we look forward to hearing from you.</p>', NULL, NULL, 0, '2025-07-02 14:44:44', '2025-07-02 14:44:44', NULL, NULL, NULL, NULL, NULL, NULL);
INSERT INTO `pages` VALUES ('9f4af186-0f2e-4722-a3a5-cef22ae572f7', 'schedule', 'Schedule', '<h1>Schedule</h1>', NULL, NULL, 0, '2025-07-02 14:44:44', '2025-07-02 14:44:44', NULL, NULL, NULL, NULL, NULL, NULL);
INSERT INTO `pages` VALUES ('9f4af186-612e-4886-95e5-4014b2aa1157', 'home', 'feature-home', '<div class=\"w-full max-w-7xl mx-auto pt-10 px-2\">\r\n        <div class=\"flex flex-col\">\r\n            <div class=\"flex flex-row justify-between\">\r\n                <div class=\"flex flex-col\">\r\n                    <div class=\"text-3xl font-bold\">Discover Indonesia with Nusa Travel</div>\r\n                    <p class=\"text-gray-400\">Nusa Travel is your one-stop travel partner for an unforgettable Indonesian adventure. From fastboat services to tour packages and car rentals, we\'ve got you covered.</p>\r\n                    \r\n                    <h3 class=\"text-xl font-semibold mt-4\"><a href=\"/ekajaya-fastboat\" class=\"hover:text-blue-500\">Premium Ekajaya Fastboat Services</a></h3>\r\n                    <p class=\"text-gray-400\">Explore Bali and its stunning neighboring islands with speed, comfort, and safety aboard Ekajaya Fastboat, one of the leading fast boat operators in the region. Enjoy easy booking, unbeatable deals, personalized assistance, and exclusive promotions.</p>\r\n                    \r\n                    <h3 class=\"text-xl font-semibold mt-4\"><a href=\"/tour-packages\" class=\"hover:text-blue-500\">Tailor-made Tour Packages</a></h3>\r\n                    <p class=\"text-gray-400\">Experience the best of Indonesia with our exclusive tour packages, carefully crafted to suit your preferences and budget. Discover hidden gems, iconic landmarks, and immerse yourself in the rich culture of this beautiful archipelago.</p>\r\n                    \r\n                    <h3 class=\"text-xl font-semibold mt-4\"><a href=\"/car-rental-bali\" class=\"hover:text-blue-500\">Affordable Car Rentals</a></h3>\r\n                    <p class=\"text-gray-400\">Travel at your own pace with our affordable car rental services, offering a wide selection of well-maintained vehicles to choose from. Enjoy the freedom and convenience of exploring Indonesia\'s diverse destinations on your terms.</p>\r\n                    \r\n                    <p class=\"text-gray-400 mt-4\">Embark on an unforgettable journey with Nusa Travel today!</p>\r\n                </div>\r\n            </div>\r\n        </div>\r\n    </div>', NULL, NULL, 0, '2025-07-02 14:44:45', '2025-07-02 14:44:45', NULL, NULL, NULL, NULL, NULL, NULL);
INSERT INTO `pages` VALUES ('9f4af186-65b8-405c-aef2-f212fc7f069b', 'car-rental', 'feature-car-rental', '<section class=\"w-full max-w-5xl mx-auto pt-3 mt-10 px-2\">\r\n    <h1 class=\"text-2xl font-bold mb-4\">Discover the Best Car Rental Services in Bali</h1>\r\n    <p>At Nusa Travel, we provide a wide range of car rental services in Bali to cater to your every need. Whether you\'re looking for a self-drive car rental, a car rental with a driver, a luxury car rental, or a monthly car rental, we have it all. Our services are available at various locations across Bali, including popular destinations such as Bali Airport, Balikpapan, and Kuta.</p>\r\n    <h3 class=\"text-xl font-bold mt-6 mb-4\">Car Rental Bali with Driver</h3>\r\n    <p>Experience the beauty of Bali with the convenience of a professional driver. Our car rental Bali with driver service offers a comfortable and hassle-free way to explore the island. Whether you need a car rental at Bali Airport or anywhere else on the island, our experienced drivers will ensure a smooth and enjoyable journey.</p>\r\n    <h3 class=\"text-xl font-bold mt-6 mb-4\">Car Rental Bali Self Drive</h3>\r\n    <p>If you prefer the freedom to explore Bali at your own pace, our car rental Bali self drive service is the perfect option for you. Choose from a wide range of reliable and well-maintained vehicles at competitive prices to enjoy the ultimate Bali road trip experience.</p>\r\n    <h3 class=\"text-xl font-bold mt-6 mb-4\">Car Rental Bali Price</h3>\r\n    <p>We pride ourselves on offering affordable car rental Bali prices without compromising on quality. Our competitive rates make it easy for you to find the perfect car rental solution within your budget.</p>\r\n    <h3 class=\"text-xl font-bold mt-6 mb-4\">Car Rental Bali Luxury</h3>\r\n    <p>For those who desire an extra touch of comfort and luxury, our car rental Bali luxury service offers a selection of premium vehicles to make your journey truly unforgettable. Cruise around Bali in style with one of our high-end cars and experience the ultimate in comfort and performance.</p>\r\n    <h3 class=\"text-xl font-bold mt-6 mb-4\">Car Rental Bali Monthly</h3>\r\n    <p>Planning an extended stay in Bali? Our car rental Bali monthly service is the perfect solution for long-term visitors. Enjoy the convenience of having a car at your disposal for the duration of your stay, and take advantage of our special discounted rates for monthly rentals.</p>\r\n    <h3 class=\"text-xl font-bold mt-6 mb-4\">Car Rental Bali Kuta</h3>\r\n    <p>Kuta is one of the most popular destinations in Bali, known for its beautiful beaches, vibrant nightlife, and bustling shopping areas. Our car rental Bali Kuta service allows you to explore this amazing area with ease. Whether you need a car rental with a driver or a self-drive option, our Kuta-based car rental services have you covered.</p>\r\n</section>', NULL, NULL, 0, '2025-07-02 14:44:45', '2025-07-02 14:44:45', NULL, NULL, NULL, NULL, NULL, NULL);
INSERT INTO `pages` VALUES ('9f4af186-69b5-4e80-a4dc-981135f79d42', 'faq', 'feature-faq', '<p class=\"text-center text-gray-700\">Explore Nusa Travel\'s frequently asked questions (FAQs) to find answers to common inquiries about our travel services, tour packages, and booking process. Our FAQ page covers a wide range of topics, from payment options and cancellation policies to travel tips and destination information, providing helpful insights to ensure a smooth and enjoyable travel experience with Nusa Travel.</p>', NULL, NULL, 0, '2025-07-02 14:44:45', '2025-07-02 14:44:45', NULL, NULL, NULL, NULL, NULL, NULL);
INSERT INTO `pages` VALUES ('9f4af186-6d82-4094-ba0f-403e2fd63c22', 'fastboat-ekajaya', 'feature-fastboat-ekajaya', '<div class=\"w-full max-w-7xl mx-auto pt-10 px-2 pb-64 md:pb-32\">\r\n    <div class=\"flex flex-col\">\r\n        <div class=\"flex flex-row justify-between\">\r\n            <div class=\"flex flex-col\">\r\n                <h1 class=\"text-3xl font-bold\">Premium Ekajaya Fastboat Services</h1>\r\n                <p class=\"text-gray-400\">Nusa Travel proudly offers Ekajaya Fastboat services, ensuring fast and dependable connections among Bali, Lombok, Nusa Lembongan, Nusa Penida, Nusa Ceningan, and the Gili Islands. Experience the beauty of Indonesia with our first-class Ekajaya Fastboat services, designed for your comfort and enjoyment.</p>\r\n                <h2 class=\"text-2xl font-semibold mt-4\">Selecting Ekajaya Fastboat</h2>\r\n                <p class=\"text-gray-400\">Ekajaya Fastboat is a premier fast boat operator in the region, known for its quickness, safety, and exceptional service. The modern vessels are engineered to deliver a seamless and pleasurable journey to your favorite destinations, such as Gili Trawangan, Gili Air, Gili Meno, and Lombok.</p>\r\n                <h3 class=\"text-xl font-semibold mt-4\">Advantages of Reserving with Nusa Travel:</h3>\r\n                <ul class=\"list-disc list-inside\">\r\n                    <li>Effortless online reservation for Ekajaya Fastboat tickets</li>\r\n                    <li>Affordable prices and unbeatable offers</li>\r\n                    <li>Customized support from our experienced travel specialists</li>\r\n                    <li>Exclusive deals and markdowns for our esteemed clientele</li>\r\n                </ul>\r\n                <h3 class=\"text-xl font-semibold mt-4\">Ekajaya Fastboat Features</h3>\r\n                <p class=\"text-gray-400\">Experience exceptional quality with Ekajaya Fastboat\'s aluminum vessels built to international standards. Key features include:</p>\r\n                <ul class=\"list-disc list-inside\">\r\n                    <li>4x Volvo D16 750 HP engines for high speed and comfort</li>\r\n                    <li>Accredited captain and crew</li>\r\n                    <li>Capacity for 210 passengers</li>\r\n                    <li>Fully air-conditioned cabin</li>\r\n                    <li>Spacious and furnished with high-quality seating</li>\r\n                    <li>Sun deck for a relaxing experience</li>\r\n                    <li>Comprehensive safety equipment</li>\r\n                    <li>Modern entertainment system with LCD TV and DVD player</li>\r\n                    <li>Advanced GPS technology and ship-to-shore radio</li>\r\n                    <li>Life rafts and fire extinguishers for added safety</li>\r\n                    <li>Onboard toilet facilities</li>\r\n                </ul>\r\n\r\n\r\n                <h3 class=\"text-xl font-semibold mt-4\">Journey in Luxury and Elegance</h3>\r\n                <p class=\"text-gray-400\">Experience the ease of fast boat services from Bali to Gili Trawangan, Gili Air, Gili Meno, and Lombok, with several daily departures. Ekajaya\'s advanced and well-maintained fleet guarantees a comfortable and stress-free voyage, allowing you to unwind and appreciate the stunning scenery.</p>\r\n\r\n                <h3 class=\"text-xl font-semibold mt-4\">Popular Fastboat Itineraries</h3>\r\n                <p class=\"text-gray-400\">Ekajaya Fastboat serves in-demand routes, such as:</p>\r\n                <ul class=\"list-disc list-inside\">\r\n                    <li>Bali to Gili Trawangan, Gili Air, Gili Meno, and Lombok</li>\r\n                    <li>Gili Trawangan to Bali, Gili Air, Gili Meno, and Lombok</li>\r\n                    <li>Gili Air to Bali, Gili Trawangan, Gili Meno, and Lombok</li>\r\n                    <li>Lombok to Bali, Gili Trawangan, Gili Air, and Gili Meno</li>\r\n                </ul>\r\n                \r\n                <p class=\"text-gray-400 mt-4\">Set sail on an extraordinary island-hopping escapade with Nusa Travel and Ekajaya Fastboat now!</p>\r\n            </div>\r\n        </div>\r\n    </div>\r\n    <div class=\"h-24 md:h-16\"></div>\r\n</div>', NULL, NULL, 0, '2025-07-02 14:44:45', '2025-07-02 14:44:45', NULL, NULL, NULL, NULL, NULL, NULL);
INSERT INTO `pages` VALUES ('9f4af186-7179-4569-b180-7ffb47879cd2', 'fastboat', 'feature-fastboat', '<div class=\"w-full max-w-7xl mx-auto pt-10 px-2 pb-64 md:pb-32\">\r\n    <div class=\"flex flex-col\">\r\n        <div class=\"flex flex-row justify-between\">\r\n            <div class=\"flex flex-col\">\r\n                <h1 class=\"text-3xl font-bold\">Bali Fastboat Services</h1>\r\n                <p>At our platform, we offer tickets for several fastboat services, including <a href=\"ekajaya-fastboat\">Ekajaya Fastboat</a>, Angle Bilabong Fastboat, and more. The currently available fastboat provider is Ekajaya, but other fastboat services will be available soon.</p>\r\n                <p>Here is a list of fastboat services in Bali from TripAdvisor:</p>\r\n                <ul>\r\n                    <li>1. Gili Getaway</li>\r\n                    <li>2. FreeBird Express</li>\r\n                    <li>3. Arthamas Express</li>\r\n                    <li>4. Gili Gili Fast Boat</li>\r\n                    <li>5. <a href=\"/ekajaya-fastboat\" class=\"text-blue-600 hover:underline\">Ekajaya Fastboat</a></li>\r\n                    <li>6. Gili Cat Fast Boat</li>\r\n                    <li>7. BlueWater Express</li>\r\n                    <li>8. My Day Gili</li>\r\n                    <li>9. Bliputu Fast Boat</li>\r\n                    <li>10. Fast Boat Bali Lombok Services</li>\r\n                    <li>11. Gilis Boat Bali</li>\r\n                    <li>12. Wahana Gili Ocean</li>\r\n                    <li>13. Semaya One Fast Cruise</li>\r\n                    <li>14. Angel Billabong Fast Cruise</li>\r\n                    <li>15. Easy Gili</li>\r\n                    <li>16. Sri Rejeki Express</li>\r\n                    <li>17. Bali Gili Fast Boat</li>\r\n                    <li>18. Golden Queen Fast Boat</li>\r\n                    <li>19. Kuda Hitam Express</li>\r\n                    <li>20. Sugriwa Express - Fast Boat</li>\r\n                    <!-- Add more list items here -->\r\n                </ul>\r\n            </div>\r\n        </div>\r\n    </div>\r\n<div class=\"h-24 md:h-16\"></div>', NULL, NULL, 0, '2025-07-02 14:44:45', '2025-07-02 14:44:45', NULL, NULL, NULL, NULL, NULL, NULL);
INSERT INTO `pages` VALUES ('9f4af186-7638-4e5c-aa11-4f44480c9e08', 'tour-package', 'feature-tour-package', '<hr>\r\n<section class=\"max-w-7xl mx-auto py-8 px-4\">\r\n    <h2 class=\"text-2xl font-bold mb-6\">\r\n        Explore the Enchanting Beauty of Nusa Penida with Our Unforgettable Tours\r\n    </h2>\r\n    <p>\r\n        Embark on a journey to discover the picturesque island of Nusa Penida, a hidden gem nestled in the turquoise waters off the southeast coast of Bali. Our Nusa Penida tours offer a diverse range of experiences designed to showcase the island\'s breathtaking natural beauty, vibrant culture, and rich history. From adventurous Nusa Penida tour packages to relaxing Nusa Penida tourism experiences, we have something for everyone.\r\n    </p>\r\n    <h3 class=\"text-xl font-bold mt-4 mb-2\">\r\n        Nusa Penida Tour Packages\r\n    </h3>\r\n    <p>\r\n        Our Nusa Penida tour packages cater to various interests and preferences. Choose from a wide selection of carefully curated itineraries that include popular attractions such as Kelingking Beach, Crystal Bay, and Angel\'s Billabong. Our Nusa Penida tour package options also cover thrilling activities like snorkeling, trekking, and cliff jumping for the adrenaline seekers.\r\n    </p>\r\n    <h3 class=\"text-xl font-bold mt-4 mb-2\">\r\n        Nusa Penida Tour and Travel\r\n    </h3>\r\n    <p>\r\n        Experience the island at your own pace with our customizable Nusa Penida tour and travel options. Work with our expert team to design your dream Nusa Penida itinerary, or choose from a selection of pre-planned routes that showcase the best of the island\'s stunning landscapes and captivating cultural sites.\r\n    </p>\r\n    <h3 class=\"text-xl font-bold mt-4 mb-2\">\r\n        Nusa Penida Tourism\r\n    </h3>\r\n    <p>\r\n        As a rapidly growing destination in the Indonesian archipelago, Nusa Penida tourism is flourishing thanks to its pristine beaches, dramatic cliffs, and lush forests. Our Nusa Penida tours provide immersive experiences that highlight the island\'s natural wonders and cultural treasures, ensuring a memorable and enlightening journey for every traveler.\r\n    </p>\r\n    <h3 class=\"text-xl font-bold mt-4 mb-2\">\r\n        Nusa Penida Tour Guide\r\n    </h3>\r\n    <p>\r\n        Our experienced Nusa Penida tour guides are passionate about sharing their love for the island and its unique heritage. They will lead you on an unforgettable adventure, sharing fascinating stories and local insights as you explore the island\'s hidden gems and iconic landmarks.\r\n    </p>\r\n    <h3 class=\"text-xl font-bold mt-4 mb-2\">\r\n        Affordable Nusa Penida Tour Murah Options\r\n    </h3>\r\n    <p>\r\n        We believe that everyone should have the opportunity to experience the beauty of Nusa Penida. That\'s why we offer a range of budget-friendly Nusa Penida tour murah options, providing exceptional value without compromising on quality or experience.\r\n    </p>\r\n    <h3 class=\"text-xl font-bold mt-4 mb-2\">\r\n        Nusa Penida Tour &amp; Snorkeling Natanusapenida.com\r\n    </h3>\r\n    <p>\r\n        For those who love to explore the underwater world, our Nusa Penida Tour &amp; Snorkeling Natanusapenida.com packages provide a unique opportunity to discover the vibrant marine life and pristine coral reefs surrounding the island. Dive into crystal-clear waters and swim alongside colorful fish, majestic manta rays, and other captivating marine creatures.\r\n    </p>\r\n    <h3 class=\"text-xl font-bold mt-4 mb-2\">\r\n        Nusa Penida Tour Service\r\n    </h3>\r\n    <p>\r\n        Our Nusa Penida tour service is committed to providing exceptional experiences for our guests. From comfortable transportation to knowledgeable guides, we strive to ensure that every aspect of your Nusa Penida tour is seamless and enjoyable.\r\n    </p>\r\n    <h3 class=\"text-xl font-bold mt-4 mb-2\">\r\n        Nusa Penida Tour \r\n    </h3>\r\n    <p>\r\n        For your convenience, you can book our Nusa Penida tours directly through our Airbnb listing. Browse our available options and reserve your spot on one of our unforgettable adventures today.\r\n    </p>\r\n    <p>\r\n        Embark on a journey of a lifetime with our Nusa Penida tours and create memories that will last forever. From awe-inspiring natural landscapes to fascinatingcultural experiences, Nusa Penida offers something for everyone. Book your Nusa Penida tour package today and discover the enchanting beauty of this captivating island paradise.\r\n    </p>\r\n</section>', NULL, NULL, 0, '2025-07-02 14:44:45', '2025-07-02 14:44:45', NULL, NULL, NULL, NULL, NULL, NULL);

-- ----------------------------
-- Table structure for password_resets
-- ----------------------------
DROP TABLE IF EXISTS `password_resets`;
CREATE TABLE `password_resets`  (
  `email` varchar(191) CHARACTER SET utf8mb4 COLLATE utf8mb4_unicode_ci NOT NULL,
  `token` varchar(191) CHARACTER SET utf8mb4 COLLATE utf8mb4_unicode_ci NOT NULL,
  `created_at` timestamp NULL DEFAULT NULL,
  PRIMARY KEY (`email`) USING BTREE
) ENGINE = MyISAM AUTO_INCREMENT = 1 CHARACTER SET = utf8mb4 COLLATE = utf8mb4_unicode_ci ROW_FORMAT = Dynamic;

-- ----------------------------
-- Records of password_resets
-- ----------------------------

-- ----------------------------
-- Table structure for permissions
-- ----------------------------
DROP TABLE IF EXISTS `permissions`;
CREATE TABLE `permissions`  (
  `id` char(36) CHARACTER SET utf8mb4 COLLATE utf8mb4_unicode_ci NOT NULL,
  `label` varchar(191) CHARACTER SET utf8mb4 COLLATE utf8mb4_unicode_ci NOT NULL,
  `name` varchar(191) CHARACTER SET utf8mb4 COLLATE utf8mb4_unicode_ci NOT NULL,
  `created_at` timestamp NULL DEFAULT NULL,
  `updated_at` timestamp NULL DEFAULT NULL,
  PRIMARY KEY (`id`) USING BTREE
) ENGINE = MyISAM AUTO_INCREMENT = 1 CHARACTER SET = utf8mb4 COLLATE = utf8mb4_unicode_ci ROW_FORMAT = Dynamic;

-- ----------------------------
-- Records of permissions
-- ----------------------------
INSERT INTO `permissions` VALUES ('00f00ce2-1dc5-4931-8811-ce07a2867915', 'View Dashboard', 'view-dashboard', NULL, NULL);
INSERT INTO `permissions` VALUES ('a4fd4d7e-62df-4166-83e0-94cb54d89f52', 'Create Post', 'create-post', NULL, NULL);
INSERT INTO `permissions` VALUES ('5338ef51-0e6e-439f-a84a-fee53b2b32c5', 'Update Post', 'update-post', NULL, NULL);
INSERT INTO `permissions` VALUES ('ddf4663a-9fed-46d3-990a-a77a4791e39d', 'View Post', 'view-post', NULL, NULL);
INSERT INTO `permissions` VALUES ('f5c9d8c9-39bc-44ac-b16b-e1b235671b9f', 'Delete Post', 'delete-post', NULL, NULL);
INSERT INTO `permissions` VALUES ('05f8e8a4-6b56-4946-b85e-4ae373619899', 'Create FAQ', 'create-faq', NULL, NULL);
INSERT INTO `permissions` VALUES ('b2e88235-4e4f-4074-bc6a-6b011b439718', 'Update FAQ', 'update-faq', NULL, NULL);
INSERT INTO `permissions` VALUES ('76a2fabe-8818-4b64-9e28-ed95efe7cd95', 'View FAQ', 'view-faq', NULL, NULL);
INSERT INTO `permissions` VALUES ('f6257bfc-7b72-486a-90ad-f48e3cb7fe1b', 'Delete FAQ', 'delete-faq', NULL, NULL);
INSERT INTO `permissions` VALUES ('ac5060be-d705-486b-8485-d677ee694b7a', 'Create Gallery', 'create-gallery', NULL, NULL);
INSERT INTO `permissions` VALUES ('756691a6-4ae5-4598-b8da-abb58b891bae', 'Update Gallery', 'update-gallery', NULL, NULL);
INSERT INTO `permissions` VALUES ('e18cd94c-d52e-48aa-8e9d-122f4c72c8d8', 'View Gallery', 'view-gallery', NULL, NULL);
INSERT INTO `permissions` VALUES ('6538bd37-2400-4911-9b6c-bc65aedf45af', 'Delete Gallery', 'delete-gallery', NULL, NULL);
INSERT INTO `permissions` VALUES ('ef4865f8-3274-4294-bb9e-47d3aad45b75', 'Create Page', 'create-page', NULL, NULL);
INSERT INTO `permissions` VALUES ('071ce54b-5247-433a-a992-d348d003b373', 'Update Page', 'update-page', NULL, NULL);
INSERT INTO `permissions` VALUES ('22ddd071-1992-4dca-a933-8cd731b8be4d', 'View Page', 'view-page', NULL, NULL);
INSERT INTO `permissions` VALUES ('31159324-7443-4b8e-950e-05fd69f32582', 'Delete Page', 'delete-page', NULL, NULL);
INSERT INTO `permissions` VALUES ('87e51ff5-9906-4504-9ff9-5e9fcf8a9f36', 'Create Tag', 'create-tag', NULL, NULL);
INSERT INTO `permissions` VALUES ('bad267dc-150b-4b74-85b8-f3e6bb76fd77', 'Update Tag', 'update-tag', NULL, NULL);
INSERT INTO `permissions` VALUES ('bdd7c6da-9b2b-49c4-89d3-f9d30f4d82a0', 'View Tag', 'view-tag', NULL, NULL);
INSERT INTO `permissions` VALUES ('07b92f7d-30fb-4c01-8624-68e67211d0dd', 'Delete Tag', 'delete-tag', NULL, NULL);
INSERT INTO `permissions` VALUES ('dac5edad-5415-4266-93b1-44a9aafee9f2', 'Create Customer', 'create-customer', NULL, NULL);
INSERT INTO `permissions` VALUES ('d2314582-187a-4250-9084-5556d4abb5c9', 'Update Customer', 'update-customer', NULL, NULL);
INSERT INTO `permissions` VALUES ('18268ef3-da6e-4daa-a066-180d77dff538', 'View Customer', 'view-customer', NULL, NULL);
INSERT INTO `permissions` VALUES ('39fd5065-ba40-4288-85da-f100a3632066', 'Delete Customer', 'delete-customer', NULL, NULL);
INSERT INTO `permissions` VALUES ('aad20c9e-7e00-494e-bde6-a94c291298fb', 'Create Tour Package', 'create-tour-package', NULL, NULL);
INSERT INTO `permissions` VALUES ('d74c4bd6-786c-4943-b0e9-b5183420d02e', 'Update Tour Package', 'update-tour-package', NULL, NULL);
INSERT INTO `permissions` VALUES ('b7c00b6c-e851-4ac0-88e0-a5714aaa2e56', 'View Tour Package', 'view-tour-package', NULL, NULL);
INSERT INTO `permissions` VALUES ('331acefa-12b9-4935-b6fd-904da2b332b6', 'Delete Tour Package', 'delete-tour-package', NULL, NULL);
INSERT INTO `permissions` VALUES ('ecf6b894-06c6-448e-baa5-b430eee13680', 'Create Order', 'create-order', NULL, NULL);
INSERT INTO `permissions` VALUES ('70fc6a9f-1949-4d3c-9770-4e133acdbfb3', 'Update Order', 'update-order', NULL, NULL);
INSERT INTO `permissions` VALUES ('4ee23d5e-e14e-4ed9-ab2b-d84cac1ffe61', 'View Order', 'view-order', NULL, NULL);
INSERT INTO `permissions` VALUES ('8c28b694-2a66-4d29-8228-982bf7c09d7f', 'Delete Order', 'delete-order', NULL, NULL);
INSERT INTO `permissions` VALUES ('46fdebf5-83e6-40a6-a8a9-6ca03eb64851', 'Create Car Rental', 'create-car-rental', NULL, NULL);
INSERT INTO `permissions` VALUES ('1f757e41-e440-47bf-a543-d4b778ae6d95', 'Update Car Rental', 'update-car-rental', NULL, NULL);
INSERT INTO `permissions` VALUES ('d54ecfac-54f4-46b2-a262-e3825d94ea13', 'View Car Rental', 'view-car-rental', NULL, NULL);
INSERT INTO `permissions` VALUES ('9e48cc30-452d-4cb5-9eb3-a7c327972cf1', 'Delete Car Rental', 'delete-car-rental', NULL, NULL);
INSERT INTO `permissions` VALUES ('dbd28f12-1168-4b1a-9fb7-989ff06f153e', 'Create Fastboat', 'create-fastboat', NULL, NULL);
INSERT INTO `permissions` VALUES ('8ae3c42f-b09a-40a7-af01-3b756a4d0ceb', 'Update Fastboat', 'update-fastboat', NULL, NULL);
INSERT INTO `permissions` VALUES ('9a3d8dd2-dd37-4e9e-890d-0950302db135', 'View Fastboat', 'view-fastboat', NULL, NULL);
INSERT INTO `permissions` VALUES ('9724db15-4eb3-4f54-b2af-68d59ec5c894', 'Delete Fastboat', 'delete-fastboat', NULL, NULL);
INSERT INTO `permissions` VALUES ('47f66990-afd1-4d27-a3a7-254b24ccbbc3', 'Create Fastboat Place', 'create-fastboat-place', NULL, NULL);
INSERT INTO `permissions` VALUES ('1f2412b2-b4fb-4f82-809b-1622830abc92', 'Update Fastboat Place', 'update-fastboat-place', NULL, NULL);
INSERT INTO `permissions` VALUES ('e9260dee-32da-43fd-a96b-b60db29d880c', 'View Fastboat Place', 'view-fastboat-place', NULL, NULL);
INSERT INTO `permissions` VALUES ('152c31de-05e3-486d-bd45-5fd57b6653b2', 'Delete Fastboat Place', 'delete-fastboat-place', NULL, NULL);
INSERT INTO `permissions` VALUES ('fd3a022f-14c9-47c5-be09-30baf6dfc421', 'Create Fastboat Track', 'create-fastboat-track', NULL, NULL);
INSERT INTO `permissions` VALUES ('f8b5b2ec-012d-489e-8e39-09736a280d84', 'Update Fastboat Track', 'update-fastboat-track', NULL, NULL);
INSERT INTO `permissions` VALUES ('071c59a9-4fb0-466a-8da5-12133f4fbec3', 'View Fastboat Track', 'view-fastboat-track', NULL, NULL);
INSERT INTO `permissions` VALUES ('495c19a9-5d40-4e47-b313-4029eb999f6a', 'Delete Fastboat Track', 'delete-fastboat-track', NULL, NULL);
INSERT INTO `permissions` VALUES ('bcab0db3-0f5e-4845-bb81-9409b6e8589d', 'Create Fastboat Dropoff', 'create-fastboat-dropoff', NULL, NULL);
INSERT INTO `permissions` VALUES ('776d0565-feb1-4975-8565-adfa8f6b52c1', 'Update Fastboat Dropoff', 'update-fastboat-dropoff', NULL, NULL);
INSERT INTO `permissions` VALUES ('c8132600-9b63-44e9-96f2-5c6ccda443dc', 'View Fastboat Dropoff', 'view-fastboat-dropoff', NULL, NULL);
INSERT INTO `permissions` VALUES ('b3eb89b2-5fe2-4a33-b42f-6c9d68f80fa2', 'Delete Fastboat Dropoff', 'delete-fastboat-dropoff', NULL, NULL);
INSERT INTO `permissions` VALUES ('251675e1-c5eb-42b2-9bfb-853d71f919c6', 'Create User', 'create-user', NULL, NULL);
INSERT INTO `permissions` VALUES ('6f6c727e-42d2-44ab-b0c7-8a34a8a137e3', 'Update User', 'update-user', NULL, NULL);
INSERT INTO `permissions` VALUES ('93caf6eb-5b6f-4f96-8e2f-17549d7fe1be', 'View User', 'view-user', NULL, NULL);
INSERT INTO `permissions` VALUES ('e10c42a7-88a6-4abc-b429-8b10da1ceaa6', 'Delete User', 'delete-user', NULL, NULL);
INSERT INTO `permissions` VALUES ('c6b9f3ff-68ef-4bdf-ab3b-3097bb304d4d', 'Create Role', 'create-role', NULL, NULL);
INSERT INTO `permissions` VALUES ('3a938712-a707-4f6a-8483-24a3b21540d5', 'Update Role', 'update-role', NULL, NULL);
INSERT INTO `permissions` VALUES ('43ddbadb-847b-4d61-a1ed-610e7e1d0152', 'View Role', 'view-role', NULL, NULL);
INSERT INTO `permissions` VALUES ('0adf6220-57ca-4272-b691-47e7a852fb32', 'Delete Role', 'delete-role', NULL, NULL);
INSERT INTO `permissions` VALUES ('9fc527b4-a3a5-4f85-8fc7-dbfff0144a43', 'Create Promo', 'create-promo', NULL, NULL);
INSERT INTO `permissions` VALUES ('f24ff5c5-0805-4f62-914b-e239ee1b2a8a', 'Update Promo', 'update-promo', NULL, NULL);
INSERT INTO `permissions` VALUES ('c5771c35-4afb-4922-b7a6-fb3acf8620d2', 'View Promo', 'view-promo', NULL, NULL);
INSERT INTO `permissions` VALUES ('35b4c8a6-f4dd-4ec7-8010-b8a1b769db38', 'Delete Promo', 'delete-promo', NULL, NULL);
INSERT INTO `permissions` VALUES ('12dfe074-97c2-43ae-856f-79b2533efe94', 'Update Setting', 'update-setting', NULL, NULL);
INSERT INTO `permissions` VALUES ('13e9a919-e091-4e11-89e3-f874e7071720', 'View Setting', 'view-setting', NULL, NULL);
INSERT INTO `permissions` VALUES ('41170c82-6a79-46d7-b86c-cff7879416da', 'Create Agent', 'create-agent', NULL, NULL);
INSERT INTO `permissions` VALUES ('924996a4-807f-43b3-986e-e140bf8adfd6', 'Update Agent', 'update-agent', NULL, NULL);
INSERT INTO `permissions` VALUES ('e34adb41-1f8a-4495-8a06-d39c8398ab40', 'View Agent', 'view-agent', NULL, NULL);
INSERT INTO `permissions` VALUES ('077062d4-c495-4162-92e5-6ac6f5241009', 'Delete Agent', 'delete-agent', NULL, NULL);
INSERT INTO `permissions` VALUES ('5f9f2c97-3337-4273-80a6-a8c9bb0f09aa', 'View Price Agent', 'view-price-agent', NULL, NULL);
INSERT INTO `permissions` VALUES ('c21ebe6c-61e2-4afa-b6bf-1b54ba93313e', 'Create Price Agent', 'create-price-agent', NULL, NULL);
INSERT INTO `permissions` VALUES ('d1c2d0de-191c-4181-b8b6-f74b09f4513c', 'Update Price Agent', 'update-price-agent', NULL, NULL);
INSERT INTO `permissions` VALUES ('b6ce04d8-f748-4722-9a54-c3c41bcbdb5c', 'Delete Price Agent', 'delete-price-agent', NULL, NULL);
INSERT INTO `permissions` VALUES ('29c4200a-7fb2-4277-a558-3b87966702bf', 'View Fastboat Pickup', 'view-fastboat-pickup', NULL, NULL);
INSERT INTO `permissions` VALUES ('6549b0e6-b59d-4a30-b599-6fafbc38a4cd', 'Create Fastboat Pickup', 'create-fastboat-pickup', NULL, NULL);
INSERT INTO `permissions` VALUES ('23f3ed61-8694-4312-88bd-18b4db334ec8', 'Update Fastboat Pickup', 'update-fastboat-pickup', NULL, NULL);
INSERT INTO `permissions` VALUES ('1bb089fe-0fe9-471a-9efd-37b9a8f8538b', 'Delete Fastboat Pickup', 'delete-fastboat-pickup', NULL, NULL);
INSERT INTO `permissions` VALUES ('f9416ded-302c-41c0-9483-a6095f0fa207', 'View Unavailable Date', 'view-unavailable-date', NULL, NULL);
INSERT INTO `permissions` VALUES ('6fc7e56e-1717-4026-9ccc-6387f71ae6c3', 'Create Unavailable Date', 'create-unavailable-date', NULL, NULL);
INSERT INTO `permissions` VALUES ('1669cb80-20d9-4266-aa88-af5069e41578', 'Update Unavailable Date', 'update-unavailable-date', NULL, NULL);
INSERT INTO `permissions` VALUES ('0ea132eb-d8d4-4979-90d6-ceeed3002bd6', 'Delete Unavailable Date', 'delete-unavailable-date', NULL, NULL);
INSERT INTO `permissions` VALUES ('4de0e091-f878-4cfd-834c-46697a72eea8', 'Create Globaltix to Track', 'create-globaltix-to-track', NULL, NULL);
INSERT INTO `permissions` VALUES ('73cf6f21-d0d1-4574-964d-88fb2c410975', 'Update Globaltix to Track', 'update-globaltix-to-track', NULL, NULL);
INSERT INTO `permissions` VALUES ('e40d99a7-4d87-4c8a-9e21-ba4102e023cd', 'View Globaltix to Track', 'view-globaltix-to-track', NULL, NULL);
INSERT INTO `permissions` VALUES ('f9c11db9-6d55-4c40-9b65-249d566b4354', 'Delete Globaltix to Track', 'delete-globaltix-to-track', NULL, NULL);
INSERT INTO `permissions` VALUES ('5eadefa9-af83-4720-8d62-20653072dad9', 'Create API Integration Track', 'create-ekajaya-to-track', NULL, NULL);
INSERT INTO `permissions` VALUES ('759f67a1-444b-412b-92f5-7c7e79e48d65', 'Update API Integration Track', 'update-ekajaya-to-track', NULL, NULL);
INSERT INTO `permissions` VALUES ('75cf26b3-cc7d-4cf6-ac01-4c0a3a70c011', 'View API Integration Track', 'view-ekajaya-to-track', NULL, NULL);
INSERT INTO `permissions` VALUES ('dcb6e6d1-eab8-4f75-877f-8ac33b38ec1e', 'Delete API Integration Track', 'delete-ekajaya-to-track', NULL, NULL);
INSERT INTO `permissions` VALUES ('01dab36d-caab-4470-b09a-7a246f54b63a', 'Create Deposite Agent', 'create-deposite-agent', NULL, NULL);
INSERT INTO `permissions` VALUES ('ed7fe0b7-7b1e-4146-ba40-84735a4fb86e', 'Update Deposite Agent', 'update-deposite-agent', NULL, NULL);
INSERT INTO `permissions` VALUES ('41b1e351-33be-4f9d-8095-ac17b6a52f03', 'View Deposite Agent', 'view-deposite-agent', NULL, NULL);
INSERT INTO `permissions` VALUES ('d1e5b2ea-0bc2-4f3e-9827-6f0a22934f03', 'Delete Deposite Agent', 'delete-deposite-agent', NULL, NULL);

-- ----------------------------
-- Table structure for personal_access_tokens
-- ----------------------------
DROP TABLE IF EXISTS `personal_access_tokens`;
CREATE TABLE `personal_access_tokens`  (
  `id` bigint UNSIGNED NOT NULL AUTO_INCREMENT,
  `tokenable_type` varchar(191) CHARACTER SET utf8mb4 COLLATE utf8mb4_unicode_ci NOT NULL,
  `tokenable_id` bigint UNSIGNED NOT NULL,
  `name` varchar(191) CHARACTER SET utf8mb4 COLLATE utf8mb4_unicode_ci NOT NULL,
  `token` varchar(64) CHARACTER SET utf8mb4 COLLATE utf8mb4_unicode_ci NOT NULL,
  `abilities` text CHARACTER SET utf8mb4 COLLATE utf8mb4_unicode_ci NULL,
  `last_used_at` timestamp NULL DEFAULT NULL,
  `expires_at` timestamp NULL DEFAULT NULL,
  `created_at` timestamp NULL DEFAULT NULL,
  `updated_at` timestamp NULL DEFAULT NULL,
  PRIMARY KEY (`id`) USING BTREE,
  UNIQUE INDEX `personal_access_tokens_token_unique`(`token`) USING BTREE,
  INDEX `personal_access_tokens_tokenable_type_tokenable_id_index`(`tokenable_type`, `tokenable_id`) USING BTREE
) ENGINE = MyISAM AUTO_INCREMENT = 1 CHARACTER SET = utf8mb4 COLLATE = utf8mb4_unicode_ci ROW_FORMAT = Dynamic;

-- ----------------------------
-- Records of personal_access_tokens
-- ----------------------------

-- ----------------------------
-- Table structure for post_tags
-- ----------------------------
DROP TABLE IF EXISTS `post_tags`;
CREATE TABLE `post_tags`  (
  `id` char(36) CHARACTER SET utf8mb4 COLLATE utf8mb4_unicode_ci NOT NULL,
  `post_id` char(36) CHARACTER SET utf8mb4 COLLATE utf8mb4_unicode_ci NOT NULL,
  `tag_id` char(36) CHARACTER SET utf8mb4 COLLATE utf8mb4_unicode_ci NOT NULL,
  `created_at` timestamp NULL DEFAULT NULL,
  `updated_at` timestamp NULL DEFAULT NULL,
  `deleted_at` timestamp NULL DEFAULT NULL,
  PRIMARY KEY (`id`) USING BTREE
) ENGINE = MyISAM AUTO_INCREMENT = 1 CHARACTER SET = utf8mb4 COLLATE = utf8mb4_unicode_ci ROW_FORMAT = Fixed;

-- ----------------------------
-- Records of post_tags
-- ----------------------------
INSERT INTO `post_tags` VALUES ('9f4af185-ddcc-4493-a21b-0158cc209b08', '9f4af185-dd35-4adc-bdb0-8423e82f32d8', 'f8147603-6010-4044-aeba-793188bc965d', '2025-07-02 14:44:44', '2025-07-02 14:44:44', NULL);
INSERT INTO `post_tags` VALUES ('9f4af185-e4a3-4d19-a1c8-c3aa1e7b678b', '9f4af185-e415-41be-a2bf-b1bcc3b85538', 'e5d8d85b-32ca-4615-98cb-2e8929a438a2', '2025-07-02 14:44:44', '2025-07-02 14:44:44', NULL);
INSERT INTO `post_tags` VALUES ('9f4af185-ec50-48ce-a874-743093f826a5', '9f4af185-ebf1-431b-8ca2-0a3e5ecf9239', 'f8147603-6010-4044-aeba-793188bc965d', '2025-07-02 14:44:44', '2025-07-02 14:44:44', NULL);
INSERT INTO `post_tags` VALUES ('9f4af185-f23e-4391-b743-20a0423c8bba', '9f4af185-f1eb-4597-b056-0a7e195396ee', 'f8147603-6010-4044-aeba-793188bc965d', '2025-07-02 14:44:44', '2025-07-02 14:44:44', NULL);

-- ----------------------------
-- Table structure for posts
-- ----------------------------
DROP TABLE IF EXISTS `posts`;
CREATE TABLE `posts`  (
  `id` char(36) CHARACTER SET utf8mb4 COLLATE utf8mb4_unicode_ci NOT NULL,
  `slug` varchar(191) CHARACTER SET utf8mb4 COLLATE utf8mb4_unicode_ci NOT NULL,
  `title` varchar(191) CHARACTER SET utf8mb4 COLLATE utf8mb4_unicode_ci NOT NULL,
  `cover_image` varchar(191) CHARACTER SET utf8mb4 COLLATE utf8mb4_unicode_ci NOT NULL,
  `body` text CHARACTER SET utf8mb4 COLLATE utf8mb4_unicode_ci NULL,
  `meta_tag` varchar(191) CHARACTER SET utf8mb4 COLLATE utf8mb4_unicode_ci NULL DEFAULT NULL,
  `is_publish` smallint NOT NULL DEFAULT 0,
  `created_at` timestamp NULL DEFAULT NULL,
  `updated_at` timestamp NULL DEFAULT NULL,
  `deleted_at` timestamp NULL DEFAULT NULL,
  `created_by` char(36) CHARACTER SET utf8mb4 COLLATE utf8mb4_unicode_ci NULL DEFAULT NULL,
  `updated_by` char(36) CHARACTER SET utf8mb4 COLLATE utf8mb4_unicode_ci NULL DEFAULT NULL,
  `deleted_by` char(36) CHARACTER SET utf8mb4 COLLATE utf8mb4_unicode_ci NULL DEFAULT NULL,
  `original_id` char(36) CHARACTER SET utf8mb4 COLLATE utf8mb4_unicode_ci NULL DEFAULT NULL,
  `lang` varchar(191) CHARACTER SET utf8mb4 COLLATE utf8mb4_unicode_ci NULL DEFAULT NULL,
  PRIMARY KEY (`id`) USING BTREE
) ENGINE = MyISAM AUTO_INCREMENT = 1 CHARACTER SET = utf8mb4 COLLATE = utf8mb4_unicode_ci ROW_FORMAT = Dynamic;

-- ----------------------------
-- Records of posts
-- ----------------------------
INSERT INTO `posts` VALUES ('9f4af185-dd35-4adc-bdb0-8423e82f32d8', 'uluwatu-kecak-fire-and-dance-show-ticket-in-bali', 'Uluwatu Kecak Fire and Dance Show Ticket in Bali	', 'images/post1.webp', '<div id=\"activity_summary\" class=\"experience-section-item activity_summary\">\r\n<div id=\"activity_summary\" class=\"k-section dynamic_component  experiences-activity-dto activity_summary\" data-navigation-title=\"What to expect\" data-spm-provide=\"section\">\r\n<div id=\"activity_summary\" data-navigation-title=\"What to expect\" data-v-257ac1f6=\"\">\r\n<div data-v-257ac1f6=\"\">\r\n<div data-v-257ac1f6=\"\">\r\n<div id=\"activity_summary\" class=\"dynamic-component dynamic-component dynamic-component_desktop\" title=\"What to expect\" data-navigation-title=\"What to expect\" data-v-5775af16=\"\">\r\n<div class=\"dynamic-component-section\" title=\"Highlights\" data-v-5775af16=\"\">\r\n<div class=\"activity-klk-markdown\" data-v-87a71e24=\"\">\r\n<div class=\"klk-markdown klk-markdown--highlight\" data-v-87a71e24=\"\">\r\n<p>If you&rsquo;re going on a trip to Bali, then visiting the Uluwatu Temple is a must and one of its highlights is the Kecak fire and dance show that takes place at night. Book through Klook and get to watch this highly-touted show! Get to see the locals put on an enchanting show with traditional and hypnotic Kecak dances with swirling flames and vibrant cultural outfits, all while enjoying the sublime sunset; the show is perfectly timed just in time for it. This will surely make for a more memorable trip to the island.</p>\r\n</div>\r\n</div>\r\n</div>\r\n<div class=\"dynamic-image dynamic-component-section desktop\" data-v-3db8ddd9=\"\" data-v-5775af16=\"\">\r\n<div class=\"page-activity-description-image-desc\" data-v-3db8ddd9=\"\">\r\n<div class=\"img-container\" data-v-3db8ddd9=\"\"><img class=\"seo-lazy-image\" src=\"https://res.klook.com/images/fl_lossy.progressive,q_65/c_fill,w_1295,h_720/w_80,x_15,y_15,g_south_west,l_Klook_water_br_trans_yhcmh3/activities/tuldqyysf4fyumhcs3on/UluwatuKecakFireandDanceShowTicketinBali.webp\" alt=\"the beginning of the Kecak Fire and Dance Show in Uluwatu Temple\" data-src=\"https://res.klook.com/images/fl_lossy.progressive,q_65/c_fill,w_1295,h_720/w_80,x_15,y_15,g_south_west,l_Klook_water_br_trans_yhcmh3/activities/tuldqyysf4fyumhcs3on/UluwatuKecakFireandDanceShowTicketinBali.webp\">\r\n<div>&nbsp;</div>\r\n</div>\r\n<div class=\"page-activity-description-desc page-activity-description-desc-desktop\" data-v-3db8ddd9=\"\"><span data-v-3db8ddd9=\"\">Purchase tickets to watch the famous Kecak fire and dance show in Bali\'s magnificent Uluwatu Temple. Redemption location is at ticketing counter, follow online travel agent line and show your Klook voucher</span></div>\r\n</div>\r\n<div class=\"page-activity-description-image-desc\" data-v-3db8ddd9=\"\">\r\n<div class=\"img-container\" data-v-3db8ddd9=\"\"><img class=\"seo-lazy-image\" src=\"https://res.klook.com/images/fl_lossy.progressive,q_65/c_fill,w_1295,h_720/w_80,x_15,y_15,g_south_west,l_Klook_water_br_trans_yhcmh3/activities/qcsdjibehl9rqg3fqw8r/UluwatuKecakFireandDanceShowTicketinBali.webp\" alt=\"sunset over Bali\" data-src=\"https://res.klook.com/images/fl_lossy.progressive,q_65/c_fill,w_1295,h_720/w_80,x_15,y_15,g_south_west,l_Klook_water_br_trans_yhcmh3/activities/qcsdjibehl9rqg3fqw8r/UluwatuKecakFireandDanceShowTicketinBali.webp\">\r\n<div>&nbsp;</div>\r\n</div>\r\n<div class=\"page-activity-description-desc page-activity-description-desc-desktop\" data-v-3db8ddd9=\"\"><span data-v-3db8ddd9=\"\">Enjoy a view of the beautiful sunset over the island while you watch the show</span></div>\r\n</div>\r\n<div class=\"page-activity-description-image-desc\" data-v-3db8ddd9=\"\">\r\n<div class=\"img-container\" data-v-3db8ddd9=\"\"><img class=\"seo-lazy-image\" src=\"https://res.klook.com/images/fl_lossy.progressive,q_65/c_fill,w_1295,h_863/w_80,x_15,y_15,g_south_west,l_Klook_water_br_trans_yhcmh3/activities/hfeplgylmamp3y1cyip1/UluwatuKecakFireandDanceShowTicketinBali.webp\" alt=\"Uluwatu Sunset\" data-src=\"https://res.klook.com/images/fl_lossy.progressive,q_65/c_fill,w_1295,h_863/w_80,x_15,y_15,g_south_west,l_Klook_water_br_trans_yhcmh3/activities/hfeplgylmamp3y1cyip1/UluwatuKecakFireandDanceShowTicketinBali.webp\">\r\n<div>&nbsp;</div>\r\n</div>\r\n<div class=\"page-activity-description-desc page-activity-description-desc-desktop\" data-v-3db8ddd9=\"\"><span data-v-3db8ddd9=\"\">Complete the whole experience with an amazing view of the sunset over the ocean from a cliff</span></div>\r\n</div>\r\n<div class=\"page-activity-description-image-desc\" data-v-3db8ddd9=\"\">\r\n<div class=\"img-container\" data-v-3db8ddd9=\"\"><img class=\"seo-lazy-image\" src=\"https://res.klook.com/images/fl_lossy.progressive,q_65/c_fill,w_1295,h_971/w_80,x_15,y_15,g_south_west,l_Klook_water_br_trans_yhcmh3/activities/a5ys4t3sjkvnlqj0n9fl/UluwatuKecakFireandDanceShowTicketinBali.webp\" alt=\"Uluwatu Kecak Fire Dance Show\" data-src=\"https://res.klook.com/images/fl_lossy.progressive,q_65/c_fill,w_1295,h_971/w_80,x_15,y_15,g_south_west,l_Klook_water_br_trans_yhcmh3/activities/a5ys4t3sjkvnlqj0n9fl/UluwatuKecakFireandDanceShowTicketinBali.webp\">\r\n<div>&nbsp;</div>\r\n</div>\r\n<div class=\"page-activity-description-desc page-activity-description-desc-desktop\" data-v-3db8ddd9=\"\"><span data-v-3db8ddd9=\"\">Marvel the beautiful sunset in the background, timed perfectly for this incredible show</span></div>\r\n</div>\r\n<div class=\"page-activity-description-image-desc\" data-v-3db8ddd9=\"\">\r\n<div class=\"img-container\" data-v-3db8ddd9=\"\"><img class=\"seo-lazy-image\" src=\"https://res.klook.com/images/fl_lossy.progressive,q_65/c_fill,w_1295,h_971/w_80,x_15,y_15,g_south_west,l_Klook_water_br_trans_yhcmh3/activities/pcqrjriixnomk5trrzpa/UluwatuKecakFireandDanceShowTicketinBali.webp\" alt=\"Uluwatu Kecak Fire Dance Show\" data-src=\"https://res.klook.com/images/fl_lossy.progressive,q_65/c_fill,w_1295,h_971/w_80,x_15,y_15,g_south_west,l_Klook_water_br_trans_yhcmh3/activities/pcqrjriixnomk5trrzpa/UluwatuKecakFireandDanceShowTicketinBali.webp\">\r\n<div>&nbsp;</div>\r\n</div>\r\n<div class=\"page-activity-description-desc page-activity-description-desc-desktop\" data-v-3db8ddd9=\"\"><span data-v-3db8ddd9=\"\">Be mesmerized by hypnotic Kecak dances, dazzling flames and colorful cultural costumes</span></div>\r\n</div>\r\n</div>\r\n</div>\r\n</div>\r\n</div>\r\n</div>\r\n</div>\r\n</div>\r\n<div id=\"grey_gap\" class=\"experience-section-item grey_gap\">\r\n<div id=\"grey_gap\" class=\"k-section gap  experiences-activity-dto grey_gap\" data-navigation-title=\"\" data-spm-provide=\"section\">\r\n<div id=\"grey_gap\" class=\"divider-gap section-divider section-divider-desktop\" data-navigation-title=\"\"></div>\r\n</div>\r\n</div>\r\n<div id=\"Things_To_Note\" class=\"experience-section-item Things_To_Note\">\r\n<div id=\"Things_To_Note\" class=\"k-section dynamic_component  experiences-activity-dto Things_To_Note\" data-navigation-title=\"Things To Note\" data-spm-provide=\"section\">\r\n<div id=\"Things_To_Note\" class=\"section-header desktop\" data-spm-module=\"Things_To_Note:common:::RightCornerButton?trg=manual\" data-navigation-title=\"Things To Note\" data-v-43d17206=\"\">\r\n<div class=\"section-header_top\" data-v-43d17206=\"\">&nbsp;</div>\r\n</div>\r\n</div>\r\n</div>', '', 1, '2025-07-02 14:44:44', '2025-07-02 14:44:44', NULL, '9f4af185-bf21-41bc-aac7-5eefe6174aa1', NULL, NULL, NULL, NULL);
INSERT INTO `posts` VALUES ('9f4af185-e415-41be-a2bf-b1bcc3b85538', 'nusa-penida-day-tour-from-bali', 'Nusa Penida Day Tour from Bali	', 'images/post2.webp', '<div id=\"activity_summary\" class=\"experience-section-item activity_summary\">\r\n<div id=\"activity_summary\" class=\"k-section dynamic_component  experiences-activity-dto activity_summary\" data-navigation-title=\"What to expect\" data-spm-provide=\"section\">\r\n<div id=\"activity_summary\" class=\"section-header desktop\" data-spm-module=\"activity_summary:common:::RightCornerButton?trg=manual\" data-navigation-title=\"What to expect\" data-v-43d17206=\"\">\r\n<div class=\"section-header_top\" data-v-43d17206=\"\">\r\n<h2 class=\"section-title\" data-v-43d17206=\"\">What to Expect from West Nusa Penida Full Day Trip</h2>\r\n</div>\r\n</div>\r\n<div id=\"activity_summary\" data-navigation-title=\"What to expect\" data-v-257ac1f6=\"\">\r\n<div data-v-257ac1f6=\"\">\r\n<div data-v-257ac1f6=\"\">\r\n<div id=\"activity_summary\" class=\"dynamic-component dynamic-component dynamic-component_desktop\" title=\"What to Expect from West Nusa Penida Full Day Trip\" data-navigation-title=\"What to expect\" data-v-5775af16=\"\">\r\n<div class=\"dynamic-component-section\" title=\"Highlights\" data-v-5775af16=\"\">\r\n<div class=\"activity-klk-markdown\" data-v-87a71e24=\"\">\r\n<div class=\"klk-markdown klk-markdown--highlight\" data-v-87a71e24=\"\">\r\n<p class=\"p_followed\">If you\'re visiting the island of Bali, you might want to know that there\'s a nearby island that\'s great to visit if you want to avoid the noisy crowds. Book through Klook and go on a wonderful trip to the West Side of the Nusa Penida island and revel in the joys of its tranquil atmosphere and picturesque landscape.</p>\r\n<p class=\"p_followed\">Drop by magnificent photo stops worth posting on your Instagram, such as Angela Billabong, Broken Beach, Klingking Beach, and the Crystal Bay. You\'ll get the opportunity to swim in the area\'s crystal clear waters.</p>\r\n<p>You can even go snorkeling in Crystal Bay, Manta Bay, or Wall Bay and discover the majestic marine life in the area. It\'s a must for any beachgoer visiting Bali.</p>\r\n</div>\r\n</div>\r\n</div>\r\n<div class=\"dynamic-image dynamic-component-section desktop\" data-v-3db8ddd9=\"\" data-v-5775af16=\"\">\r\n<div class=\"page-activity-description-image-desc\" data-v-3db8ddd9=\"\">\r\n<div class=\"img-container\" data-v-3db8ddd9=\"\"><img class=\"seo-lazy-image\" src=\"https://res.klook.com/images/fl_lossy.progressive,q_65/c_fill,w_1295,h_971/w_80,x_15,y_15,g_south_west,l_Klook_water_br_trans_yhcmh3/activities/vawxmlydulgkkemplyk1/NusaPenidaDayTourfromBali.webp\" alt=\"Nusa Penida Tour hotel transfer\" data-src=\"https://res.klook.com/images/fl_lossy.progressive,q_65/c_fill,w_1295,h_971/w_80,x_15,y_15,g_south_west,l_Klook_water_br_trans_yhcmh3/activities/vawxmlydulgkkemplyk1/NusaPenidaDayTourfromBali.webp\">\r\n<div>&nbsp;</div>\r\n</div>\r\n<div class=\"page-activity-description-desc page-activity-description-desc-desktop\" data-v-3db8ddd9=\"\"><span data-v-3db8ddd9=\"\">Get picked up by your personal Klook driver - this tour offers a round-trip transfers to and from your hotel</span></div>\r\n</div>\r\n<div class=\"page-activity-description-image-desc\" data-v-3db8ddd9=\"\">\r\n<div class=\"img-container\" data-v-3db8ddd9=\"\"><img class=\"seo-lazy-image\" src=\"https://res.klook.com/images/fl_lossy.progressive,q_65/c_fill,w_1024,h_768/w_63,x_11,y_11,g_south_west,l_Klook_water_br_trans_yhcmh3/activities/xukw8bisv0iidtotxzzp/NusaPenidaDayTourfromBali.webp\" alt=\"Nusa Penida Day Tour\" data-src=\"https://res.klook.com/images/fl_lossy.progressive,q_65/c_fill,w_1024,h_768/w_63,x_11,y_11,g_south_west,l_Klook_water_br_trans_yhcmh3/activities/xukw8bisv0iidtotxzzp/NusaPenidaDayTourfromBali.webp\">\r\n<div>&nbsp;</div>\r\n</div>\r\n</div>\r\n<div class=\"page-activity-description-image-desc\" data-v-3db8ddd9=\"\">\r\n<div class=\"img-container\" data-v-3db8ddd9=\"\"><img class=\"seo-lazy-image\" src=\"https://res.klook.com/images/fl_lossy.progressive,q_65/c_fill,w_1214,h_764/w_74,x_14,y_14,g_south_west,l_Klook_water_br_trans_yhcmh3/activities/j7mhbxr0zd6hnzgwmi9a/NusaPenidaDayTourfromBali.webp\" alt=\"Nusa Penida Day Tour\" data-src=\"https://res.klook.com/images/fl_lossy.progressive,q_65/c_fill,w_1214,h_764/w_74,x_14,y_14,g_south_west,l_Klook_water_br_trans_yhcmh3/activities/j7mhbxr0zd6hnzgwmi9a/NusaPenidaDayTourfromBali.webp\">\r\n<div>&nbsp;</div>\r\n</div>\r\n<div class=\"page-activity-description-desc page-activity-description-desc-desktop\" data-v-3db8ddd9=\"\"><span data-v-3db8ddd9=\"\">You\'ll first take a fast boat from Sanur to Nusa Penida. If you get motion sickness, it\'s highly recommend you take motion sickness pills before hopping on!</span></div>\r\n</div>\r\n<div class=\"page-activity-description-image-desc\" data-v-3db8ddd9=\"\">\r\n<div class=\"img-container\" data-v-3db8ddd9=\"\"><img class=\"seo-lazy-image\" src=\"https://res.klook.com/images/fl_lossy.progressive,q_65/c_fill,w_1295,h_971/w_80,x_15,y_15,g_south_west,l_Klook_water_br_trans_yhcmh3/activities/qh1r546eodtqzcgrje1l/NusaPenidaDayTourfromBali.webp\" alt=\"Nusa Penida \" data-src=\"https://res.klook.com/images/fl_lossy.progressive,q_65/c_fill,w_1295,h_971/w_80,x_15,y_15,g_south_west,l_Klook_water_br_trans_yhcmh3/activities/qh1r546eodtqzcgrje1l/NusaPenidaDayTourfromBali.webp\">\r\n<div>&nbsp;</div>\r\n</div>\r\n<div class=\"page-activity-description-desc page-activity-description-desc-desktop\" data-v-3db8ddd9=\"\"><span data-v-3db8ddd9=\"\">Once you arrive to Nusa Penida, you will arrive at the shore You\'ll need to walk through shallow water to hop off the boat so be sure to wear sandals and you\'ll be picked up by your friendly Klook tour guide and driver for the day.</span></div>\r\n</div>\r\n<div class=\"page-activity-description-image-desc\" data-v-3db8ddd9=\"\">\r\n<div class=\"img-container\" data-v-3db8ddd9=\"\"><img class=\"seo-lazy-image\" src=\"https://res.klook.com/images/fl_lossy.progressive,q_65/c_fill,w_1295,h_612/w_80,x_15,y_15,g_south_west,l_Klook_water_br_trans_yhcmh3/activities/vpc6f22gk78j55q0r6jk/NusaPenidaDayTourfromBali.webp\" alt=\"Nusa Penida Bali\" data-src=\"https://res.klook.com/images/fl_lossy.progressive,q_65/c_fill,w_1295,h_612/w_80,x_15,y_15,g_south_west,l_Klook_water_br_trans_yhcmh3/activities/vpc6f22gk78j55q0r6jk/NusaPenidaDayTourfromBali.webp\">\r\n<div>&nbsp;</div>\r\n</div>\r\n<div class=\"page-activity-description-desc page-activity-description-desc-desktop\" data-v-3db8ddd9=\"\"><span data-v-3db8ddd9=\"\">Embark on a Nusa Penida day trip from Bali and enjoy a full day of adventure and breathtaking views</span></div>\r\n</div>\r\n<div class=\"page-activity-description-image-desc\" data-v-3db8ddd9=\"\">\r\n<div class=\"img-container\" data-v-3db8ddd9=\"\"><img class=\"seo-lazy-image\" src=\"https://res.klook.com/images/fl_lossy.progressive,q_65/c_fill,w_1280,h_588/w_79,x_14,y_14,g_south_west,l_Klook_water_br_trans_yhcmh3/activities/uyrxapgnraeo2mch3amd/NusaPenidaDayTourfromBali.webp\" alt=\"Nusa Penida Tour snorkeling\" data-src=\"https://res.klook.com/images/fl_lossy.progressive,q_65/c_fill,w_1280,h_588/w_79,x_14,y_14,g_south_west,l_Klook_water_br_trans_yhcmh3/activities/uyrxapgnraeo2mch3amd/NusaPenidaDayTourfromBali.webp\">\r\n<div>&nbsp;</div>\r\n</div>\r\n<div class=\"page-activity-description-desc page-activity-description-desc-desktop\" data-v-3db8ddd9=\"\"><span data-v-3db8ddd9=\"\">Experience the diverse marine life of Bali (depends on the weather) during snorkeling activities at Crystal Bay, Manta Bay, or Gamat Bay</span></div>\r\n</div>\r\n<div class=\"page-activity-description-image-desc\" data-v-3db8ddd9=\"\">\r\n<div class=\"img-container\" data-v-3db8ddd9=\"\"><img class=\"seo-lazy-image\" src=\"https://res.klook.com/images/fl_lossy.progressive,q_65/c_fill,w_1295,h_971/w_80,x_15,y_15,g_south_west,l_Klook_water_br_trans_yhcmh3/activities/bbx32pfjh3dsunpvyngi/NusaPenidaDayTourfromBali.webp\" alt=\"Nusa Penida angel billabong\" data-src=\"https://res.klook.com/images/fl_lossy.progressive,q_65/c_fill,w_1295,h_971/w_80,x_15,y_15,g_south_west,l_Klook_water_br_trans_yhcmh3/activities/bbx32pfjh3dsunpvyngi/NusaPenidaDayTourfromBali.webp\">\r\n<div>&nbsp;</div>\r\n</div>\r\n<div class=\"page-activity-description-desc page-activity-description-desc-desktop\" data-v-3db8ddd9=\"\"><span data-v-3db8ddd9=\"\">First top Angel Billabong! Get a chance to swim in the crystal clear emerald waters of the island\'s natural infinity pool, Angel Billabong</span></div>\r\n</div>\r\n<div class=\"page-activity-description-image-desc\" data-v-3db8ddd9=\"\">\r\n<div class=\"img-container\" data-v-3db8ddd9=\"\"><img class=\"seo-lazy-image\" src=\"https://res.klook.com/images/fl_lossy.progressive,q_65/c_fill,w_1295,h_971/w_80,x_15,y_15,g_south_west,l_Klook_water_br_trans_yhcmh3/activities/dxucfe6sdpxm3rptzmqq/NusaPenidaDayTourfromBali.webp\" alt=\"Nusa Penida \" data-src=\"https://res.klook.com/images/fl_lossy.progressive,q_65/c_fill,w_1295,h_971/w_80,x_15,y_15,g_south_west,l_Klook_water_br_trans_yhcmh3/activities/dxucfe6sdpxm3rptzmqq/NusaPenidaDayTourfromBali.webp\">\r\n<div>&nbsp;</div>\r\n</div>\r\n<div class=\"page-activity-description-desc page-activity-description-desc-desktop\" data-v-3db8ddd9=\"\"><span data-v-3db8ddd9=\"\">Plenty of photo taking opportunities against the background of beautiful Nusa Penida</span></div>\r\n</div>\r\n<div class=\"page-activity-description-image-desc\" data-v-3db8ddd9=\"\">\r\n<div class=\"img-container\" data-v-3db8ddd9=\"\"><img class=\"seo-lazy-image\" src=\"https://res.klook.com/images/fl_lossy.progressive,q_65/c_fill,w_1295,h_971/w_80,x_15,y_15,g_south_west,l_Klook_water_br_trans_yhcmh3/activities/dldpdl5dj2wprqoc3m3k/NusaPenidaDayTourfromBali.webp\" alt=\"Nusa Penida broken beach\" data-src=\"https://res.klook.com/images/fl_lossy.progressive,q_65/c_fill,w_1295,h_971/w_80,x_15,y_15,g_south_west,l_Klook_water_br_trans_yhcmh3/activities/dldpdl5dj2wprqoc3m3k/NusaPenidaDayTourfromBali.webp\">\r\n<div>&nbsp;</div>\r\n</div>\r\n<div class=\"page-activity-description-desc page-activity-description-desc-desktop\" data-v-3db8ddd9=\"\"><span data-v-3db8ddd9=\"\">A short walk later, you will drop by Broken Beach</span></div>\r\n</div>\r\n<div class=\"page-activity-description-image-desc\" data-v-3db8ddd9=\"\">\r\n<div class=\"img-container\" data-v-3db8ddd9=\"\"><img class=\"seo-lazy-image\" src=\"https://res.klook.com/images/fl_lossy.progressive,q_65/c_fill,w_1295,h_971/w_80,x_15,y_15,g_south_west,l_Klook_water_br_trans_yhcmh3/activities/idhtxayjclgekvket5lw/NusaPenidaDayTourfromBali.webp\" alt=\"Nusa Penida \" data-src=\"https://res.klook.com/images/fl_lossy.progressive,q_65/c_fill,w_1295,h_971/w_80,x_15,y_15,g_south_west,l_Klook_water_br_trans_yhcmh3/activities/idhtxayjclgekvket5lw/NusaPenidaDayTourfromBali.webp\">\r\n<div>&nbsp;</div>\r\n</div>\r\n<div class=\"page-activity-description-desc page-activity-description-desc-desktop\" data-v-3db8ddd9=\"\"><span data-v-3db8ddd9=\"\">Your Klook guide will help you take photos at every photo opportunity - in this case Broken Beach!</span></div>\r\n</div>\r\n<div class=\"page-activity-description-image-desc\" data-v-3db8ddd9=\"\">\r\n<div class=\"img-container\" data-v-3db8ddd9=\"\"><img class=\"seo-lazy-image\" src=\"https://res.klook.com/images/fl_lossy.progressive,q_65/c_fill,w_1295,h_971/w_80,x_15,y_15,g_south_west,l_Klook_water_br_trans_yhcmh3/activities/ocy1gdslxpjaxygzhcy7/NusaPenidaDayTourfromBali.webp\" alt=\"Nusa Penida \" data-src=\"https://res.klook.com/images/fl_lossy.progressive,q_65/c_fill,w_1295,h_971/w_80,x_15,y_15,g_south_west,l_Klook_water_br_trans_yhcmh3/activities/ocy1gdslxpjaxygzhcy7/NusaPenidaDayTourfromBali.webp\">\r\n<div>&nbsp;</div>\r\n</div>\r\n<div class=\"page-activity-description-desc page-activity-description-desc-desktop\" data-v-3db8ddd9=\"\"><span data-v-3db8ddd9=\"\">The car ride can be quite bumpy so be sure to take motion sickness tablets if needed</span></div>\r\n</div>\r\n<div class=\"page-activity-description-image-desc\" data-v-3db8ddd9=\"\">\r\n<div class=\"img-container\" data-v-3db8ddd9=\"\"><img class=\"seo-lazy-image\" src=\"https://res.klook.com/images/fl_lossy.progressive,q_65/c_fill,w_1295,h_1726/w_80,x_15,y_15,g_south_west,l_Klook_water_br_trans_yhcmh3/activities/xqugpiy1dzoljangijbu/NusaPenidaDayTourfromBali.webp\" alt=\"Nusa Penida Kelingking beach\" data-src=\"https://res.klook.com/images/fl_lossy.progressive,q_65/c_fill,w_1295,h_1726/w_80,x_15,y_15,g_south_west,l_Klook_water_br_trans_yhcmh3/activities/xqugpiy1dzoljangijbu/NusaPenidaDayTourfromBali.webp\">\r\n<div>&nbsp;</div>\r\n</div>\r\n<div class=\"page-activity-description-desc page-activity-description-desc-desktop\" data-v-3db8ddd9=\"\"><span data-v-3db8ddd9=\"\">Visit the famous Kelingking beach</span></div>\r\n</div>\r\n<div class=\"page-activity-description-image-desc\" data-v-3db8ddd9=\"\">\r\n<div class=\"img-container\" data-v-3db8ddd9=\"\"><img class=\"seo-lazy-image\" src=\"https://res.klook.com/images/fl_lossy.progressive,q_65/c_fill,w_1080,h_1080/w_66,x_12,y_12,g_south_west,l_Klook_water_br_trans_yhcmh3/activities/ictqhhooiahyxt11ycrq/NusaPenidaDayTourfromBali.webp\" alt=\"Nusa penida\" data-src=\"https://res.klook.com/images/fl_lossy.progressive,q_65/c_fill,w_1080,h_1080/w_66,x_12,y_12,g_south_west,l_Klook_water_br_trans_yhcmh3/activities/ictqhhooiahyxt11ycrq/NusaPenidaDayTourfromBali.webp\">\r\n<div>&nbsp;</div>\r\n</div>\r\n<div class=\"page-activity-description-desc page-activity-description-desc-desktop\" data-v-3db8ddd9=\"\"><span data-v-3db8ddd9=\"\">Embark on a Nusa Penida day trip from Bali and enjoy a full day of adventure and breathtaking views</span></div>\r\n</div>\r\n<div class=\"page-activity-description-image-desc\" data-v-3db8ddd9=\"\">\r\n<div class=\"img-container\" data-v-3db8ddd9=\"\"><img class=\"seo-lazy-image\" src=\"https://res.klook.com/images/fl_lossy.progressive,q_65/c_fill,w_1295,h_971/w_80,x_15,y_15,g_south_west,l_Klook_water_br_trans_yhcmh3/activities/ycfkiemzyhl9ixbgpefd/NusaPenidaDayTourfromBali.webp\" alt=\"Nusa Penida \" data-src=\"https://res.klook.com/images/fl_lossy.progressive,q_65/c_fill,w_1295,h_971/w_80,x_15,y_15,g_south_west,l_Klook_water_br_trans_yhcmh3/activities/ycfkiemzyhl9ixbgpefd/NusaPenidaDayTourfromBali.webp\">\r\n<div>&nbsp;</div>\r\n</div>\r\n<div class=\"page-activity-description-desc page-activity-description-desc-desktop\" data-v-3db8ddd9=\"\"><span data-v-3db8ddd9=\"\">You\'ll have a stop for lunch at a highly recommended local restaurant that serves both Indonesian and continental dishes</span></div>\r\n</div>\r\n<div class=\"page-activity-description-image-desc\" data-v-3db8ddd9=\"\">\r\n<div class=\"img-container\" data-v-3db8ddd9=\"\"><img class=\"seo-lazy-image\" src=\"https://res.klook.com/images/fl_lossy.progressive,q_65/c_fill,w_1295,h_971/w_80,x_15,y_15,g_south_west,l_Klook_water_br_trans_yhcmh3/activities/gc8wf4ueyxodulplvsli/NusaPenidaDayTourfromBali.webp\" alt=\"Nusa Penida snorkelling\" data-src=\"https://res.klook.com/images/fl_lossy.progressive,q_65/c_fill,w_1295,h_971/w_80,x_15,y_15,g_south_west,l_Klook_water_br_trans_yhcmh3/activities/gc8wf4ueyxodulplvsli/NusaPenidaDayTourfromBali.webp\">\r\n<div>&nbsp;</div>\r\n</div>\r\n<div class=\"page-activity-description-desc page-activity-description-desc-desktop\" data-v-3db8ddd9=\"\"><span data-v-3db8ddd9=\"\">It\'s snorkelling time. Your guide will take you to the best snorkelling spots around the island</span></div>\r\n</div>\r\n<div class=\"page-activity-description-image-desc\" data-v-3db8ddd9=\"\">\r\n<div class=\"img-container\" data-v-3db8ddd9=\"\"><img class=\"seo-lazy-image\" src=\"https://res.klook.com/images/fl_lossy.progressive,q_65/c_fill,w_1295,h_513/w_80,x_15,y_15,g_south_west,l_Klook_water_br_trans_yhcmh3/activities/npvg2y3vcynqdef3wz5g/NusaPenidaDayTourfromBali.webp\" alt=\"a man snorkeling near two fishes Nusa Penida Full Day Trip from Bali\" data-src=\"https://res.klook.com/images/fl_lossy.progressive,q_65/c_fill,w_1295,h_513/w_80,x_15,y_15,g_south_west,l_Klook_water_br_trans_yhcmh3/activities/npvg2y3vcynqdef3wz5g/NusaPenidaDayTourfromBali.webp\">\r\n<div>&nbsp;</div>\r\n</div>\r\n<div class=\"page-activity-description-desc page-activity-description-desc-desktop\" data-v-3db8ddd9=\"\"><span data-v-3db8ddd9=\"\">Discover a variety of adorable marine creatures and swim alongside colorful fishes and corals</span></div>\r\n</div>\r\n<div class=\"page-activity-description-image-desc\" data-v-3db8ddd9=\"\">\r\n<div class=\"img-container\" data-v-3db8ddd9=\"\"><img class=\"seo-lazy-image\" src=\"https://res.klook.com/images/fl_lossy.progressive,q_65/c_fill,w_1295,h_970/w_80,x_15,y_15,g_south_west,l_Klook_water_br_trans_yhcmh3/activities/mbvlpyes3xzb7bh0ei87/NusaPenidaDayTourfromBali.webp\" alt=\"Nusa Penida snorkelling\" data-src=\"https://res.klook.com/images/fl_lossy.progressive,q_65/c_fill,w_1295,h_970/w_80,x_15,y_15,g_south_west,l_Klook_water_br_trans_yhcmh3/activities/mbvlpyes3xzb7bh0ei87/NusaPenidaDayTourfromBali.webp\">\r\n<div>&nbsp;</div>\r\n</div>\r\n<div class=\"page-activity-description-desc page-activity-description-desc-desktop\" data-v-3db8ddd9=\"\"><span data-v-3db8ddd9=\"\">Full equipped snorkelling gear will be ready on the boat</span></div>\r\n</div>\r\n<div class=\"page-activity-description-image-desc\" data-v-3db8ddd9=\"\">\r\n<div class=\"img-container\" data-v-3db8ddd9=\"\"><img class=\"seo-lazy-image\" src=\"https://res.klook.com/images/fl_lossy.progressive,q_65/c_fill,w_1295,h_970/w_80,x_15,y_15,g_south_west,l_Klook_water_br_trans_yhcmh3/activities/rzibswgljirifjm1fhww/NusaPenidaDayTourfromBali.webp\" alt=\"Nusa Penida \" data-src=\"https://res.klook.com/images/fl_lossy.progressive,q_65/c_fill,w_1295,h_970/w_80,x_15,y_15,g_south_west,l_Klook_water_br_trans_yhcmh3/activities/rzibswgljirifjm1fhww/NusaPenidaDayTourfromBali.webp\">\r\n<div>&nbsp;</div>\r\n</div>\r\n<div class=\"page-activity-description-desc page-activity-description-desc-desktop\" data-v-3db8ddd9=\"\"><span data-v-3db8ddd9=\"\">Learn about Nusa Penida from our Klook guides</span></div>\r\n</div>\r\n<div class=\"page-activity-description-image-desc\" data-v-3db8ddd9=\"\">\r\n<div class=\"img-container\" data-v-3db8ddd9=\"\"><img class=\"seo-lazy-image\" src=\"https://res.klook.com/images/fl_lossy.progressive,q_65/c_fill,w_1156,h_867/w_71,x_13,y_13,g_south_west,l_Klook_water_br_trans_yhcmh3/activities/y4z4frb0jlwm7a6d8jc1/NusaPenidaDayTourfromBali.webp\" alt=\"nusa penida tour\" data-src=\"https://res.klook.com/images/fl_lossy.progressive,q_65/c_fill,w_1156,h_867/w_71,x_13,y_13,g_south_west,l_Klook_water_br_trans_yhcmh3/activities/y4z4frb0jlwm7a6d8jc1/NusaPenidaDayTourfromBali.webp\">\r\n<div>&nbsp;</div>\r\n</div>\r\n<div class=\"page-activity-description-desc page-activity-description-desc-desktop\" data-v-3db8ddd9=\"\"><span data-v-3db8ddd9=\"\">Participants of the tour will be gathered at this Klook meeting point prior to embarking on the fast boat!</span></div>\r\n</div>\r\n<div class=\"page-activity-description-image-desc\" data-v-3db8ddd9=\"\">\r\n<div class=\"img-container\" data-v-3db8ddd9=\"\"><img class=\"seo-lazy-image\" src=\"https://res.klook.com/images/fl_lossy.progressive,q_65/c_fill,w_1080,h_428/w_66,x_12,y_12,g_south_west,l_Klook_water_br_trans_yhcmh3/activities/m0f0tamrxhqptjxduss3/NusaPenidaDayTourfromBali.webp\" alt=\"shoreline with boats at Nusa Penida Full Day Trip from Bali\" data-src=\"https://res.klook.com/images/fl_lossy.progressive,q_65/c_fill,w_1080,h_428/w_66,x_12,y_12,g_south_west,l_Klook_water_br_trans_yhcmh3/activities/m0f0tamrxhqptjxduss3/NusaPenidaDayTourfromBali.webp\">\r\n<div>&nbsp;</div>\r\n</div>\r\n<div class=\"page-activity-description-desc page-activity-description-desc-desktop\" data-v-3db8ddd9=\"\"><span data-v-3db8ddd9=\"\">Marvel at the raw beauty of nature or immerse yourself in the majestic Tembeling Beach</span></div>\r\n</div>\r\n<div class=\"page-activity-description-image-desc\" data-v-3db8ddd9=\"\">\r\n<div class=\"img-container\" data-v-3db8ddd9=\"\"><img class=\"seo-lazy-image\" src=\"https://res.klook.com/images/fl_lossy.progressive,q_65/c_fill,w_1000,h_550/w_61,x_11,y_11,g_south_west,l_Klook_water_br_trans_yhcmh3/activities/nqgarockyrq9hnxuaawo/NusaPenidaDayTourfromBali.webp\" alt=\"Nusa Penida Tour\" data-src=\"https://res.klook.com/images/fl_lossy.progressive,q_65/c_fill,w_1000,h_550/w_61,x_11,y_11,g_south_west,l_Klook_water_br_trans_yhcmh3/activities/nqgarockyrq9hnxuaawo/NusaPenidaDayTourfromBali.webp\">\r\n<div>&nbsp;</div>\r\n</div>\r\n<div class=\"page-activity-description-desc page-activity-description-desc-desktop\" data-v-3db8ddd9=\"\"><span data-v-3db8ddd9=\"\">It\'s highly recommend to bring these items during the trip!</span></div>\r\n</div>\r\n</div>\r\n</div>\r\n</div>\r\n</div>\r\n</div>\r\n</div>\r\n</div>\r\n<div id=\"grey_gap\" class=\"experience-section-item grey_gap\">\r\n<div id=\"grey_gap\" class=\"k-section gap  experiences-activity-dto grey_gap\" data-navigation-title=\"\" data-spm-provide=\"section\">\r\n<div id=\"grey_gap\" class=\"divider-gap section-divider section-divider-desktop\" data-navigation-title=\"\"></div>\r\n</div>\r\n</div>\r\n<div id=\"Things_to_note\" class=\"experience-section-item Things_to_note\">\r\n<div id=\"Things_to_note\" class=\"k-section dynamic_component  experiences-activity-dto Things_to_note\" data-navigation-title=\"Things to note\" data-spm-provide=\"section\">\r\n<div id=\"Things_to_note\" class=\"section-header desktop\" data-spm-module=\"Things_to_note:common:::RightCornerButton?trg=manual\" data-navigation-title=\"Things to note\" data-v-43d17206=\"\">\r\n<div class=\"section-header_top\" data-v-43d17206=\"\">\r\n<h2 class=\"section-title\" data-v-43d17206=\"\">Things to note</h2>\r\n</div>\r\n</div>\r\n<div id=\"Things_to_note\" data-navigation-title=\"Things to note\" data-v-257ac1f6=\"\">\r\n<div data-v-257ac1f6=\"\">\r\n<div data-v-257ac1f6=\"\">\r\n<div id=\"Things_to_note\" class=\"dynamic-component dynamic-component dynamic-component_desktop\" title=\"Things to note\" data-navigation-title=\"Things to note\" data-v-5775af16=\"\">\r\n<div class=\"dynamic-component-section\" title=\"Highlights\" data-v-5775af16=\"\">\r\n<div class=\"activity-klk-markdown\" data-v-87a71e24=\"\">\r\n<div class=\"klk-markdown klk-markdown--highlight\" data-v-87a71e24=\"\">\r\n<h4>What To Bring:</h4>\r\n<ul>\r\n<li>Comfortable clothes and rubber shoes</li>\r\n<li>Towel</li>\r\n<li>Raincoat</li>\r\n<li>Swimwear</li>\r\n<li>Mosquito repellant</li>\r\n<li>Sunscreen, hat, and sunglasses</li>\r\n<li>Camera</li>\r\n<li>A set of dry clothes</li>\r\n</ul>\r\n</div>\r\n</div>\r\n</div>\r\n</div>\r\n</div>\r\n</div>\r\n</div>\r\n</div>\r\n</div>', '', 1, '2025-07-02 14:44:44', '2025-07-02 14:44:44', NULL, '9f4af185-bf21-41bc-aac7-5eefe6174aa1', NULL, NULL, NULL, NULL);
INSERT INTO `posts` VALUES ('9f4af185-ebf1-431b-8ca2-0a3e5ecf9239', 'nusa-penida-instagram-tour-from-bali', 'Nusa Penida Instagram Tour from Bali', 'images/post3.webp', '<div id=\"activity_summary\" class=\"experience-section-item activity_summary\">\r\n<div id=\"activity_summary\" class=\"k-section dynamic_component  experiences-activity-dto activity_summary\" data-navigation-title=\"What to expect\" data-spm-provide=\"section\">\r\n<div id=\"activity_summary\" class=\"section-header desktop\" data-spm-module=\"activity_summary:common:::RightCornerButton?trg=manual\" data-navigation-title=\"What to expect\" data-v-43d17206=\"\">\r\n<div class=\"section-header_top\" data-v-43d17206=\"\">\r\n<h2 class=\"section-title\" data-v-43d17206=\"\">What to expect</h2>\r\n</div>\r\n</div>\r\n<div id=\"activity_summary\" data-navigation-title=\"What to expect\" data-v-257ac1f6=\"\">\r\n<div data-v-257ac1f6=\"\">\r\n<div data-v-257ac1f6=\"\">\r\n<div id=\"activity_summary\" class=\"dynamic-component dynamic-component dynamic-component_desktop\" title=\"What to expect\" data-navigation-title=\"What to expect\" data-v-5775af16=\"\">\r\n<div class=\"dynamic-image dynamic-component-section desktop\" data-v-3db8ddd9=\"\" data-v-5775af16=\"\">\r\n<div class=\"page-activity-description-image-desc\" data-v-3db8ddd9=\"\">\r\n<div class=\"img-container\" data-v-3db8ddd9=\"\"><img class=\"v-lazy-logo\" src=\"https://res.klook.com/image/upload/image_logo_mx7wgd.png\" alt=\"logoImg\" data-v-1bf1dec9=\"\"><img class=\"seo-lazy-image\" src=\"https://res.klook.com/images/fl_lossy.progressive,q_65/c_fill,w_1295,h_777/w_80,x_15,y_15,g_south_west,l_Klook_water_br_trans_yhcmh3/activities/lhrypufxmlffkuvsanbi/NusaPenidaInstagramTourfromBali.webp\" alt=\"woman posing in nusa penida\" data-src=\"https://res.klook.com/images/fl_lossy.progressive,q_65/c_fill,w_1295,h_777/w_80,x_15,y_15,g_south_west,l_Klook_water_br_trans_yhcmh3/activities/lhrypufxmlffkuvsanbi/NusaPenidaInstagramTourfromBali.webp\">\r\n<div>&nbsp;</div>\r\n</div>\r\n<div class=\"page-activity-description-desc page-activity-description-desc-desktop\" data-v-3db8ddd9=\"\"><span data-v-3db8ddd9=\"\">Visit the island\'s most picturesque spots that would make a perfect addition to your Instagram feed!</span></div>\r\n</div>\r\n<div class=\"page-activity-description-image-desc\" data-v-3db8ddd9=\"\">\r\n<div class=\"img-container\" data-v-3db8ddd9=\"\"><img class=\"v-lazy-logo\" src=\"https://res.klook.com/image/upload/image_logo_mx7wgd.png\" alt=\"logoImg\" data-v-1bf1dec9=\"\"><img class=\"seo-lazy-image\" src=\"https://res.klook.com/images/fl_lossy.progressive,q_65/c_fill,w_1295,h_777/w_80,x_15,y_15,g_south_west,l_Klook_water_br_trans_yhcmh3/activities/yjjevheykkwnwdththoa/NusaPenidaInstagramTourfromBali.webp\" alt=\"couple in nusa penida\" data-src=\"https://res.klook.com/images/fl_lossy.progressive,q_65/c_fill,w_1295,h_777/w_80,x_15,y_15,g_south_west,l_Klook_water_br_trans_yhcmh3/activities/yjjevheykkwnwdththoa/NusaPenidaInstagramTourfromBali.webp\">\r\n<div>&nbsp;</div>\r\n</div>\r\n<div class=\"page-activity-description-desc page-activity-description-desc-desktop\" data-v-3db8ddd9=\"\"><span data-v-3db8ddd9=\"\">Round trip hotel transfers and a delicious lunch are also included for a stress-free day</span></div>\r\n</div>\r\n<div class=\"page-activity-description-image-desc\" data-v-3db8ddd9=\"\">\r\n<div class=\"img-container\" data-v-3db8ddd9=\"\"><img class=\"v-lazy-logo\" src=\"https://res.klook.com/image/upload/image_logo_mx7wgd.png\" alt=\"logoImg\" data-v-1bf1dec9=\"\"><img class=\"seo-lazy-image\" src=\"https://res.klook.com/images/fl_lossy.progressive,q_65/c_fill,w_1024,h_768/w_63,x_11,y_11,g_south_west,l_Klook_water_br_trans_yhcmh3/activities/coh7fhjdfv7zmjjin9kv/NusaPenidaInstagramTourfromBali.webp\" alt=\"fast boat with klook branding from bali to nusa penida\" data-src=\"https://res.klook.com/images/fl_lossy.progressive,q_65/c_fill,w_1024,h_768/w_63,x_11,y_11,g_south_west,l_Klook_water_br_trans_yhcmh3/activities/coh7fhjdfv7zmjjin9kv/NusaPenidaInstagramTourfromBali.webp\">\r\n<div>&nbsp;</div>\r\n</div>\r\n<div class=\"page-activity-description-desc page-activity-description-desc-desktop\" data-v-3db8ddd9=\"\"><span data-v-3db8ddd9=\"\">You\'ll first take a fast boat from Sanur Harbour to Nusa Penida</span></div>\r\n</div>\r\n<div class=\"page-activity-description-image-desc\" data-v-3db8ddd9=\"\">\r\n<div class=\"img-container\" data-v-3db8ddd9=\"\"><img class=\"v-lazy-logo\" src=\"https://res.klook.com/image/upload/image_logo_mx7wgd.png\" alt=\"logoImg\" data-v-1bf1dec9=\"\"><img class=\"seo-lazy-image\" src=\"https://res.klook.com/images/fl_lossy.progressive,q_65/c_fill,w_1214,h_764/w_74,x_14,y_14,g_south_west,l_Klook_water_br_trans_yhcmh3/activities/da2jmz5ep0xn0iq8w9fp/NusaPenidaInstagramTourfromBali.webp\" alt=\"fast boat with klook branding from bali to nusa penida \" data-src=\"https://res.klook.com/images/fl_lossy.progressive,q_65/c_fill,w_1214,h_764/w_74,x_14,y_14,g_south_west,l_Klook_water_br_trans_yhcmh3/activities/da2jmz5ep0xn0iq8w9fp/NusaPenidaInstagramTourfromBali.webp\">\r\n<div>&nbsp;</div>\r\n</div>\r\n<div class=\"page-activity-description-desc page-activity-description-desc-desktop\" data-v-3db8ddd9=\"\"><span data-v-3db8ddd9=\"\">Have a sail from Sanur Habour to Nusa Penida! If you get motion sickness, it\'s highly recommend you take motion sickness pills before hopping on!</span></div>\r\n</div>\r\n<div class=\"page-activity-description-image-desc\" data-v-3db8ddd9=\"\">\r\n<div class=\"img-container\" data-v-3db8ddd9=\"\"><img class=\"v-lazy-logo\" src=\"https://res.klook.com/image/upload/image_logo_mx7wgd.png\" alt=\"logoImg\" data-v-1bf1dec9=\"\"><img class=\"seo-lazy-image\" src=\"https://res.klook.com/images/fl_lossy.progressive,q_65/c_fill,w_1295,h_612/w_80,x_15,y_15,g_south_west,l_Klook_water_br_trans_yhcmh3/activities/lyqrzaueglkae0fxyeyt/NusaPenidaInstagramTourfromBali.webp\" alt=\"Nusa Penida Bali\" data-src=\"https://res.klook.com/images/fl_lossy.progressive,q_65/c_fill,w_1295,h_612/w_80,x_15,y_15,g_south_west,l_Klook_water_br_trans_yhcmh3/activities/lyqrzaueglkae0fxyeyt/NusaPenidaInstagramTourfromBali.webp\">\r\n<div>&nbsp;</div>\r\n</div>\r\n<div class=\"page-activity-description-desc page-activity-description-desc-desktop\" data-v-3db8ddd9=\"\"><span data-v-3db8ddd9=\"\">Embark on a Nusa Penida day trip from Bali and enjoy a full day of adventure and breathtaking views</span></div>\r\n</div>\r\n<div class=\"page-activity-description-image-desc\" data-v-3db8ddd9=\"\">\r\n<div class=\"img-container\" data-v-3db8ddd9=\"\"><img class=\"v-lazy-logo\" src=\"https://res.klook.com/image/upload/image_logo_mx7wgd.png\" alt=\"logoImg\" data-v-1bf1dec9=\"\"><img class=\"seo-lazy-image\" src=\"https://res.klook.com/images/fl_lossy.progressive,q_65/c_fill,w_1295,h_1945/w_80,x_15,y_15,g_south_west,l_Klook_water_br_trans_yhcmh3/activities/hsdzrtjui8sfmrviitsh/NusaPenidaInstagramTourfromBali.webp\" alt=\"nature\" data-src=\"https://res.klook.com/images/fl_lossy.progressive,q_65/c_fill,w_1295,h_1945/w_80,x_15,y_15,g_south_west,l_Klook_water_br_trans_yhcmh3/activities/hsdzrtjui8sfmrviitsh/NusaPenidaInstagramTourfromBali.webp\">\r\n<div>&nbsp;</div>\r\n</div>\r\n<div class=\"page-activity-description-desc page-activity-description-desc-desktop\" data-v-3db8ddd9=\"\"><span data-v-3db8ddd9=\"\">Take signature photo with Kelingking Island as your background</span></div>\r\n</div>\r\n<div class=\"page-activity-description-image-desc\" data-v-3db8ddd9=\"\">\r\n<div class=\"img-container\" data-v-3db8ddd9=\"\"><img class=\"v-lazy-logo\" src=\"https://res.klook.com/image/upload/image_logo_mx7wgd.png\" alt=\"logoImg\" data-v-1bf1dec9=\"\"><img class=\"seo-lazy-image\" src=\"https://res.klook.com/images/fl_lossy.progressive,q_65/c_fill,w_1295,h_1942/w_80,x_15,y_15,g_south_west,l_Klook_water_br_trans_yhcmh3/activities/hvvkr1apiw6frwm84t7w/NusaPenidaInstagramTourfromBali.webp\" alt=\"nature\" data-src=\"https://res.klook.com/images/fl_lossy.progressive,q_65/c_fill,w_1295,h_1942/w_80,x_15,y_15,g_south_west,l_Klook_water_br_trans_yhcmh3/activities/hvvkr1apiw6frwm84t7w/NusaPenidaInstagramTourfromBali.webp\">\r\n<div>&nbsp;</div>\r\n</div>\r\n<div class=\"page-activity-description-desc page-activity-description-desc-desktop\" data-v-3db8ddd9=\"\"><span data-v-3db8ddd9=\"\">Admire the beauty of Nusa Penida in this one-of-a-kind tour from Klook!</span></div>\r\n</div>\r\n<div class=\"page-activity-description-image-desc\" data-v-3db8ddd9=\"\">\r\n<div class=\"img-container\" data-v-3db8ddd9=\"\"><img class=\"v-lazy-logo\" src=\"https://res.klook.com/image/upload/image_logo_mx7wgd.png\" alt=\"logoImg\" data-v-1bf1dec9=\"\"><img class=\"seo-lazy-image\" src=\"https://res.klook.com/images/fl_lossy.progressive,q_65/c_fill,w_1156,h_867/w_71,x_13,y_13,g_south_west,l_Klook_water_br_trans_yhcmh3/activities/xo3cnu8uoe6m0wcrwuea/NusaPenidaInstagramTourfromBali.webp\" alt=\"nusa penida tour\" data-src=\"https://res.klook.com/images/fl_lossy.progressive,q_65/c_fill,w_1156,h_867/w_71,x_13,y_13,g_south_west,l_Klook_water_br_trans_yhcmh3/activities/xo3cnu8uoe6m0wcrwuea/NusaPenidaInstagramTourfromBali.webp\">\r\n<div>&nbsp;</div>\r\n</div>\r\n<div class=\"page-activity-description-desc page-activity-description-desc-desktop\" data-v-3db8ddd9=\"\"><span data-v-3db8ddd9=\"\">Participants of the tour will be gathered at this Klook meeting point prior to embarking on the fast boat!</span></div>\r\n</div>\r\n<div class=\"page-activity-description-image-desc\" data-v-3db8ddd9=\"\">\r\n<div class=\"img-container\" data-v-3db8ddd9=\"\"><img class=\"v-lazy-logo\" src=\"https://res.klook.com/image/upload/image_logo_mx7wgd.png\" alt=\"logoImg\" data-v-1bf1dec9=\"\"><img class=\"seo-lazy-image\" src=\"https://res.klook.com/images/fl_lossy.progressive,q_65/c_fill,w_1280,h_588/w_79,x_14,y_14,g_south_west,l_Klook_water_br_trans_yhcmh3/activities/v94xjly2wtq4mu8fphvq/NusaPenidaInstagramTourfromBali.webp\" alt=\"Nusa Penida Tour snorkeling\" data-src=\"https://res.klook.com/images/fl_lossy.progressive,q_65/c_fill,w_1280,h_588/w_79,x_14,y_14,g_south_west,l_Klook_water_br_trans_yhcmh3/activities/v94xjly2wtq4mu8fphvq/NusaPenidaInstagramTourfromBali.webp\">\r\n<div>&nbsp;</div>\r\n</div>\r\n<div class=\"page-activity-description-desc page-activity-description-desc-desktop\" data-v-3db8ddd9=\"\"><span data-v-3db8ddd9=\"\">Experience the diverse marine life of Bali (depends on the weather) during snorkeling activities at Crystal Bay, Manta Bay, or Gamat Bay</span></div>\r\n</div>\r\n<div class=\"page-activity-description-image-desc\" data-v-3db8ddd9=\"\">\r\n<div class=\"img-container\" data-v-3db8ddd9=\"\"><img class=\"v-lazy-logo\" src=\"https://res.klook.com/image/upload/image_logo_mx7wgd.png\" alt=\"logoImg\" data-v-1bf1dec9=\"\"><img class=\"seo-lazy-image\" src=\"https://res.klook.com/images/fl_lossy.progressive,q_65/c_fill,w_1295,h_971/w_80,x_15,y_15,g_south_west,l_Klook_water_br_trans_yhcmh3/activities/dw3dqlrenlsp08cqasgx/NusaPenidaInstagramTourfromBali.webp\" alt=\"car charter\" data-src=\"https://res.klook.com/images/fl_lossy.progressive,q_65/c_fill,w_1295,h_971/w_80,x_15,y_15,g_south_west,l_Klook_water_br_trans_yhcmh3/activities/dw3dqlrenlsp08cqasgx/NusaPenidaInstagramTourfromBali.webp\">\r\n<div>&nbsp;</div>\r\n</div>\r\n<div class=\"page-activity-description-desc page-activity-description-desc-desktop\" data-v-3db8ddd9=\"\"><span data-v-3db8ddd9=\"\">Enjoy a convenient car transfer!</span></div>\r\n</div>\r\n<div class=\"page-activity-description-image-desc\" data-v-3db8ddd9=\"\">\r\n<div class=\"img-container\" data-v-3db8ddd9=\"\"><img class=\"v-lazy-logo\" src=\"https://res.klook.com/image/upload/image_logo_mx7wgd.png\" alt=\"logoImg\" data-v-1bf1dec9=\"\"><img class=\"seo-lazy-image\" src=\"https://res.klook.com/images/fl_lossy.progressive,q_65/c_fill,w_1295,h_971/w_80,x_15,y_15,g_south_west,l_Klook_water_br_trans_yhcmh3/activities/nwbpaevamdz1ywjbafo2/NusaPenidaInstagramTourfromBali.webp\" alt=\"Nusa Penida \" data-src=\"https://res.klook.com/images/fl_lossy.progressive,q_65/c_fill,w_1295,h_971/w_80,x_15,y_15,g_south_west,l_Klook_water_br_trans_yhcmh3/activities/nwbpaevamdz1ywjbafo2/NusaPenidaInstagramTourfromBali.webp\">\r\n<div>&nbsp;</div>\r\n</div>\r\n<div class=\"page-activity-description-desc page-activity-description-desc-desktop\" data-v-3db8ddd9=\"\"><span data-v-3db8ddd9=\"\">Once you arrive to Nusa Penida, you will arrive at the shore You\'ll need to walk through shallow water to hop off the boat so be sure to wear sandals and you\'ll be picked up by your friendly Klook tour guide and driver for the day.</span></div>\r\n</div>\r\n<div class=\"page-activity-description-image-desc\" data-v-3db8ddd9=\"\">\r\n<div class=\"img-container\" data-v-3db8ddd9=\"\"><img class=\"v-lazy-logo\" src=\"https://res.klook.com/image/upload/image_logo_mx7wgd.png\" alt=\"logoImg\" data-v-1bf1dec9=\"\"><img class=\"seo-lazy-image\" src=\"https://res.klook.com/images/fl_lossy.progressive,q_65/c_fill,w_1295,h_970/w_80,x_15,y_15,g_south_west,l_Klook_water_br_trans_yhcmh3/activities/kzlpm91mgpcewxd0sbpx/NusaPenidaInstagramTourfromBali.webp\" alt=\"Nusa Penida \" data-src=\"https://res.klook.com/images/fl_lossy.progressive,q_65/c_fill,w_1295,h_970/w_80,x_15,y_15,g_south_west,l_Klook_water_br_trans_yhcmh3/activities/kzlpm91mgpcewxd0sbpx/NusaPenidaInstagramTourfromBali.webp\">\r\n<div>&nbsp;</div>\r\n</div>\r\n<div class=\"page-activity-description-desc page-activity-description-desc-desktop\" data-v-3db8ddd9=\"\"><span data-v-3db8ddd9=\"\">Learn about Nusa Penida from our Klook guides</span></div>\r\n</div>\r\n</div>\r\n</div>\r\n</div>\r\n</div>\r\n</div>\r\n</div>\r\n</div>\r\n<div id=\"grey_gap\" class=\"experience-section-item grey_gap\">\r\n<div id=\"grey_gap\" class=\"k-section gap  experiences-activity-dto grey_gap\" data-navigation-title=\"\" data-spm-provide=\"section\">\r\n<div id=\"grey_gap\" class=\"divider-gap section-divider section-divider-desktop\" data-navigation-title=\"\"></div>\r\n</div>\r\n</div>\r\n<div id=\"Things_to_note\" class=\"experience-section-item Things_to_note\">\r\n<div id=\"Things_to_note\" class=\"k-section dynamic_component  experiences-activity-dto Things_to_note\" data-navigation-title=\"Things to note\" data-spm-provide=\"section\">\r\n<div id=\"Things_to_note\" class=\"section-header desktop\" data-spm-module=\"Things_to_note:common:::RightCornerButton?trg=manual\" data-navigation-title=\"Things to note\" data-v-43d17206=\"\">\r\n<div class=\"section-header_top\" data-v-43d17206=\"\">\r\n<h2 class=\"section-title\" data-v-43d17206=\"\">Things to note</h2>\r\n</div>\r\n</div>\r\n<div id=\"Things_to_note\" data-navigation-title=\"Things to note\" data-v-257ac1f6=\"\">\r\n<div data-v-257ac1f6=\"\">\r\n<div data-v-257ac1f6=\"\">\r\n<div id=\"Things_to_note\" class=\"dynamic-component dynamic-component dynamic-component_desktop\" title=\"Things to note\" data-navigation-title=\"Things to note\" data-v-5775af16=\"\">\r\n<div class=\"dynamic-component-section\" title=\"Highlights\" data-v-5775af16=\"\">\r\n<div class=\"activity-klk-markdown\" data-v-87a71e24=\"\">\r\n<div class=\"klk-markdown klk-markdown--highlight\" data-v-87a71e24=\"\">\r\n<h4>What To Bring:</h4>\r\n<ul>\r\n<li>Comfortable clothes and sport shoes</li>\r\n<li>Towel</li>\r\n<li>Swimwear</li>\r\n<li>Mosquito repellant</li>\r\n<li>Sunscreen, a hat, and sunglasses</li>\r\n<li>Camera</li>\r\n<li>A set of dry clothes</li>\r\n</ul>\r\n</div>\r\n</div>\r\n</div>\r\n</div>\r\n</div>\r\n</div>\r\n</div>\r\n</div>\r\n</div>', '', 1, '2025-07-02 14:44:44', '2025-07-02 14:44:44', NULL, '9f4af185-bf21-41bc-aac7-5eefe6174aa1', NULL, NULL, NULL, NULL);
INSERT INTO `posts` VALUES ('9f4af185-f1eb-4597-b056-0a7e195396ee', 'tanjung-benoa-watersports-in-bali-by-bali-bintang-dive-and-watersport', 'Tanjung Benoa Watersports in Bali by Bali Bintang Dive and Watersport	', 'images/post4.webp', '<div id=\"activity_summary\" class=\"experience-section-item activity_summary\">\r\n<div id=\"activity_summary\" class=\"k-section dynamic_component  experiences-activity-dto activity_summary\" data-navigation-title=\"What to expect\" data-spm-provide=\"section\">\r\n<div id=\"activity_summary\" class=\"section-header desktop\" data-spm-module=\"activity_summary:common:::RightCornerButton?trg=manual\" data-navigation-title=\"What to expect\" data-v-43d17206=\"\">\r\n<div class=\"section-header_top\" data-v-43d17206=\"\">\r\n<h2 class=\"section-title\" data-v-43d17206=\"\">What to expect</h2>\r\n</div>\r\n</div>\r\n<div id=\"activity_summary\" data-navigation-title=\"What to expect\" data-v-257ac1f6=\"\">\r\n<div data-v-257ac1f6=\"\">\r\n<div data-v-257ac1f6=\"\">\r\n<div id=\"activity_summary\" class=\"dynamic-component dynamic-component dynamic-component_desktop\" title=\"What to expect\" data-navigation-title=\"What to expect\" data-v-5775af16=\"\">\r\n<div class=\"dynamic-image dynamic-component-section desktop\" data-v-3db8ddd9=\"\" data-v-5775af16=\"\">\r\n<div class=\"page-activity-description-image-desc\" data-v-3db8ddd9=\"\">\r\n<div class=\"img-container\" data-v-3db8ddd9=\"\"><img class=\"seo-lazy-image\" src=\"https://res.klook.com/images/fl_lossy.progressive,q_65/c_fill,w_1295,h_971/w_80,x_15,y_15,g_south_west,l_Klook_water_br_trans_yhcmh3/activities/u3vustngukhpzlsal3yy/TanjungBenoaWatersportsinBalibyBaliBintangDiveandWatersport.webp\" alt=\"fly board\" data-src=\"https://res.klook.com/images/fl_lossy.progressive,q_65/c_fill,w_1295,h_971/w_80,x_15,y_15,g_south_west,l_Klook_water_br_trans_yhcmh3/activities/u3vustngukhpzlsal3yy/TanjungBenoaWatersportsinBalibyBaliBintangDiveandWatersport.webp\">\r\n<div>&nbsp;</div>\r\n</div>\r\n<div class=\"page-activity-description-desc page-activity-description-desc-desktop\" data-v-3db8ddd9=\"\"><span data-v-3db8ddd9=\"\">Choose from various packages of watersport activities!</span></div>\r\n</div>\r\n<div class=\"page-activity-description-image-desc\" data-v-3db8ddd9=\"\">\r\n<div class=\"img-container\" data-v-3db8ddd9=\"\"><img class=\"seo-lazy-image\" src=\"https://res.klook.com/images/fl_lossy.progressive,q_65/c_fill,w_1295,h_971/w_80,x_15,y_15,g_south_west,l_Klook_water_br_trans_yhcmh3/activities/ufu2d5vv7cafyumdsunw/TanjungBenoaWatersportsinBalibyBaliBintangDiveandWatersport.webp\" alt=\"fly board\" data-src=\"https://res.klook.com/images/fl_lossy.progressive,q_65/c_fill,w_1295,h_971/w_80,x_15,y_15,g_south_west,l_Klook_water_br_trans_yhcmh3/activities/ufu2d5vv7cafyumdsunw/TanjungBenoaWatersportsinBalibyBaliBintangDiveandWatersport.webp\">\r\n<div>&nbsp;</div>\r\n</div>\r\n<div class=\"page-activity-description-desc page-activity-description-desc-desktop\" data-v-3db8ddd9=\"\"><span data-v-3db8ddd9=\"\">Challenge your adrenaline on this fly board experience!</span></div>\r\n</div>\r\n<div class=\"page-activity-description-image-desc\" data-v-3db8ddd9=\"\">\r\n<div class=\"img-container\" data-v-3db8ddd9=\"\"><img class=\"seo-lazy-image\" src=\"https://res.klook.com/images/fl_lossy.progressive,q_65/c_fill,w_1295,h_971/w_80,x_15,y_15,g_south_west,l_Klook_water_br_trans_yhcmh3/activities/qhc7zaw9q1jhifr2bqop/TanjungBenoaWatersportsinBalibyBaliBintangDiveandWatersport.webp\" alt=\"parasailing\" data-src=\"https://res.klook.com/images/fl_lossy.progressive,q_65/c_fill,w_1295,h_971/w_80,x_15,y_15,g_south_west,l_Klook_water_br_trans_yhcmh3/activities/qhc7zaw9q1jhifr2bqop/TanjungBenoaWatersportsinBalibyBaliBintangDiveandWatersport.webp\">\r\n<div>&nbsp;</div>\r\n</div>\r\n<div class=\"page-activity-description-desc page-activity-description-desc-desktop\" data-v-3db8ddd9=\"\"><span data-v-3db8ddd9=\"\">Fly over Bali\'s beautiful blue water on this parasailing!</span></div>\r\n</div>\r\n<div class=\"page-activity-description-image-desc\" data-v-3db8ddd9=\"\">\r\n<div class=\"img-container\" data-v-3db8ddd9=\"\"><img class=\"seo-lazy-image\" src=\"https://res.klook.com/images/fl_lossy.progressive,q_65/c_fill,w_1295,h_971/w_80,x_15,y_15,g_south_west,l_Klook_water_br_trans_yhcmh3/activities/akqdv0gjlg2dzouwqubu/TanjungBenoaWatersportsinBalibyBaliBintangDiveandWatersport.webp\" alt=\"rolling donut\" data-src=\"https://res.klook.com/images/fl_lossy.progressive,q_65/c_fill,w_1295,h_971/w_80,x_15,y_15,g_south_west,l_Klook_water_br_trans_yhcmh3/activities/akqdv0gjlg2dzouwqubu/TanjungBenoaWatersportsinBalibyBaliBintangDiveandWatersport.webp\">\r\n<div>&nbsp;</div>\r\n</div>\r\n<div class=\"page-activity-description-desc page-activity-description-desc-desktop\" data-v-3db8ddd9=\"\"><span data-v-3db8ddd9=\"\">Try the adventurous rolling donut!</span></div>\r\n</div>\r\n<div class=\"page-activity-description-image-desc\" data-v-3db8ddd9=\"\">\r\n<div class=\"img-container\" data-v-3db8ddd9=\"\"><img class=\"seo-lazy-image\" src=\"https://res.klook.com/images/fl_lossy.progressive,q_65/c_fill,w_1295,h_863/w_80,x_15,y_15,g_south_west,l_Klook_water_br_trans_yhcmh3/activities/j0ul8szmdisnuyopsdnr/TanjungBenoaWatersportsinBalibyBaliBintangDiveandWatersport.webp\" alt=\"tanjung benoa watersport\" data-src=\"https://res.klook.com/images/fl_lossy.progressive,q_65/c_fill,w_1295,h_863/w_80,x_15,y_15,g_south_west,l_Klook_water_br_trans_yhcmh3/activities/j0ul8szmdisnuyopsdnr/TanjungBenoaWatersportsinBalibyBaliBintangDiveandWatersport.webp\">\r\n<div>&nbsp;</div>\r\n</div>\r\n<div class=\"page-activity-description-desc page-activity-description-desc-desktop\" data-v-3db8ddd9=\"\"><span data-v-3db8ddd9=\"\">Wakeboarding experience!</span></div>\r\n</div>\r\n</div>\r\n</div>\r\n</div>\r\n</div>\r\n</div>\r\n</div>\r\n</div>\r\n<div id=\"grey_gap\" class=\"experience-section-item grey_gap\">\r\n<div id=\"grey_gap\" class=\"k-section gap  experiences-activity-dto grey_gap\" data-navigation-title=\"\" data-spm-provide=\"section\"></div>\r\n</div>', '', 1, '2025-07-02 14:44:44', '2025-07-02 14:44:44', NULL, '9f4af185-bf21-41bc-aac7-5eefe6174aa1', NULL, NULL, NULL, NULL);

-- ----------------------------
-- Table structure for promos
-- ----------------------------
DROP TABLE IF EXISTS `promos`;
CREATE TABLE `promos`  (
  `id` char(36) CHARACTER SET utf8mb4 COLLATE utf8mb4_unicode_ci NOT NULL,
  `code` varchar(191) CHARACTER SET utf8mb4 COLLATE utf8mb4_unicode_ci NULL DEFAULT NULL,
  `name` varchar(191) CHARACTER SET utf8mb4 COLLATE utf8mb4_unicode_ci NULL DEFAULT NULL,
  `description` text CHARACTER SET utf8mb4 COLLATE utf8mb4_unicode_ci NULL,
  `is_active` smallint NOT NULL DEFAULT 0,
  `cover_image` varchar(191) CHARACTER SET utf8mb4 COLLATE utf8mb4_unicode_ci NULL DEFAULT NULL,
  `discount_type` int NOT NULL DEFAULT 0,
  `discount_amount` int NULL DEFAULT NULL,
  `available_start_date` date NULL DEFAULT NULL,
  `available_end_date` date NULL DEFAULT NULL,
  `order_start_date` date NULL DEFAULT NULL,
  `order_end_date` date NULL DEFAULT NULL,
  `user_perday_limit` int NOT NULL DEFAULT 0,
  `order_perday_limit` int NOT NULL DEFAULT 0,
  `entity_type` varchar(191) CHARACTER SET utf8mb4 COLLATE utf8mb4_unicode_ci NULL DEFAULT NULL,
  `entity_id` char(36) CHARACTER SET utf8mb4 COLLATE utf8mb4_unicode_ci NULL DEFAULT NULL,
  `created_at` timestamp NULL DEFAULT NULL,
  `updated_at` timestamp NULL DEFAULT NULL,
  `deleted_at` timestamp NULL DEFAULT NULL,
  `created_by` char(36) CHARACTER SET utf8mb4 COLLATE utf8mb4_unicode_ci NULL DEFAULT NULL,
  `updated_by` char(36) CHARACTER SET utf8mb4 COLLATE utf8mb4_unicode_ci NULL DEFAULT NULL,
  `deleted_by` char(36) CHARACTER SET utf8mb4 COLLATE utf8mb4_unicode_ci NULL DEFAULT NULL,
  `condition_type` varchar(191) CHARACTER SET utf8mb4 COLLATE utf8mb4_unicode_ci NULL DEFAULT NULL,
  `amount_buys` int NULL DEFAULT NULL,
  `amount_tiket` int NULL DEFAULT NULL,
  `ranges_day` int NULL DEFAULT NULL,
  `is_apply` smallint NOT NULL DEFAULT 0,
  PRIMARY KEY (`id`) USING BTREE,
  UNIQUE INDEX `promos_code_unique`(`code`) USING BTREE
) ENGINE = MyISAM AUTO_INCREMENT = 1 CHARACTER SET = utf8mb4 COLLATE = utf8mb4_unicode_ci ROW_FORMAT = Dynamic;

-- ----------------------------
-- Records of promos
-- ----------------------------

-- ----------------------------
-- Table structure for role_permissions
-- ----------------------------
DROP TABLE IF EXISTS `role_permissions`;
CREATE TABLE `role_permissions`  (
  `id` char(36) CHARACTER SET utf8mb4 COLLATE utf8mb4_unicode_ci NOT NULL,
  `role_id` char(36) CHARACTER SET utf8mb4 COLLATE utf8mb4_unicode_ci NOT NULL,
  `permission_id` char(36) CHARACTER SET utf8mb4 COLLATE utf8mb4_unicode_ci NOT NULL,
  `created_at` timestamp NULL DEFAULT NULL,
  `updated_at` timestamp NULL DEFAULT NULL,
  `deleted_at` timestamp NULL DEFAULT NULL,
  PRIMARY KEY (`id`) USING BTREE
) ENGINE = MyISAM AUTO_INCREMENT = 1 CHARACTER SET = utf8mb4 COLLATE = utf8mb4_unicode_ci ROW_FORMAT = Fixed;

-- ----------------------------
-- Records of role_permissions
-- ----------------------------
INSERT INTO `role_permissions` VALUES ('9f4af185-93ce-4009-9e05-f1a7976f783e', '9f4af185-8d6d-4f56-bb21-e4ce0b762f3a', '00f00ce2-1dc5-4931-8811-ce07a2867915', '2025-07-02 14:44:44', '2025-07-02 14:44:44', NULL);
INSERT INTO `role_permissions` VALUES ('9f4af185-944c-4fa7-a79c-2106cdafdc27', '9f4af185-8d6d-4f56-bb21-e4ce0b762f3a', 'a4fd4d7e-62df-4166-83e0-94cb54d89f52', '2025-07-02 14:44:44', '2025-07-02 14:44:44', NULL);
INSERT INTO `role_permissions` VALUES ('9f4af185-94c3-4c00-8a65-b9e9ed992c1a', '9f4af185-8d6d-4f56-bb21-e4ce0b762f3a', '5338ef51-0e6e-439f-a84a-fee53b2b32c5', '2025-07-02 14:44:44', '2025-07-02 14:44:44', NULL);
INSERT INTO `role_permissions` VALUES ('9f4af185-94f7-4b85-8f23-1386abadd650', '9f4af185-8d6d-4f56-bb21-e4ce0b762f3a', 'ddf4663a-9fed-46d3-990a-a77a4791e39d', '2025-07-02 14:44:44', '2025-07-02 14:44:44', NULL);
INSERT INTO `role_permissions` VALUES ('9f4af185-952c-4eae-9f91-4310cabcb31f', '9f4af185-8d6d-4f56-bb21-e4ce0b762f3a', 'f5c9d8c9-39bc-44ac-b16b-e1b235671b9f', '2025-07-02 14:44:44', '2025-07-02 14:44:44', NULL);
INSERT INTO `role_permissions` VALUES ('9f4af185-955b-4662-8e18-b6ffadb0699c', '9f4af185-8d6d-4f56-bb21-e4ce0b762f3a', '05f8e8a4-6b56-4946-b85e-4ae373619899', '2025-07-02 14:44:44', '2025-07-02 14:44:44', NULL);
INSERT INTO `role_permissions` VALUES ('9f4af185-958a-4a4f-acd2-fe59b3ea2a91', '9f4af185-8d6d-4f56-bb21-e4ce0b762f3a', 'b2e88235-4e4f-4074-bc6a-6b011b439718', '2025-07-02 14:44:44', '2025-07-02 14:44:44', NULL);
INSERT INTO `role_permissions` VALUES ('9f4af185-95c0-4304-a6f5-fb395e49f338', '9f4af185-8d6d-4f56-bb21-e4ce0b762f3a', '76a2fabe-8818-4b64-9e28-ed95efe7cd95', '2025-07-02 14:44:44', '2025-07-02 14:44:44', NULL);
INSERT INTO `role_permissions` VALUES ('9f4af185-95fa-46d0-b664-91235464d026', '9f4af185-8d6d-4f56-bb21-e4ce0b762f3a', 'f6257bfc-7b72-486a-90ad-f48e3cb7fe1b', '2025-07-02 14:44:44', '2025-07-02 14:44:44', NULL);
INSERT INTO `role_permissions` VALUES ('9f4af185-9631-4b2c-9f59-6fb5f0cf9640', '9f4af185-8d6d-4f56-bb21-e4ce0b762f3a', 'ac5060be-d705-486b-8485-d677ee694b7a', '2025-07-02 14:44:44', '2025-07-02 14:44:44', NULL);
INSERT INTO `role_permissions` VALUES ('9f4af185-96dd-437b-bfce-d796602be749', '9f4af185-8d6d-4f56-bb21-e4ce0b762f3a', '756691a6-4ae5-4598-b8da-abb58b891bae', '2025-07-02 14:44:44', '2025-07-02 14:44:44', NULL);
INSERT INTO `role_permissions` VALUES ('9f4af185-970e-49b1-b89b-aa4ca6a722d1', '9f4af185-8d6d-4f56-bb21-e4ce0b762f3a', 'e18cd94c-d52e-48aa-8e9d-122f4c72c8d8', '2025-07-02 14:44:44', '2025-07-02 14:44:44', NULL);
INSERT INTO `role_permissions` VALUES ('9f4af185-973d-4740-94e3-bc50427525bb', '9f4af185-8d6d-4f56-bb21-e4ce0b762f3a', '6538bd37-2400-4911-9b6c-bc65aedf45af', '2025-07-02 14:44:44', '2025-07-02 14:44:44', NULL);
INSERT INTO `role_permissions` VALUES ('9f4af185-9777-471b-b863-d75ffe8276c4', '9f4af185-8d6d-4f56-bb21-e4ce0b762f3a', 'ef4865f8-3274-4294-bb9e-47d3aad45b75', '2025-07-02 14:44:44', '2025-07-02 14:44:44', NULL);
INSERT INTO `role_permissions` VALUES ('9f4af185-97b1-4876-b857-cd093fade11a', '9f4af185-8d6d-4f56-bb21-e4ce0b762f3a', '071ce54b-5247-433a-a992-d348d003b373', '2025-07-02 14:44:44', '2025-07-02 14:44:44', NULL);
INSERT INTO `role_permissions` VALUES ('9f4af185-97e5-4ef3-a4a7-e4d730da3a31', '9f4af185-8d6d-4f56-bb21-e4ce0b762f3a', '22ddd071-1992-4dca-a933-8cd731b8be4d', '2025-07-02 14:44:44', '2025-07-02 14:44:44', NULL);
INSERT INTO `role_permissions` VALUES ('9f4af185-982e-4582-a8dc-950a6bd25776', '9f4af185-8d6d-4f56-bb21-e4ce0b762f3a', '31159324-7443-4b8e-950e-05fd69f32582', '2025-07-02 14:44:44', '2025-07-02 14:44:44', NULL);
INSERT INTO `role_permissions` VALUES ('9f4af185-9863-4c26-8016-4bc1a010a297', '9f4af185-8d6d-4f56-bb21-e4ce0b762f3a', '87e51ff5-9906-4504-9ff9-5e9fcf8a9f36', '2025-07-02 14:44:44', '2025-07-02 14:44:44', NULL);
INSERT INTO `role_permissions` VALUES ('9f4af185-9898-4026-bf3c-ac0e47e437cf', '9f4af185-8d6d-4f56-bb21-e4ce0b762f3a', 'bad267dc-150b-4b74-85b8-f3e6bb76fd77', '2025-07-02 14:44:44', '2025-07-02 14:44:44', NULL);
INSERT INTO `role_permissions` VALUES ('9f4af185-98df-43c4-94f9-f416249567f2', '9f4af185-8d6d-4f56-bb21-e4ce0b762f3a', 'bdd7c6da-9b2b-49c4-89d3-f9d30f4d82a0', '2025-07-02 14:44:44', '2025-07-02 14:44:44', NULL);
INSERT INTO `role_permissions` VALUES ('9f4af185-9913-414d-bf32-6e4f27a1cc98', '9f4af185-8d6d-4f56-bb21-e4ce0b762f3a', '07b92f7d-30fb-4c01-8624-68e67211d0dd', '2025-07-02 14:44:44', '2025-07-02 14:44:44', NULL);
INSERT INTO `role_permissions` VALUES ('9f4af185-9943-4f47-baa5-365585b27714', '9f4af185-8d6d-4f56-bb21-e4ce0b762f3a', 'dac5edad-5415-4266-93b1-44a9aafee9f2', '2025-07-02 14:44:44', '2025-07-02 14:44:44', NULL);
INSERT INTO `role_permissions` VALUES ('9f4af185-9973-467f-96e7-508edf7be3f0', '9f4af185-8d6d-4f56-bb21-e4ce0b762f3a', 'd2314582-187a-4250-9084-5556d4abb5c9', '2025-07-02 14:44:44', '2025-07-02 14:44:44', NULL);
INSERT INTO `role_permissions` VALUES ('9f4af185-99a3-49f9-885a-d57f95e1e69f', '9f4af185-8d6d-4f56-bb21-e4ce0b762f3a', '18268ef3-da6e-4daa-a066-180d77dff538', '2025-07-02 14:44:44', '2025-07-02 14:44:44', NULL);
INSERT INTO `role_permissions` VALUES ('9f4af185-99cf-4cc3-9fb1-d3e09763316a', '9f4af185-8d6d-4f56-bb21-e4ce0b762f3a', '39fd5065-ba40-4288-85da-f100a3632066', '2025-07-02 14:44:44', '2025-07-02 14:44:44', NULL);
INSERT INTO `role_permissions` VALUES ('9f4af185-99fc-4223-b32f-dafbbeae5434', '9f4af185-8d6d-4f56-bb21-e4ce0b762f3a', 'aad20c9e-7e00-494e-bde6-a94c291298fb', '2025-07-02 14:44:44', '2025-07-02 14:44:44', NULL);
INSERT INTO `role_permissions` VALUES ('9f4af185-9a31-480a-8c5e-c71fdaa0bc40', '9f4af185-8d6d-4f56-bb21-e4ce0b762f3a', 'd74c4bd6-786c-4943-b0e9-b5183420d02e', '2025-07-02 14:44:44', '2025-07-02 14:44:44', NULL);
INSERT INTO `role_permissions` VALUES ('9f4af185-9a68-4751-9387-983ad8abb81d', '9f4af185-8d6d-4f56-bb21-e4ce0b762f3a', 'b7c00b6c-e851-4ac0-88e0-a5714aaa2e56', '2025-07-02 14:44:44', '2025-07-02 14:44:44', NULL);
INSERT INTO `role_permissions` VALUES ('9f4af185-9a99-442b-9dd8-e3950825a8d8', '9f4af185-8d6d-4f56-bb21-e4ce0b762f3a', '331acefa-12b9-4935-b6fd-904da2b332b6', '2025-07-02 14:44:44', '2025-07-02 14:44:44', NULL);
INSERT INTO `role_permissions` VALUES ('9f4af185-9ac4-4b94-9659-273228419ee3', '9f4af185-8d6d-4f56-bb21-e4ce0b762f3a', 'ecf6b894-06c6-448e-baa5-b430eee13680', '2025-07-02 14:44:44', '2025-07-02 14:44:44', NULL);
INSERT INTO `role_permissions` VALUES ('9f4af185-9af0-46c5-91f2-7f47672a7754', '9f4af185-8d6d-4f56-bb21-e4ce0b762f3a', '70fc6a9f-1949-4d3c-9770-4e133acdbfb3', '2025-07-02 14:44:44', '2025-07-02 14:44:44', NULL);
INSERT INTO `role_permissions` VALUES ('9f4af185-9b8c-4e58-80df-1dcd28c3d48d', '9f4af185-8d6d-4f56-bb21-e4ce0b762f3a', '4ee23d5e-e14e-4ed9-ab2b-d84cac1ffe61', '2025-07-02 14:44:44', '2025-07-02 14:44:44', NULL);
INSERT INTO `role_permissions` VALUES ('9f4af185-9bbb-4b5e-b9ce-662f954992df', '9f4af185-8d6d-4f56-bb21-e4ce0b762f3a', '8c28b694-2a66-4d29-8228-982bf7c09d7f', '2025-07-02 14:44:44', '2025-07-02 14:44:44', NULL);
INSERT INTO `role_permissions` VALUES ('9f4af185-9bee-4fac-8db3-f174f9530ef1', '9f4af185-8d6d-4f56-bb21-e4ce0b762f3a', '46fdebf5-83e6-40a6-a8a9-6ca03eb64851', '2025-07-02 14:44:44', '2025-07-02 14:44:44', NULL);
INSERT INTO `role_permissions` VALUES ('9f4af185-9c1f-4936-8d1e-1a3a232c9329', '9f4af185-8d6d-4f56-bb21-e4ce0b762f3a', '1f757e41-e440-47bf-a543-d4b778ae6d95', '2025-07-02 14:44:44', '2025-07-02 14:44:44', NULL);
INSERT INTO `role_permissions` VALUES ('9f4af185-9c55-46c7-8702-40c3e218365f', '9f4af185-8d6d-4f56-bb21-e4ce0b762f3a', 'd54ecfac-54f4-46b2-a262-e3825d94ea13', '2025-07-02 14:44:44', '2025-07-02 14:44:44', NULL);
INSERT INTO `role_permissions` VALUES ('9f4af185-9c81-4248-9052-9e0e5e68b5a8', '9f4af185-8d6d-4f56-bb21-e4ce0b762f3a', '9e48cc30-452d-4cb5-9eb3-a7c327972cf1', '2025-07-02 14:44:44', '2025-07-02 14:44:44', NULL);
INSERT INTO `role_permissions` VALUES ('9f4af185-9cb4-4cb7-b097-f72591cfa570', '9f4af185-8d6d-4f56-bb21-e4ce0b762f3a', 'dbd28f12-1168-4b1a-9fb7-989ff06f153e', '2025-07-02 14:44:44', '2025-07-02 14:44:44', NULL);
INSERT INTO `role_permissions` VALUES ('9f4af185-9ce2-4f17-9bea-2d12e488e20d', '9f4af185-8d6d-4f56-bb21-e4ce0b762f3a', '8ae3c42f-b09a-40a7-af01-3b756a4d0ceb', '2025-07-02 14:44:44', '2025-07-02 14:44:44', NULL);
INSERT INTO `role_permissions` VALUES ('9f4af185-9d0f-4641-aef3-ffcf014eb815', '9f4af185-8d6d-4f56-bb21-e4ce0b762f3a', '9a3d8dd2-dd37-4e9e-890d-0950302db135', '2025-07-02 14:44:44', '2025-07-02 14:44:44', NULL);
INSERT INTO `role_permissions` VALUES ('9f4af185-9d3c-455c-bb1b-e13f55b99b52', '9f4af185-8d6d-4f56-bb21-e4ce0b762f3a', '9724db15-4eb3-4f54-b2af-68d59ec5c894', '2025-07-02 14:44:44', '2025-07-02 14:44:44', NULL);
INSERT INTO `role_permissions` VALUES ('9f4af185-9d6a-46b2-98ff-6cb8118e17cd', '9f4af185-8d6d-4f56-bb21-e4ce0b762f3a', '47f66990-afd1-4d27-a3a7-254b24ccbbc3', '2025-07-02 14:44:44', '2025-07-02 14:44:44', NULL);
INSERT INTO `role_permissions` VALUES ('9f4af185-9d95-4f86-bee7-bc2af5bd317b', '9f4af185-8d6d-4f56-bb21-e4ce0b762f3a', '1f2412b2-b4fb-4f82-809b-1622830abc92', '2025-07-02 14:44:44', '2025-07-02 14:44:44', NULL);
INSERT INTO `role_permissions` VALUES ('9f4af185-9dd0-4bd2-a442-76ab98badaaa', '9f4af185-8d6d-4f56-bb21-e4ce0b762f3a', 'e9260dee-32da-43fd-a96b-b60db29d880c', '2025-07-02 14:44:44', '2025-07-02 14:44:44', NULL);
INSERT INTO `role_permissions` VALUES ('9f4af185-9dfb-420f-9894-87b2ac08853a', '9f4af185-8d6d-4f56-bb21-e4ce0b762f3a', '152c31de-05e3-486d-bd45-5fd57b6653b2', '2025-07-02 14:44:44', '2025-07-02 14:44:44', NULL);
INSERT INTO `role_permissions` VALUES ('9f4af185-9e2a-4403-9175-b32d28fc1786', '9f4af185-8d6d-4f56-bb21-e4ce0b762f3a', 'fd3a022f-14c9-47c5-be09-30baf6dfc421', '2025-07-02 14:44:44', '2025-07-02 14:44:44', NULL);
INSERT INTO `role_permissions` VALUES ('9f4af185-9e55-49fa-a761-ac3609454d79', '9f4af185-8d6d-4f56-bb21-e4ce0b762f3a', 'f8b5b2ec-012d-489e-8e39-09736a280d84', '2025-07-02 14:44:44', '2025-07-02 14:44:44', NULL);
INSERT INTO `role_permissions` VALUES ('9f4af185-9e84-4dfb-82a1-6f31a1ec27b4', '9f4af185-8d6d-4f56-bb21-e4ce0b762f3a', '071c59a9-4fb0-466a-8da5-12133f4fbec3', '2025-07-02 14:44:44', '2025-07-02 14:44:44', NULL);
INSERT INTO `role_permissions` VALUES ('9f4af185-9ebc-4f42-8a98-f064443fa33f', '9f4af185-8d6d-4f56-bb21-e4ce0b762f3a', '495c19a9-5d40-4e47-b313-4029eb999f6a', '2025-07-02 14:44:44', '2025-07-02 14:44:44', NULL);
INSERT INTO `role_permissions` VALUES ('9f4af185-9ef4-4b38-8e12-185d4fa980ae', '9f4af185-8d6d-4f56-bb21-e4ce0b762f3a', 'bcab0db3-0f5e-4845-bb81-9409b6e8589d', '2025-07-02 14:44:44', '2025-07-02 14:44:44', NULL);
INSERT INTO `role_permissions` VALUES ('9f4af185-9f24-4393-a322-0f72d3fc3730', '9f4af185-8d6d-4f56-bb21-e4ce0b762f3a', '776d0565-feb1-4975-8565-adfa8f6b52c1', '2025-07-02 14:44:44', '2025-07-02 14:44:44', NULL);
INSERT INTO `role_permissions` VALUES ('9f4af185-9f57-48d4-b68c-3fd30eece4f9', '9f4af185-8d6d-4f56-bb21-e4ce0b762f3a', 'c8132600-9b63-44e9-96f2-5c6ccda443dc', '2025-07-02 14:44:44', '2025-07-02 14:44:44', NULL);
INSERT INTO `role_permissions` VALUES ('9f4af185-9f85-4a39-88ae-d6d4d9ad5141', '9f4af185-8d6d-4f56-bb21-e4ce0b762f3a', 'b3eb89b2-5fe2-4a33-b42f-6c9d68f80fa2', '2025-07-02 14:44:44', '2025-07-02 14:44:44', NULL);
INSERT INTO `role_permissions` VALUES ('9f4af185-9fb6-466a-8eab-eee6a94f3b45', '9f4af185-8d6d-4f56-bb21-e4ce0b762f3a', '251675e1-c5eb-42b2-9bfb-853d71f919c6', '2025-07-02 14:44:44', '2025-07-02 14:44:44', NULL);
INSERT INTO `role_permissions` VALUES ('9f4af185-9fe8-4a09-85a9-68e24f3eb6d6', '9f4af185-8d6d-4f56-bb21-e4ce0b762f3a', '6f6c727e-42d2-44ab-b0c7-8a34a8a137e3', '2025-07-02 14:44:44', '2025-07-02 14:44:44', NULL);
INSERT INTO `role_permissions` VALUES ('9f4af185-a013-4155-9efc-1af3b44814b6', '9f4af185-8d6d-4f56-bb21-e4ce0b762f3a', '93caf6eb-5b6f-4f96-8e2f-17549d7fe1be', '2025-07-02 14:44:44', '2025-07-02 14:44:44', NULL);
INSERT INTO `role_permissions` VALUES ('9f4af185-a042-42e6-857b-acc6321b6d09', '9f4af185-8d6d-4f56-bb21-e4ce0b762f3a', 'e10c42a7-88a6-4abc-b429-8b10da1ceaa6', '2025-07-02 14:44:44', '2025-07-02 14:44:44', NULL);
INSERT INTO `role_permissions` VALUES ('9f4af185-a074-45fc-91e8-47460f4b61fc', '9f4af185-8d6d-4f56-bb21-e4ce0b762f3a', 'c6b9f3ff-68ef-4bdf-ab3b-3097bb304d4d', '2025-07-02 14:44:44', '2025-07-02 14:44:44', NULL);
INSERT INTO `role_permissions` VALUES ('9f4af185-a09f-4cce-9454-84f9ec977d88', '9f4af185-8d6d-4f56-bb21-e4ce0b762f3a', '3a938712-a707-4f6a-8483-24a3b21540d5', '2025-07-02 14:44:44', '2025-07-02 14:44:44', NULL);
INSERT INTO `role_permissions` VALUES ('9f4af185-a103-4b26-b610-5363df14dbd2', '9f4af185-8d6d-4f56-bb21-e4ce0b762f3a', '43ddbadb-847b-4d61-a1ed-610e7e1d0152', '2025-07-02 14:44:44', '2025-07-02 14:44:44', NULL);
INSERT INTO `role_permissions` VALUES ('9f4af185-a12f-478e-a5d4-bcc19486f44f', '9f4af185-8d6d-4f56-bb21-e4ce0b762f3a', '0adf6220-57ca-4272-b691-47e7a852fb32', '2025-07-02 14:44:44', '2025-07-02 14:44:44', NULL);
INSERT INTO `role_permissions` VALUES ('9f4af185-a15c-46d4-b1a3-5d390233ebd8', '9f4af185-8d6d-4f56-bb21-e4ce0b762f3a', '9fc527b4-a3a5-4f85-8fc7-dbfff0144a43', '2025-07-02 14:44:44', '2025-07-02 14:44:44', NULL);
INSERT INTO `role_permissions` VALUES ('9f4af185-a197-431f-8f07-f2241f3f2f2a', '9f4af185-8d6d-4f56-bb21-e4ce0b762f3a', 'f24ff5c5-0805-4f62-914b-e239ee1b2a8a', '2025-07-02 14:44:44', '2025-07-02 14:44:44', NULL);
INSERT INTO `role_permissions` VALUES ('9f4af185-a1c1-4581-b5d5-d55a978de6aa', '9f4af185-8d6d-4f56-bb21-e4ce0b762f3a', 'c5771c35-4afb-4922-b7a6-fb3acf8620d2', '2025-07-02 14:44:44', '2025-07-02 14:44:44', NULL);
INSERT INTO `role_permissions` VALUES ('9f4af185-a1f8-42a1-8ede-cd200edc28c7', '9f4af185-8d6d-4f56-bb21-e4ce0b762f3a', '35b4c8a6-f4dd-4ec7-8010-b8a1b769db38', '2025-07-02 14:44:44', '2025-07-02 14:44:44', NULL);
INSERT INTO `role_permissions` VALUES ('9f4af185-a228-4ebe-8d95-4e1cb5cf4229', '9f4af185-8d6d-4f56-bb21-e4ce0b762f3a', '12dfe074-97c2-43ae-856f-79b2533efe94', '2025-07-02 14:44:44', '2025-07-02 14:44:44', NULL);
INSERT INTO `role_permissions` VALUES ('9f4af185-a255-4d81-9a09-b11f35df0cc9', '9f4af185-8d6d-4f56-bb21-e4ce0b762f3a', '13e9a919-e091-4e11-89e3-f874e7071720', '2025-07-02 14:44:44', '2025-07-02 14:44:44', NULL);
INSERT INTO `role_permissions` VALUES ('9f4af185-a288-4cd4-b4d8-c7d057ff70ac', '9f4af185-8d6d-4f56-bb21-e4ce0b762f3a', '41170c82-6a79-46d7-b86c-cff7879416da', '2025-07-02 14:44:44', '2025-07-02 14:44:44', NULL);
INSERT INTO `role_permissions` VALUES ('9f4af185-a32a-4e3d-b4d7-a049cce81e1b', '9f4af185-8d6d-4f56-bb21-e4ce0b762f3a', '924996a4-807f-43b3-986e-e140bf8adfd6', '2025-07-02 14:44:44', '2025-07-02 14:44:44', NULL);
INSERT INTO `role_permissions` VALUES ('9f4af185-a359-44f3-a2c2-963bbe31dc0c', '9f4af185-8d6d-4f56-bb21-e4ce0b762f3a', 'e34adb41-1f8a-4495-8a06-d39c8398ab40', '2025-07-02 14:44:44', '2025-07-02 14:44:44', NULL);
INSERT INTO `role_permissions` VALUES ('9f4af185-a388-41f1-8656-1338225f33b9', '9f4af185-8d6d-4f56-bb21-e4ce0b762f3a', '077062d4-c495-4162-92e5-6ac6f5241009', '2025-07-02 14:44:44', '2025-07-02 14:44:44', NULL);
INSERT INTO `role_permissions` VALUES ('9f4af185-a3c0-4e78-bc62-66c0e1d5d535', '9f4af185-8d6d-4f56-bb21-e4ce0b762f3a', '5f9f2c97-3337-4273-80a6-a8c9bb0f09aa', '2025-07-02 14:44:44', '2025-07-02 14:44:44', NULL);
INSERT INTO `role_permissions` VALUES ('9f4af185-a3f0-4b88-aebc-6605260c967c', '9f4af185-8d6d-4f56-bb21-e4ce0b762f3a', 'c21ebe6c-61e2-4afa-b6bf-1b54ba93313e', '2025-07-02 14:44:44', '2025-07-02 14:44:44', NULL);
INSERT INTO `role_permissions` VALUES ('9f4af185-a41d-453a-b74b-0bc7875e7d68', '9f4af185-8d6d-4f56-bb21-e4ce0b762f3a', 'd1c2d0de-191c-4181-b8b6-f74b09f4513c', '2025-07-02 14:44:44', '2025-07-02 14:44:44', NULL);
INSERT INTO `role_permissions` VALUES ('9f4af185-a451-4bba-82bc-f7f4656558af', '9f4af185-8d6d-4f56-bb21-e4ce0b762f3a', 'b6ce04d8-f748-4722-9a54-c3c41bcbdb5c', '2025-07-02 14:44:44', '2025-07-02 14:44:44', NULL);
INSERT INTO `role_permissions` VALUES ('9f4af185-a47d-4979-9f1c-c8cde879a082', '9f4af185-8d6d-4f56-bb21-e4ce0b762f3a', '29c4200a-7fb2-4277-a558-3b87966702bf', '2025-07-02 14:44:44', '2025-07-02 14:44:44', NULL);
INSERT INTO `role_permissions` VALUES ('9f4af185-a4ad-4d11-aa2d-e52a9e468082', '9f4af185-8d6d-4f56-bb21-e4ce0b762f3a', '6549b0e6-b59d-4a30-b599-6fafbc38a4cd', '2025-07-02 14:44:44', '2025-07-02 14:44:44', NULL);
INSERT INTO `role_permissions` VALUES ('9f4af185-a4e2-4091-a357-32b8a0152af4', '9f4af185-8d6d-4f56-bb21-e4ce0b762f3a', '23f3ed61-8694-4312-88bd-18b4db334ec8', '2025-07-02 14:44:44', '2025-07-02 14:44:44', NULL);
INSERT INTO `role_permissions` VALUES ('9f4af185-a51e-48f9-b435-d383bc5a6748', '9f4af185-8d6d-4f56-bb21-e4ce0b762f3a', '1bb089fe-0fe9-471a-9efd-37b9a8f8538b', '2025-07-02 14:44:44', '2025-07-02 14:44:44', NULL);
INSERT INTO `role_permissions` VALUES ('9f4af185-a553-4fea-8213-bb18d42e57b7', '9f4af185-8d6d-4f56-bb21-e4ce0b762f3a', 'f9416ded-302c-41c0-9483-a6095f0fa207', '2025-07-02 14:44:44', '2025-07-02 14:44:44', NULL);
INSERT INTO `role_permissions` VALUES ('9f4af185-a592-42d0-b425-a1f5dab7d39d', '9f4af185-8d6d-4f56-bb21-e4ce0b762f3a', '6fc7e56e-1717-4026-9ccc-6387f71ae6c3', '2025-07-02 14:44:44', '2025-07-02 14:44:44', NULL);
INSERT INTO `role_permissions` VALUES ('9f4af185-a5cd-4d14-bd51-2d394661b222', '9f4af185-8d6d-4f56-bb21-e4ce0b762f3a', '1669cb80-20d9-4266-aa88-af5069e41578', '2025-07-02 14:44:44', '2025-07-02 14:44:44', NULL);
INSERT INTO `role_permissions` VALUES ('9f4af185-a5fb-4e3a-9f94-e5b29f3d3cbc', '9f4af185-8d6d-4f56-bb21-e4ce0b762f3a', '0ea132eb-d8d4-4979-90d6-ceeed3002bd6', '2025-07-02 14:44:44', '2025-07-02 14:44:44', NULL);
INSERT INTO `role_permissions` VALUES ('9f4af185-a62b-41a0-8194-9c785cdbc22e', '9f4af185-8d6d-4f56-bb21-e4ce0b762f3a', '4de0e091-f878-4cfd-834c-46697a72eea8', '2025-07-02 14:44:44', '2025-07-02 14:44:44', NULL);
INSERT INTO `role_permissions` VALUES ('9f4af185-a6da-4a1d-b515-b86d8f09bba8', '9f4af185-8d6d-4f56-bb21-e4ce0b762f3a', '73cf6f21-d0d1-4574-964d-88fb2c410975', '2025-07-02 14:44:44', '2025-07-02 14:44:44', NULL);
INSERT INTO `role_permissions` VALUES ('9f4af185-a70a-45a0-b2d1-166930f2a862', '9f4af185-8d6d-4f56-bb21-e4ce0b762f3a', 'e40d99a7-4d87-4c8a-9e21-ba4102e023cd', '2025-07-02 14:44:44', '2025-07-02 14:44:44', NULL);
INSERT INTO `role_permissions` VALUES ('9f4af185-a737-4eb2-a909-09fbaed7a476', '9f4af185-8d6d-4f56-bb21-e4ce0b762f3a', 'f9c11db9-6d55-4c40-9b65-249d566b4354', '2025-07-02 14:44:44', '2025-07-02 14:44:44', NULL);
INSERT INTO `role_permissions` VALUES ('9f4af185-a76b-4937-9fee-958e2d735f1b', '9f4af185-8d6d-4f56-bb21-e4ce0b762f3a', '5eadefa9-af83-4720-8d62-20653072dad9', '2025-07-02 14:44:44', '2025-07-02 14:44:44', NULL);
INSERT INTO `role_permissions` VALUES ('9f4af185-a79a-4b06-bfd1-4626fa429d2f', '9f4af185-8d6d-4f56-bb21-e4ce0b762f3a', '759f67a1-444b-412b-92f5-7c7e79e48d65', '2025-07-02 14:44:44', '2025-07-02 14:44:44', NULL);
INSERT INTO `role_permissions` VALUES ('9f4af185-a7ca-4c24-bb0b-23a288cfe951', '9f4af185-8d6d-4f56-bb21-e4ce0b762f3a', '75cf26b3-cc7d-4cf6-ac01-4c0a3a70c011', '2025-07-02 14:44:44', '2025-07-02 14:44:44', NULL);
INSERT INTO `role_permissions` VALUES ('9f4af185-a7fc-49e8-aee4-69c44668ada4', '9f4af185-8d6d-4f56-bb21-e4ce0b762f3a', 'dcb6e6d1-eab8-4f75-877f-8ac33b38ec1e', '2025-07-02 14:44:44', '2025-07-02 14:44:44', NULL);
INSERT INTO `role_permissions` VALUES ('9f4af185-a830-4960-88ee-33d00d2fb723', '9f4af185-8d6d-4f56-bb21-e4ce0b762f3a', '01dab36d-caab-4470-b09a-7a246f54b63a', '2025-07-02 14:44:44', '2025-07-02 14:44:44', NULL);
INSERT INTO `role_permissions` VALUES ('9f4af185-a85d-4098-9fb6-2d0ff5edd25f', '9f4af185-8d6d-4f56-bb21-e4ce0b762f3a', 'ed7fe0b7-7b1e-4146-ba40-84735a4fb86e', '2025-07-02 14:44:44', '2025-07-02 14:44:44', NULL);
INSERT INTO `role_permissions` VALUES ('9f4af185-a890-4295-b6fa-c16d2d8731f2', '9f4af185-8d6d-4f56-bb21-e4ce0b762f3a', '41b1e351-33be-4f9d-8095-ac17b6a52f03', '2025-07-02 14:44:44', '2025-07-02 14:44:44', NULL);
INSERT INTO `role_permissions` VALUES ('9f4af185-a8be-4a39-a81e-8e840c0893a7', '9f4af185-8d6d-4f56-bb21-e4ce0b762f3a', 'd1e5b2ea-0bc2-4f3e-9827-6f0a22934f03', '2025-07-02 14:44:44', '2025-07-02 14:44:44', NULL);

-- ----------------------------
-- Table structure for roles
-- ----------------------------
DROP TABLE IF EXISTS `roles`;
CREATE TABLE `roles`  (
  `id` char(36) CHARACTER SET utf8mb4 COLLATE utf8mb4_unicode_ci NOT NULL,
  `name` varchar(191) CHARACTER SET utf8mb4 COLLATE utf8mb4_unicode_ci NOT NULL,
  `created_at` timestamp NULL DEFAULT NULL,
  `updated_at` timestamp NULL DEFAULT NULL,
  `deleted_at` timestamp NULL DEFAULT NULL,
  `created_by` char(36) CHARACTER SET utf8mb4 COLLATE utf8mb4_unicode_ci NULL DEFAULT NULL,
  `updated_by` char(36) CHARACTER SET utf8mb4 COLLATE utf8mb4_unicode_ci NULL DEFAULT NULL,
  `deleted_by` char(36) CHARACTER SET utf8mb4 COLLATE utf8mb4_unicode_ci NULL DEFAULT NULL,
  PRIMARY KEY (`id`) USING BTREE
) ENGINE = MyISAM AUTO_INCREMENT = 1 CHARACTER SET = utf8mb4 COLLATE = utf8mb4_unicode_ci ROW_FORMAT = Dynamic;

-- ----------------------------
-- Records of roles
-- ----------------------------
INSERT INTO `roles` VALUES ('9f4af185-8d6d-4f56-bb21-e4ce0b762f3a', 'admin', '2025-07-02 14:44:44', '2025-07-02 14:44:44', NULL, NULL, NULL, NULL);

-- ----------------------------
-- Table structure for settings
-- ----------------------------
DROP TABLE IF EXISTS `settings`;
CREATE TABLE `settings`  (
  `id` char(36) CHARACTER SET utf8mb4 COLLATE utf8mb4_unicode_ci NOT NULL,
  `key` varchar(191) CHARACTER SET utf8mb4 COLLATE utf8mb4_unicode_ci NOT NULL,
  `value` text CHARACTER SET utf8mb4 COLLATE utf8mb4_unicode_ci NOT NULL,
  `type` varchar(191) CHARACTER SET utf8mb4 COLLATE utf8mb4_unicode_ci NOT NULL,
  `label` varchar(191) CHARACTER SET utf8mb4 COLLATE utf8mb4_unicode_ci NOT NULL,
  `deleted_at` timestamp NULL DEFAULT NULL,
  `created_at` timestamp NULL DEFAULT NULL,
  `updated_at` timestamp NULL DEFAULT NULL,
  PRIMARY KEY (`id`) USING BTREE
) ENGINE = MyISAM AUTO_INCREMENT = 1 CHARACTER SET = utf8mb4 COLLATE = utf8mb4_unicode_ci ROW_FORMAT = Dynamic;

-- ----------------------------
-- Records of settings
-- ----------------------------
INSERT INTO `settings` VALUES ('c221361b-0c82-4abd-ab68-d0d7a1a9cbcd', 'G_SITE_NAME', 'Nusa Travel', 'text', 'Site Name', NULL, NULL, NULL);
INSERT INTO `settings` VALUES ('dda12cb5-85d0-4274-9e24-53a376afedb6', 'G_SITE_LOGO', 'logo-side.png', 'image', 'Site Logo', NULL, NULL, NULL);
INSERT INTO `settings` VALUES ('3531dcdd-a8a5-4bc1-a5d5-339040cb1893', 'G_SITE_ABOUT', 'An Indonesia\'s leading provider of fast boat tickets, we offer the most reliable and efficient transport options for island-hopping. Our main fast boat, the Ekajaya Fast Boat, is equipped with modern facilities and offers a comfortable and safe journey to your desired destination.', 'textarea', 'Site About', NULL, NULL, NULL);
INSERT INTO `settings` VALUES ('23623946-e8ec-43b6-8152-9a8a7ea9672b', 'G_SITE_WELCOME', 'Welcome To Nusa Travel', 'text', 'Welcome Banner', NULL, NULL, NULL);
INSERT INTO `settings` VALUES ('9c5cde40-e7c4-4519-bc36-9419c7b43ab7', 'G_SITE_SUBWELCOME', 'Your One-Stop Destination for Island Hopping in Indonesia', 'text', 'Sub Welcome Banner', NULL, NULL, NULL);
INSERT INTO `settings` VALUES ('b4954c5a-7400-4620-9807-403e77bc71a8', 'G_SITE_META_DESC', 'description here', 'textarea', 'Site Meta', NULL, NULL, NULL);
INSERT INTO `settings` VALUES ('6688da3c-e916-464e-8a12-0aa0c5f86618', 'G_SITE_META_KEYWORD', 'keyword here', 'textarea', 'Site Keyword', NULL, NULL, NULL);
INSERT INTO `settings` VALUES ('ddd51744-fcbf-43f9-bba0-966598c1ec33', 'G_LANDING_SLIDE_1', 'images/1.jpg', 'image', 'SLIDE 1', NULL, NULL, NULL);
INSERT INTO `settings` VALUES ('a68e4ff1-d953-4609-a5e5-4382819cea25', 'G_LANDING_SLIDE_2', 'images/2.jpg', 'image', 'SLIDE 2', NULL, NULL, NULL);
INSERT INTO `settings` VALUES ('dc33a337-2a57-44f6-a175-ec3236aef80d', 'G_LANDING_SLIDE_3', 'images/3.jpg', 'image', 'SLIDE 3', NULL, NULL, NULL);
INSERT INTO `settings` VALUES ('79daf117-e7b3-44da-a6b4-0937935dabc9', 'midtrans_server_key', 'SB-Mid-server-UA0LQbY4aALV0CfLLX1v7xs8', 'text', 'Midtrans Server Key', NULL, NULL, '2025-07-02 15:57:14');
INSERT INTO `settings` VALUES ('92faefe6-fb99-4871-b134-dc9864bd4fa1', 'midtrans_client_key', 'SB-Mid-client-xqqkspzoZOM10iUG', 'text', 'Midtrans Client Key', NULL, NULL, '2025-07-02 15:57:14');
INSERT INTO `settings` VALUES ('f1bf87ed-9d3a-404a-9fc6-11fb9530bf51', 'midtrans_merchant_id', 'G561244367', 'text', 'Midtrans Merchatn Id', NULL, NULL, '2025-07-02 15:57:14');
INSERT INTO `settings` VALUES ('63111cd7-1171-49cf-8707-3b7821534bfb', 'midtrans_enable', '0', 'text', 'Midtrans Enable', NULL, NULL, '2025-07-02 15:57:14');
INSERT INTO `settings` VALUES ('a72cded1-5c47-485b-8e34-517e46ae9ecf', 'midtrans_logo', 'http://localhost:8000/images/midtrans_logo.png', 'image', 'Midtrans Logo', NULL, NULL, '2025-07-02 15:57:14');
INSERT INTO `settings` VALUES ('933d8e1f-97da-4af3-b6e3-49b58e4fb017', 'DOKU_SECRET_KEY', 'SK-mRBFJynWUAWrnjvM6YvT', 'text', 'Doku Secret Key', NULL, NULL, '2025-07-02 15:57:14');
INSERT INTO `settings` VALUES ('6f0f2102-b96e-4b12-ad05-672874f2950a', 'DOKU_CLIENT_ID', 'BRN-0232-1740930787544', 'text', 'Doku Client ID', NULL, NULL, '2025-07-02 15:57:14');
INSERT INTO `settings` VALUES ('6b774915-43b2-4a54-b914-1b4367115d9f', 'DOKU_ENABLE', '1', 'text', 'Doku Enable Payment', NULL, NULL, '2025-07-02 15:57:14');
INSERT INTO `settings` VALUES ('40d39148-ee80-4fb8-a8be-c62f09d0fad1', 'DOKU_LOGO', 'http://localhost:8000/images/doku_logo.png', 'image', 'DOKU Logo', NULL, NULL, '2025-07-02 15:57:14');
INSERT INTO `settings` VALUES ('dea1cffc-3c74-432e-aaa7-424861590163', 'G_WHATSAPP_FLOAT_ENABLE', '1', 'checkbox', 'Whatsapp Float Button Enable', NULL, NULL, NULL);
INSERT INTO `settings` VALUES ('84fc0d34-8184-4a7d-924c-62efec195e4a', 'G_WHATSAPP_URL', 'https://wa.me/6287820231626', 'text', 'Whatsapp Url', NULL, NULL, NULL);
INSERT INTO `settings` VALUES ('86612dc5-a205-40ee-81bc-d7c61598989b', 'G_WHATSAPP_TEXT', 'How can I help you ?', 'text', 'Whatsapp Text', NULL, NULL, NULL);
INSERT INTO `settings` VALUES ('bd444659-23a1-4df7-a143-41c147baa493', 'EKAJAYA_HOST', 'https://nusatravel.ajikamaludin.id', 'text', 'Ekajaya Api Host', NULL, NULL, NULL);
INSERT INTO `settings` VALUES ('e81c0cdc-d606-451d-b665-a0da0f91258b', 'EKAJAYA_APIKEY', 'abc-test', 'text', 'Ekajaya Api Key', NULL, NULL, NULL);
INSERT INTO `settings` VALUES ('8b45bf2b-8192-447a-bea5-1200bc798565', 'EKAJAYA_ENABLE', '0', 'text', 'Ekajaya Integration Enable', NULL, NULL, NULL);
INSERT INTO `settings` VALUES ('e4f1799e-12d2-443a-affd-f6dbcf9587ec', 'EKAJAYA_LOGO', 'images/logo_ekajaya.png', 'image', 'Ekajaya Logo', NULL, NULL, NULL);
INSERT INTO `settings` VALUES ('0e7d47e0-0122-40c6-9b1b-38c87960b72a', 'EKAJAYA_MARK', 'By Integrated', 'image', 'Ekajaya Mark', NULL, NULL, NULL);
INSERT INTO `settings` VALUES ('97f25cef-0816-43d0-ae68-b92d873c8544', 'GLOBALTIX_HOST', 'https://uat-api.globaltix.com/api', 'text', 'GlobalTix Api Host', NULL, NULL, NULL);
INSERT INTO `settings` VALUES ('49750c4a-bde9-4d02-b148-2ad647a70c34', 'GLOBALTIX_USERNAME', 'business@nusa.travel', 'text', 'GlobalTix Username', NULL, NULL, NULL);
INSERT INTO `settings` VALUES ('4bb59d9c-5095-4992-ad70-c6c80c421c97', 'GLOBALTIX_PASSWORD', '12345', 'text', 'GlobalTix Password', NULL, NULL, NULL);
INSERT INTO `settings` VALUES ('e99589cc-22d9-4133-a406-8a1988e63baa', 'GLOBALTIX_ENABLE', '0', 'text', 'GlobalTix Integration Enable', NULL, NULL, NULL);
INSERT INTO `settings` VALUES ('5eb650be-265f-4cf2-b484-30bb3b2d7450', 'GLOBALTIX_LOGO', 'images/logo_ekajaya.png', 'image', 'GlobalTix Logo', NULL, NULL, NULL);
INSERT INTO `settings` VALUES ('90e1bf62-1166-4f47-888c-e4397a46fc8a', 'G_DEEPL_AUTHKEY', '8d17f9dd-0b69-f305-0d1e-ec73aee8269c', 'text', 'Deepl Translation Api Key', NULL, NULL, NULL);

-- ----------------------------
-- Table structure for tags
-- ----------------------------
DROP TABLE IF EXISTS `tags`;
CREATE TABLE `tags`  (
  `id` char(36) CHARACTER SET utf8mb4 COLLATE utf8mb4_unicode_ci NOT NULL,
  `name` varchar(191) CHARACTER SET utf8mb4 COLLATE utf8mb4_unicode_ci NOT NULL,
  `created_at` timestamp NULL DEFAULT NULL,
  `updated_at` timestamp NULL DEFAULT NULL,
  `deleted_at` timestamp NULL DEFAULT NULL,
  `created_by` char(36) CHARACTER SET utf8mb4 COLLATE utf8mb4_unicode_ci NULL DEFAULT NULL,
  `updated_by` char(36) CHARACTER SET utf8mb4 COLLATE utf8mb4_unicode_ci NULL DEFAULT NULL,
  `deleted_by` char(36) CHARACTER SET utf8mb4 COLLATE utf8mb4_unicode_ci NULL DEFAULT NULL,
  PRIMARY KEY (`id`) USING BTREE
) ENGINE = MyISAM AUTO_INCREMENT = 1 CHARACTER SET = utf8mb4 COLLATE = utf8mb4_unicode_ci ROW_FORMAT = Dynamic;

-- ----------------------------
-- Records of tags
-- ----------------------------
INSERT INTO `tags` VALUES ('e5d8d85b-32ca-4615-98cb-2e8929a438a2', 'News', NULL, NULL, NULL, NULL, NULL, NULL);
INSERT INTO `tags` VALUES ('f8147603-6010-4044-aeba-793188bc965d', 'Tours', NULL, NULL, NULL, NULL, NULL, NULL);
INSERT INTO `tags` VALUES ('a14a5c3d-e841-437c-8586-8c9c330170f5', 'Destination', NULL, NULL, NULL, NULL, NULL, NULL);
INSERT INTO `tags` VALUES ('83b9a8c7-cd83-42c8-a4cf-e8e3f5ca3c2e', 'Boat', NULL, NULL, NULL, NULL, NULL, NULL);

-- ----------------------------
-- Table structure for tour_package_prices
-- ----------------------------
DROP TABLE IF EXISTS `tour_package_prices`;
CREATE TABLE `tour_package_prices`  (
  `id` char(36) CHARACTER SET utf8mb4 COLLATE utf8mb4_unicode_ci NOT NULL,
  `tour_package_id` char(36) CHARACTER SET utf8mb4 COLLATE utf8mb4_unicode_ci NOT NULL,
  `quantity` int NOT NULL DEFAULT 0,
  `quantity_name` varchar(191) CHARACTER SET utf8mb4 COLLATE utf8mb4_unicode_ci NULL DEFAULT NULL,
  `price` decimal(14, 2) NOT NULL DEFAULT 0.00,
  `created_at` timestamp NULL DEFAULT NULL,
  `updated_at` timestamp NULL DEFAULT NULL,
  `deleted_at` timestamp NULL DEFAULT NULL,
  `created_by` char(36) CHARACTER SET utf8mb4 COLLATE utf8mb4_unicode_ci NULL DEFAULT NULL,
  `updated_by` char(36) CHARACTER SET utf8mb4 COLLATE utf8mb4_unicode_ci NULL DEFAULT NULL,
  `deleted_by` char(36) CHARACTER SET utf8mb4 COLLATE utf8mb4_unicode_ci NULL DEFAULT NULL,
  PRIMARY KEY (`id`) USING BTREE
) ENGINE = MyISAM AUTO_INCREMENT = 1 CHARACTER SET = utf8mb4 COLLATE = utf8mb4_unicode_ci ROW_FORMAT = Dynamic;

-- ----------------------------
-- Records of tour_package_prices
-- ----------------------------
INSERT INTO `tour_package_prices` VALUES ('9f4af186-3a97-4ce7-a11a-3d510da4bc4d', '9f4af186-3a2c-4fd4-a049-7dbea57d9792', 1, NULL, 635000.00, '2025-07-02 14:44:45', '2025-07-02 14:44:45', NULL, NULL, NULL, NULL);
INSERT INTO `tour_package_prices` VALUES ('9f4af186-3ad3-437b-ba87-7fddf869cbf0', '9f4af186-3a2c-4fd4-a049-7dbea57d9792', 3, NULL, 560000.00, '2025-07-02 14:44:45', '2025-07-02 14:44:45', NULL, NULL, NULL, NULL);
INSERT INTO `tour_package_prices` VALUES ('9f4af186-3b04-4aa2-99fe-7d22e2fd207d', '9f4af186-3a2c-4fd4-a049-7dbea57d9792', 4, NULL, 510000.00, '2025-07-02 14:44:45', '2025-07-02 14:44:45', NULL, NULL, NULL, NULL);
INSERT INTO `tour_package_prices` VALUES ('9f4af186-3b33-4d5c-bc97-d013257d3cde', '9f4af186-3a2c-4fd4-a049-7dbea57d9792', 5, NULL, 485000.00, '2025-07-02 14:44:45', '2025-07-02 14:44:45', NULL, NULL, NULL, NULL);
INSERT INTO `tour_package_prices` VALUES ('9f4af186-3b63-46aa-a4f3-966415a0cd56', '9f4af186-3a2c-4fd4-a049-7dbea57d9792', 8, NULL, 475000.00, '2025-07-02 14:44:45', '2025-07-02 14:44:45', NULL, NULL, NULL, NULL);
INSERT INTO `tour_package_prices` VALUES ('9f4af186-3cc2-4747-a704-0312753e4ae4', '9f4af186-3c90-4958-8e23-c4c679d315b9', 1, NULL, 635000.00, '2025-07-02 14:44:45', '2025-07-02 14:44:45', NULL, NULL, NULL, NULL);
INSERT INTO `tour_package_prices` VALUES ('9f4af186-3d4e-45e3-8c3a-86ebed0db252', '9f4af186-3c90-4958-8e23-c4c679d315b9', 3, NULL, 560000.00, '2025-07-02 14:44:45', '2025-07-02 14:44:45', NULL, NULL, NULL, NULL);
INSERT INTO `tour_package_prices` VALUES ('9f4af186-3d81-49fe-9aa2-706da349bbf0', '9f4af186-3c90-4958-8e23-c4c679d315b9', 4, NULL, 510000.00, '2025-07-02 14:44:45', '2025-07-02 14:44:45', NULL, NULL, NULL, NULL);
INSERT INTO `tour_package_prices` VALUES ('9f4af186-3dca-4543-ad09-3547dc1be9c8', '9f4af186-3c90-4958-8e23-c4c679d315b9', 5, NULL, 485000.00, '2025-07-02 14:44:45', '2025-07-02 14:44:45', NULL, NULL, NULL, NULL);
INSERT INTO `tour_package_prices` VALUES ('9f4af186-3e02-4865-bd61-eab0e24189d0', '9f4af186-3c90-4958-8e23-c4c679d315b9', 8, NULL, 475000.00, '2025-07-02 14:44:45', '2025-07-02 14:44:45', NULL, NULL, NULL, NULL);
INSERT INTO `tour_package_prices` VALUES ('9f4af186-3fe4-45d7-8e04-2c73e3e31344', '9f4af186-3fa6-4ba3-9902-89e7d8e16777', 1, NULL, 725000.00, '2025-07-02 14:44:45', '2025-07-02 14:44:45', NULL, NULL, NULL, NULL);
INSERT INTO `tour_package_prices` VALUES ('9f4af186-401a-4fdf-93df-396735596ed6', '9f4af186-3fa6-4ba3-9902-89e7d8e16777', 3, NULL, 660000.00, '2025-07-02 14:44:45', '2025-07-02 14:44:45', NULL, NULL, NULL, NULL);
INSERT INTO `tour_package_prices` VALUES ('9f4af186-4049-4e05-bdcf-5829c42f45d7', '9f4af186-3fa6-4ba3-9902-89e7d8e16777', 4, NULL, 600000.00, '2025-07-02 14:44:45', '2025-07-02 14:44:45', NULL, NULL, NULL, NULL);
INSERT INTO `tour_package_prices` VALUES ('9f4af186-4077-4c33-853a-26407da8c19c', '9f4af186-3fa6-4ba3-9902-89e7d8e16777', 5, NULL, 570000.00, '2025-07-02 14:44:45', '2025-07-02 14:44:45', NULL, NULL, NULL, NULL);
INSERT INTO `tour_package_prices` VALUES ('9f4af186-40ad-42d1-98c3-d81e69159a7f', '9f4af186-3fa6-4ba3-9902-89e7d8e16777', 8, NULL, 540000.00, '2025-07-02 14:44:45', '2025-07-02 14:44:45', NULL, NULL, NULL, NULL);
INSERT INTO `tour_package_prices` VALUES ('9f4af186-41df-430b-bb6c-c0e4ad8b9a9c', '9f4af186-41ab-412e-a0df-a602fee67a98', 1, NULL, 880000.00, '2025-07-02 14:44:45', '2025-07-02 14:44:45', NULL, NULL, NULL, NULL);
INSERT INTO `tour_package_prices` VALUES ('9f4af186-420e-4c16-9e7f-9af8983af3bb', '9f4af186-41ab-412e-a0df-a602fee67a98', 3, NULL, 750000.00, '2025-07-02 14:44:45', '2025-07-02 14:44:45', NULL, NULL, NULL, NULL);
INSERT INTO `tour_package_prices` VALUES ('9f4af186-423a-499d-bb8c-9c60a7c977bc', '9f4af186-41ab-412e-a0df-a602fee67a98', 4, NULL, 670000.00, '2025-07-02 14:44:45', '2025-07-02 14:44:45', NULL, NULL, NULL, NULL);
INSERT INTO `tour_package_prices` VALUES ('9f4af186-426e-4dd3-a51f-9172abc51244', '9f4af186-41ab-412e-a0df-a602fee67a98', 5, NULL, 625000.00, '2025-07-02 14:44:45', '2025-07-02 14:44:45', NULL, NULL, NULL, NULL);
INSERT INTO `tour_package_prices` VALUES ('9f4af186-430a-4fd7-8dbc-ed311592ffab', '9f4af186-41ab-412e-a0df-a602fee67a98', 8, NULL, 590000.00, '2025-07-02 14:44:45', '2025-07-02 14:44:45', NULL, NULL, NULL, NULL);
INSERT INTO `tour_package_prices` VALUES ('9f4af186-4432-4f7b-af35-9526c7860001', '9f4af186-43fc-4cd4-a53c-c67f4218d5c1', 1, NULL, 740000.00, '2025-07-02 14:44:45', '2025-07-02 14:44:45', NULL, NULL, NULL, NULL);
INSERT INTO `tour_package_prices` VALUES ('9f4af186-4466-4297-b40c-604ee6e62df3', '9f4af186-43fc-4cd4-a53c-c67f4218d5c1', 3, NULL, 665000.00, '2025-07-02 14:44:45', '2025-07-02 14:44:45', NULL, NULL, NULL, NULL);
INSERT INTO `tour_package_prices` VALUES ('9f4af186-4496-4662-978e-809495608fa2', '9f4af186-43fc-4cd4-a53c-c67f4218d5c1', 4, NULL, 615000.00, '2025-07-02 14:44:45', '2025-07-02 14:44:45', NULL, NULL, NULL, NULL);
INSERT INTO `tour_package_prices` VALUES ('9f4af186-44c8-4e8a-a929-d1e63951406e', '9f4af186-43fc-4cd4-a53c-c67f4218d5c1', 5, NULL, 590000.00, '2025-07-02 14:44:45', '2025-07-02 14:44:45', NULL, NULL, NULL, NULL);
INSERT INTO `tour_package_prices` VALUES ('9f4af186-44fc-4019-b221-6dafe658d758', '9f4af186-43fc-4cd4-a53c-c67f4218d5c1', 8, NULL, 580000.00, '2025-07-02 14:44:45', '2025-07-02 14:44:45', NULL, NULL, NULL, NULL);
INSERT INTO `tour_package_prices` VALUES ('9f4af186-4624-4e1c-91b0-83622fcb7a7b', '9f4af186-45f0-4fa4-9c54-4fb6953c3759', 1, NULL, 635000.00, '2025-07-02 14:44:45', '2025-07-02 14:44:45', NULL, NULL, NULL, NULL);
INSERT INTO `tour_package_prices` VALUES ('9f4af186-4656-4f1f-b43f-07b076c07ab5', '9f4af186-45f0-4fa4-9c54-4fb6953c3759', 3, NULL, 560000.00, '2025-07-02 14:44:45', '2025-07-02 14:44:45', NULL, NULL, NULL, NULL);
INSERT INTO `tour_package_prices` VALUES ('9f4af186-46ee-4aa5-91fb-ecf0a753e14a', '9f4af186-45f0-4fa4-9c54-4fb6953c3759', 4, NULL, 510000.00, '2025-07-02 14:44:45', '2025-07-02 14:44:45', NULL, NULL, NULL, NULL);
INSERT INTO `tour_package_prices` VALUES ('9f4af186-4721-4a38-aa35-6b10f01c21fd', '9f4af186-45f0-4fa4-9c54-4fb6953c3759', 5, NULL, 485000.00, '2025-07-02 14:44:45', '2025-07-02 14:44:45', NULL, NULL, NULL, NULL);
INSERT INTO `tour_package_prices` VALUES ('9f4af186-474f-4ca7-a432-4c47e07de27a', '9f4af186-45f0-4fa4-9c54-4fb6953c3759', 8, NULL, 475000.00, '2025-07-02 14:44:45', '2025-07-02 14:44:45', NULL, NULL, NULL, NULL);

-- ----------------------------
-- Table structure for tour_packages
-- ----------------------------
DROP TABLE IF EXISTS `tour_packages`;
CREATE TABLE `tour_packages`  (
  `id` char(36) CHARACTER SET utf8mb4 COLLATE utf8mb4_unicode_ci NOT NULL,
  `name` varchar(191) CHARACTER SET utf8mb4 COLLATE utf8mb4_unicode_ci NOT NULL,
  `slug` varchar(191) CHARACTER SET utf8mb4 COLLATE utf8mb4_unicode_ci NULL DEFAULT NULL,
  `title` varchar(191) CHARACTER SET utf8mb4 COLLATE utf8mb4_unicode_ci NULL DEFAULT NULL,
  `body` text CHARACTER SET utf8mb4 COLLATE utf8mb4_unicode_ci NULL,
  `meta_tag` varchar(191) CHARACTER SET utf8mb4 COLLATE utf8mb4_unicode_ci NULL DEFAULT NULL,
  `price` decimal(14, 2) NOT NULL DEFAULT 0.00,
  `cover_image` varchar(191) CHARACTER SET utf8mb4 COLLATE utf8mb4_unicode_ci NULL DEFAULT NULL,
  `is_publish` smallint NOT NULL DEFAULT 0,
  `created_at` timestamp NULL DEFAULT NULL,
  `updated_at` timestamp NULL DEFAULT NULL,
  `deleted_at` timestamp NULL DEFAULT NULL,
  `created_by` char(36) CHARACTER SET utf8mb4 COLLATE utf8mb4_unicode_ci NULL DEFAULT NULL,
  `updated_by` char(36) CHARACTER SET utf8mb4 COLLATE utf8mb4_unicode_ci NULL DEFAULT NULL,
  `deleted_by` char(36) CHARACTER SET utf8mb4 COLLATE utf8mb4_unicode_ci NULL DEFAULT NULL,
  PRIMARY KEY (`id`) USING BTREE
) ENGINE = MyISAM AUTO_INCREMENT = 1 CHARACTER SET = utf8mb4 COLLATE = utf8mb4_unicode_ci ROW_FORMAT = Dynamic;

-- ----------------------------
-- Records of tour_packages
-- ----------------------------
INSERT INTO `tour_packages` VALUES ('9f4af186-3a2c-4fd4-a049-7dbea57d9792', 'PENIDA DAY TOUR ( WEST )', 'penida-day-tour-west', 'PENIDA DAY TOUR ( WEST )', '<p><span style=\"font-size: 14pt;\"><strong>What to expects :&nbsp;</strong></span></p>\r\n<p>1. Destination Angel Billabong, Broken Beach &amp; Kelingking Secret Point<br>2. Return fast boat transfers<br>3. Entrance fee<br>4. Lunch Set menu at Green Kubu<br>5. Private car and driver (max 6 pax / car)<br>Schedule :&nbsp;</p>\r\n<ul>\r\n<li>&nbsp; &nbsp;- departure 07.30 a.m ( serangan port )</li>\r\n<li>&nbsp; &nbsp;- return 15.00 p.m ( penida port )</li>\r\n</ul>\r\n<p><img src=\"../../images/post1.webp\" alt=\"My alt text\" width=\"377\" height=\"251\"></p>', 'PENIDA DAY TOUR ( WEST )', 475000.00, 'images/post4.webp', 1, '2025-07-02 14:44:45', '2025-07-02 14:44:45', NULL, NULL, NULL, NULL);
INSERT INTO `tour_packages` VALUES ('9f4af186-3c90-4958-8e23-c4c679d315b9', 'PENIDA DAY TOUR ( EAST )', 'penida-day-tour-east', 'PENIDA DAY TOUR ( EAST )', '<p><span style=\"font-size: 14pt;\"><strong>What to expects :&nbsp;</strong></span></p>\r\n<p>1. Destination Diamond Beach, Atuh Beach, Teletubies Hills, Tree House<br>2. Return fast boat transfers<br>3. Entrance fee<br>4. Lunch Set menu at Local Restaurant<br>5. Private car and driver (max 6 pax / car)<br>Schedule : - departure 07.30 a.m ( serangan port )<br>- return 15.00 p.m ( penida port )</p>\r\n<p>&nbsp;</p>', 'PENIDA DAY TOUR ( EAST )', 475000.00, 'images/post3.webp', 1, '2025-07-02 14:44:45', '2025-07-02 14:44:45', NULL, NULL, NULL, NULL);
INSERT INTO `tour_packages` VALUES ('9f4af186-3fa6-4ba3-9902-89e7d8e16777', 'PENIDA DAY TOUR ( WEST - EAST )', 'penida-day-tour-west-east', 'PENIDA DAY TOUR ( WEST - EAST )', '<p><span style=\"font-size: 14pt;\"><strong>What to expects :&nbsp;</strong></span></p>\r\n<p>1. Destination Diamond Beach, Atuh Beach, Kelingking, Broken beach, Angel billabong<br>2. Return fast boat transfers<br>3. Entrance fee<br>4. Lunch Set menu at Local Restaurant<br>5. Private car and driver (max 6 pax / car)<br>Schedule : - departure 07.30 a.m ( serangan port )<br>- return 15.00 p.m ( penida port )</p>\r\n<p>&nbsp;</p>', 'PENIDA DAY TOUR ( WEST - EAST )', 540000.00, 'images/post3.webp', 1, '2025-07-02 14:44:45', '2025-07-02 14:44:45', NULL, NULL, NULL, NULL);
INSERT INTO `tour_packages` VALUES ('9f4af186-41ab-412e-a0df-a602fee67a98', 'PENIDA WEST TOUR - LEMBONGAN TOUR', 'penida-west-tour-lembongan-tour', 'PENIDA WEST TOUR - LEMBONGAN TOUR', '<p><span style=\"font-size: 14pt;\"><strong>What to expects :&nbsp;</strong></span></p>\r\n<p>1. Destination Kelingking Secret Point, Broken beach, Angel billabong, Dream<br>Beach, Devil Tears<br>2. Return fast boat transfers<br>3. Entrance fee<br>4. Lunch Set menu at Local Restaurant<br>5. Private car and driver (max 6 pax / car)<br>Schedule : - departure 07.30 a.m ( serangan port )<br>- return 15.00 p.m ( penida port )</p>\r\n<p>&nbsp;</p>', 'PENIDA WEST TOUR - LEMBONGAN TOUR', 590000.00, 'images/post2.webp', 1, '2025-07-02 14:44:45', '2025-07-02 14:44:45', NULL, NULL, NULL, NULL);
INSERT INTO `tour_packages` VALUES ('9f4af186-43fc-4cd4-a53c-c67f4218d5c1', 'PENIDA WEST TOUR - SNORKLING ( at QUICKSILVER MEGA PONTON)', 'penida-west-tour-snorkling-at-quicksilver-mega-ponton', 'PENIDA WEST TOUR - SNORKLING ( at QUICKSILVER MEGA PONTON)', '<p><span style=\"font-size: 14pt;\"><strong>What to expects :&nbsp;</strong></span></p>\r\n<p>1. Destination Kelingking Secret Point, Broken beach, Angel billabong, Snorkling at Mega<br>Ponton Quicksilver and beach club<br>2. Return fast boat transfers<br>3. Entrance fee<br>4. Lunch Set menu at Local Restaurant<br>5. Private car and driver (max 6 pax / car)</p>\r\n<p>Schedule : - departure 07.30 a.m ( serangan port )<br>- return 15.00 p.m ( penida port )</p>', 'PENIDA WEST TOUR - SNORKLING ( at QUICKSILVER MEGA PONTON)', 580000.00, 'images/post1.webp', 1, '2025-07-02 14:44:45', '2025-07-02 14:44:45', NULL, NULL, NULL, NULL);
INSERT INTO `tour_packages` VALUES ('9f4af186-45f0-4fa4-9c54-4fb6953c3759', 'LEMBONGAN ISLAND TOUR', 'lembongan-island-tour', 'LEMBONGAN ISLAND TOUR', '<p><span style=\"font-size: 14pt;\"><strong>What to expects :&nbsp;</strong></span></p>\r\n<p>1. Destination Dream Beach, Devil Tears, Mangrove Tour, Panorama<br>2. Return fast boat transfers<br>3. Entrance fee<br>4. Lunch Set menu at Local Restaurant<br>5. Private car and driver (max 6 pax / car)</p>', 'LEMBONGAN ISLAND TOUR', 475000.00, 'images/post1.webp', 1, '2025-07-02 14:44:45', '2025-07-02 14:44:45', NULL, NULL, NULL, NULL);

-- ----------------------------
-- Table structure for unavailable_dates
-- ----------------------------
DROP TABLE IF EXISTS `unavailable_dates`;
CREATE TABLE `unavailable_dates`  (
  `id` char(36) CHARACTER SET utf8mb4 COLLATE utf8mb4_unicode_ci NOT NULL,
  `close_date` date NULL DEFAULT NULL,
  `created_at` timestamp NULL DEFAULT NULL,
  `updated_at` timestamp NULL DEFAULT NULL,
  `deleted_at` timestamp NULL DEFAULT NULL,
  `created_by` char(36) CHARACTER SET utf8mb4 COLLATE utf8mb4_unicode_ci NULL DEFAULT NULL,
  `updated_by` char(36) CHARACTER SET utf8mb4 COLLATE utf8mb4_unicode_ci NULL DEFAULT NULL,
  `deleted_by` char(36) CHARACTER SET utf8mb4 COLLATE utf8mb4_unicode_ci NULL DEFAULT NULL,
  `fastboat_track_id` char(36) CHARACTER SET utf8mb4 COLLATE utf8mb4_unicode_ci NULL DEFAULT NULL,
  `additional_info` varchar(500) CHARACTER SET utf8mb4 COLLATE utf8mb4_unicode_ci NULL DEFAULT NULL,
  PRIMARY KEY (`id`) USING BTREE
) ENGINE = MyISAM AUTO_INCREMENT = 1 CHARACTER SET = utf8mb4 COLLATE = utf8mb4_unicode_ci ROW_FORMAT = Dynamic;

-- ----------------------------
-- Records of unavailable_dates
-- ----------------------------

-- ----------------------------
-- Table structure for users
-- ----------------------------
DROP TABLE IF EXISTS `users`;
CREATE TABLE `users`  (
  `id` char(36) CHARACTER SET utf8mb4 COLLATE utf8mb4_unicode_ci NOT NULL,
  `name` varchar(191) CHARACTER SET utf8mb4 COLLATE utf8mb4_unicode_ci NOT NULL,
  `email` varchar(191) CHARACTER SET utf8mb4 COLLATE utf8mb4_unicode_ci NOT NULL,
  `email_verified_at` timestamp NULL DEFAULT NULL,
  `password` varchar(191) CHARACTER SET utf8mb4 COLLATE utf8mb4_unicode_ci NOT NULL,
  `reset_token` varchar(191) CHARACTER SET utf8mb4 COLLATE utf8mb4_unicode_ci NULL DEFAULT NULL,
  `role_id` char(36) CHARACTER SET utf8mb4 COLLATE utf8mb4_unicode_ci NULL DEFAULT NULL,
  `remember_token` varchar(100) CHARACTER SET utf8mb4 COLLATE utf8mb4_unicode_ci NULL DEFAULT NULL,
  `created_at` timestamp NULL DEFAULT NULL,
  `updated_at` timestamp NULL DEFAULT NULL,
  PRIMARY KEY (`id`) USING BTREE,
  UNIQUE INDEX `users_email_unique`(`email`) USING BTREE
) ENGINE = MyISAM AUTO_INCREMENT = 1 CHARACTER SET = utf8mb4 COLLATE = utf8mb4_unicode_ci ROW_FORMAT = Dynamic;

-- ----------------------------
-- Records of users
-- ----------------------------
INSERT INTO `users` VALUES ('9f4af185-bf21-41bc-aac7-5eefe6174aa1', 'Super Administrator', 'root@admin.com', NULL, '$2y$10$sUrN/AGt0YRXaybvbjcNQOILGXdWAx8A.mr6yvtcHSC8rTrKjCCYy', NULL, NULL, NULL, '2025-07-02 14:44:44', '2025-07-02 14:44:44');
INSERT INTO `users` VALUES ('9f4af185-d485-4e85-a2c5-2477916d4711', 'Administator', 'admin@admin.com', NULL, '$2y$10$2.66tGlP4pgOcTE/O5HdKOCJoRjFbYz5BKkLCGij6yYVXeucGHL9.', NULL, '9f4af185-8d6d-4f56-bb21-e4ce0b762f3a', NULL, '2025-07-02 14:44:44', '2025-07-02 14:44:44');

-- ----------------------------
-- Table structure for visitors
-- ----------------------------
DROP TABLE IF EXISTS `visitors`;
CREATE TABLE `visitors`  (
  `id` char(36) CHARACTER SET utf8mb4 COLLATE utf8mb4_unicode_ci NOT NULL,
  `related_model` varchar(191) CHARACTER SET utf8mb4 COLLATE utf8mb4_unicode_ci NULL DEFAULT NULL,
  `related_model_id` char(36) CHARACTER SET utf8mb4 COLLATE utf8mb4_unicode_ci NULL DEFAULT NULL,
  `device` varchar(191) CHARACTER SET utf8mb4 COLLATE utf8mb4_unicode_ci NULL DEFAULT NULL,
  `platform` varchar(191) CHARACTER SET utf8mb4 COLLATE utf8mb4_unicode_ci NULL DEFAULT NULL,
  `browser` varchar(191) CHARACTER SET utf8mb4 COLLATE utf8mb4_unicode_ci NULL DEFAULT NULL,
  `languages` varchar(191) CHARACTER SET utf8mb4 COLLATE utf8mb4_unicode_ci NULL DEFAULT NULL,
  `ip` varchar(191) CHARACTER SET utf8mb4 COLLATE utf8mb4_unicode_ci NULL DEFAULT NULL,
  `useragent` varchar(191) CHARACTER SET utf8mb4 COLLATE utf8mb4_unicode_ci NULL DEFAULT NULL,
  `created_by` char(36) CHARACTER SET utf8mb4 COLLATE utf8mb4_unicode_ci NULL DEFAULT NULL,
  `updated_by` char(36) CHARACTER SET utf8mb4 COLLATE utf8mb4_unicode_ci NULL DEFAULT NULL,
  `deleted_by` char(36) CHARACTER SET utf8mb4 COLLATE utf8mb4_unicode_ci NULL DEFAULT NULL,
  `created_at` timestamp NULL DEFAULT NULL,
  `updated_at` timestamp NULL DEFAULT NULL,
  PRIMARY KEY (`id`) USING BTREE
) ENGINE = MyISAM AUTO_INCREMENT = 1 CHARACTER SET = utf8mb4 COLLATE = utf8mb4_unicode_ci ROW_FORMAT = Dynamic;

-- ----------------------------
-- Records of visitors
-- ----------------------------
INSERT INTO `visitors` VALUES ('9f4af1c5-e069-442d-9576-bbec2fac1c5b', NULL, NULL, '?0', '\"Windows\"', '\"Not)A;Brand\";v=\"8\", \"Chromium\";v=\"138\", \"Google Chrome\";v=\"138\"', '\"en-US,en;q=0.9,id;q=0.8\"', '127.0.0.1', 'Mozilla/5.0 (Windows NT 10.0; Win64; x64) AppleWebKit/537.36 (KHTML, like Gecko) Chrome/138.0.0.0 Safari/537.36', NULL, NULL, NULL, '2025-07-02 14:45:26', '2025-07-02 14:45:26');
INSERT INTO `visitors` VALUES ('9f4af1d4-e4c6-4369-986e-36954013e1e7', 'App\\Models\\Visitor', 'LANDING_PAGE', '?0', '\"Windows\"', '\"Not)A;Brand\";v=\"8\", \"Chromium\";v=\"138\", \"Google Chrome\";v=\"138\"', '\"en-US,en;q=0.9,id;q=0.8\"', '127.0.0.1', 'Mozilla/5.0 (Windows NT 10.0; Win64; x64) AppleWebKit/537.36 (KHTML, like Gecko) Chrome/138.0.0.0 Safari/537.36', NULL, NULL, NULL, '2025-07-02 14:45:36', '2025-07-02 14:45:36');
INSERT INTO `visitors` VALUES ('9f4af255-637a-49c4-88fa-d8b3e50fda38', 'App\\Models\\Visitor', 'LANDING_PAGE', '?1', '\"Android\"', '\"Not)A;Brand\";v=\"8\", \"Chromium\";v=\"138\", \"Google Chrome\";v=\"138\"', '\"en-US,en;q=0.9,id;q=0.8\"', '127.0.0.1', 'Mozilla/5.0 (Linux; Android 6.0; Nexus 5 Build/MRA58N) AppleWebKit/537.36 (KHTML, like Gecko) Chrome/138.0.0.0 Mobile Safari/537.36', NULL, NULL, NULL, '2025-07-02 14:47:00', '2025-07-02 14:47:00');
INSERT INTO `visitors` VALUES ('9f4af271-8088-403d-9cc5-55f4c7d4b8d1', NULL, NULL, '?0', '\"Windows\"', '\"Not)A;Brand\";v=\"8\", \"Chromium\";v=\"138\", \"Google Chrome\";v=\"138\"', '\"en-US,en;q=0.9,id;q=0.8\"', '127.0.0.1', 'Mozilla/5.0 (Windows NT 10.0; Win64; x64) AppleWebKit/537.36 (KHTML, like Gecko) Chrome/138.0.0.0 Safari/537.36', NULL, NULL, NULL, '2025-07-02 14:47:19', '2025-07-02 14:47:19');
INSERT INTO `visitors` VALUES ('9f4af276-f49f-4b12-9c27-00ddbdbb2794', NULL, NULL, '?0', '\"Windows\"', '\"Not)A;Brand\";v=\"8\", \"Chromium\";v=\"138\", \"Google Chrome\";v=\"138\"', '\"en-US,en;q=0.9,id;q=0.8\"', '127.0.0.1', 'Mozilla/5.0 (Windows NT 10.0; Win64; x64) AppleWebKit/537.36 (KHTML, like Gecko) Chrome/138.0.0.0 Safari/537.36', NULL, NULL, NULL, '2025-07-02 14:47:22', '2025-07-02 14:47:22');
INSERT INTO `visitors` VALUES ('9f4af27a-c5eb-41cc-bcfc-02326e9bb0ca', 'App\\Models\\Visitor', 'LANDING_PAGE', '?0', '\"Windows\"', '\"Not)A;Brand\";v=\"8\", \"Chromium\";v=\"138\", \"Google Chrome\";v=\"138\"', '\"en-US,en;q=0.9,id;q=0.8\"', '127.0.0.1', 'Mozilla/5.0 (Windows NT 10.0; Win64; x64) AppleWebKit/537.36 (KHTML, like Gecko) Chrome/138.0.0.0 Safari/537.36', NULL, NULL, NULL, '2025-07-02 14:47:25', '2025-07-02 14:47:25');
INSERT INTO `visitors` VALUES ('9f4af282-3892-4ad1-9e58-6d779a5d81ba', NULL, NULL, '?0', '\"Windows\"', '\"Not)A;Brand\";v=\"8\", \"Chromium\";v=\"138\", \"Google Chrome\";v=\"138\"', '\"en-US,en;q=0.9,id;q=0.8\"', '127.0.0.1', 'Mozilla/5.0 (Windows NT 10.0; Win64; x64) AppleWebKit/537.36 (KHTML, like Gecko) Chrome/138.0.0.0 Safari/537.36', NULL, NULL, NULL, '2025-07-02 14:47:30', '2025-07-02 14:47:30');
INSERT INTO `visitors` VALUES ('9f4af28b-e808-4148-a76d-66a4ede74347', NULL, NULL, '?0', '\"Windows\"', '\"Not)A;Brand\";v=\"8\", \"Chromium\";v=\"138\", \"Google Chrome\";v=\"138\"', '\"en-US,en;q=0.9,id;q=0.8\"', '127.0.0.1', 'Mozilla/5.0 (Windows NT 10.0; Win64; x64) AppleWebKit/537.36 (KHTML, like Gecko) Chrome/138.0.0.0 Safari/537.36', NULL, NULL, NULL, '2025-07-02 14:47:36', '2025-07-02 14:47:36');
INSERT INTO `visitors` VALUES ('9f4af2cd-0df2-4bc3-a3b0-da285cde0213', NULL, NULL, '?0', '\"Windows\"', '\"Not)A;Brand\";v=\"8\", \"Chromium\";v=\"138\", \"Google Chrome\";v=\"138\"', '\"en-US,en;q=0.9,id;q=0.8\"', '127.0.0.1', 'Mozilla/5.0 (Windows NT 10.0; Win64; x64) AppleWebKit/537.36 (KHTML, like Gecko) Chrome/138.0.0.0 Safari/537.36', NULL, NULL, NULL, '2025-07-02 14:48:19', '2025-07-02 14:48:19');
INSERT INTO `visitors` VALUES ('9f4af2d5-1962-4227-9890-9809c1ba73d8', 'App\\Models\\Visitor', 'LANDING_PAGE', '?0', '\"Windows\"', '\"Not)A;Brand\";v=\"8\", \"Chromium\";v=\"138\", \"Google Chrome\";v=\"138\"', '\"en-US,en;q=0.9,id;q=0.8\"', '127.0.0.1', 'Mozilla/5.0 (Windows NT 10.0; Win64; x64) AppleWebKit/537.36 (KHTML, like Gecko) Chrome/138.0.0.0 Safari/537.36', NULL, NULL, NULL, '2025-07-02 14:48:24', '2025-07-02 14:48:24');
INSERT INTO `visitors` VALUES ('9f4af2e5-23c5-4ad6-a617-2e882bbe23ca', NULL, NULL, '?0', '\"Windows\"', '\"Not)A;Brand\";v=\"8\", \"Chromium\";v=\"138\", \"Google Chrome\";v=\"138\"', '\"en-US,en;q=0.9,id;q=0.8\"', '127.0.0.1', 'Mozilla/5.0 (Windows NT 10.0; Win64; x64) AppleWebKit/537.36 (KHTML, like Gecko) Chrome/138.0.0.0 Safari/537.36', NULL, NULL, NULL, '2025-07-02 14:48:34', '2025-07-02 14:48:34');
INSERT INTO `visitors` VALUES ('9f4af386-1324-4c83-be64-f9c05acc6d49', NULL, NULL, '?0', '\"Windows\"', '\"Not)A;Brand\";v=\"8\", \"Chromium\";v=\"138\", \"Google Chrome\";v=\"138\"', '\"en-US,en;q=0.9,id;q=0.8\"', '127.0.0.1', 'Mozilla/5.0 (Windows NT 10.0; Win64; x64) AppleWebKit/537.36 (KHTML, like Gecko) Chrome/138.0.0.0 Safari/537.36', NULL, NULL, NULL, '2025-07-02 14:50:20', '2025-07-02 14:50:20');
INSERT INTO `visitors` VALUES ('9f4af387-edcc-4d4b-a8f9-abfacfc1452b', NULL, NULL, '?0', '\"Windows\"', '\"Not)A;Brand\";v=\"8\", \"Chromium\";v=\"138\", \"Google Chrome\";v=\"138\"', '\"en-US,en;q=0.9,id;q=0.8\"', '127.0.0.1', 'Mozilla/5.0 (Windows NT 10.0; Win64; x64) AppleWebKit/537.36 (KHTML, like Gecko) Chrome/138.0.0.0 Safari/537.36', NULL, NULL, NULL, '2025-07-02 14:50:21', '2025-07-02 14:50:21');
INSERT INTO `visitors` VALUES ('9f4af3b1-9ef6-43ab-8521-01b8dd74182a', NULL, NULL, '?0', '\"Windows\"', '\"Not)A;Brand\";v=\"8\", \"Chromium\";v=\"138\", \"Google Chrome\";v=\"138\"', '\"en-US,en;q=0.9,id;q=0.8\"', '127.0.0.1', 'Mozilla/5.0 (Windows NT 10.0; Win64; x64) AppleWebKit/537.36 (KHTML, like Gecko) Chrome/138.0.0.0 Safari/537.36', NULL, NULL, NULL, '2025-07-02 14:50:49', '2025-07-02 14:50:49');
INSERT INTO `visitors` VALUES ('9f4af3b3-7cdc-4493-a1f4-1f1f0497955e', NULL, NULL, '?0', '\"Windows\"', '\"Not)A;Brand\";v=\"8\", \"Chromium\";v=\"138\", \"Google Chrome\";v=\"138\"', '\"en-US,en;q=0.9,id;q=0.8\"', '127.0.0.1', 'Mozilla/5.0 (Windows NT 10.0; Win64; x64) AppleWebKit/537.36 (KHTML, like Gecko) Chrome/138.0.0.0 Safari/537.36', NULL, NULL, NULL, '2025-07-02 14:50:50', '2025-07-02 14:50:50');
INSERT INTO `visitors` VALUES ('9f4af3c4-48b5-4121-8001-8f2716188671', NULL, NULL, '?0', '\"Windows\"', '\"Not)A;Brand\";v=\"8\", \"Chromium\";v=\"138\", \"Google Chrome\";v=\"138\"', '\"en-US,en;q=0.9,id;q=0.8\"', '127.0.0.1', 'Mozilla/5.0 (Windows NT 10.0; Win64; x64) AppleWebKit/537.36 (KHTML, like Gecko) Chrome/138.0.0.0 Safari/537.36', NULL, NULL, NULL, '2025-07-02 14:51:01', '2025-07-02 14:51:01');
INSERT INTO `visitors` VALUES ('9f4af3c6-31a2-4309-84b9-75ab306e2ff1', NULL, NULL, '?0', '\"Windows\"', '\"Not)A;Brand\";v=\"8\", \"Chromium\";v=\"138\", \"Google Chrome\";v=\"138\"', '\"en-US,en;q=0.9,id;q=0.8\"', '127.0.0.1', 'Mozilla/5.0 (Windows NT 10.0; Win64; x64) AppleWebKit/537.36 (KHTML, like Gecko) Chrome/138.0.0.0 Safari/537.36', NULL, NULL, NULL, '2025-07-02 14:51:02', '2025-07-02 14:51:02');
INSERT INTO `visitors` VALUES ('9f4afbda-2e8a-4a2f-b1c1-626d980e6dec', NULL, NULL, '?0', '\"Windows\"', '\"Not)A;Brand\";v=\"8\", \"Chromium\";v=\"138\", \"Google Chrome\";v=\"138\"', '\"en-US,en;q=0.9,id;q=0.8\"', '127.0.0.1', 'Mozilla/5.0 (Windows NT 10.0; Win64; x64) AppleWebKit/537.36 (KHTML, like Gecko) Chrome/138.0.0.0 Safari/537.36', NULL, NULL, NULL, '2025-07-02 15:13:37', '2025-07-02 15:13:37');
INSERT INTO `visitors` VALUES ('9f4afbdd-1f01-47d5-b929-1449fad03ede', 'App\\Models\\Visitor', 'LANDING_PAGE', '?0', '\"Windows\"', '\"Not)A;Brand\";v=\"8\", \"Chromium\";v=\"138\", \"Google Chrome\";v=\"138\"', '\"en-US,en;q=0.9,id;q=0.8\"', '127.0.0.1', 'Mozilla/5.0 (Windows NT 10.0; Win64; x64) AppleWebKit/537.36 (KHTML, like Gecko) Chrome/138.0.0.0 Safari/537.36', NULL, NULL, NULL, '2025-07-02 15:13:39', '2025-07-02 15:13:39');
INSERT INTO `visitors` VALUES ('9f4afbe5-2e69-4c7d-b92a-ccc64aa4944e', NULL, NULL, '?0', '\"Windows\"', '\"Not)A;Brand\";v=\"8\", \"Chromium\";v=\"138\", \"Google Chrome\";v=\"138\"', '\"en-US,en;q=0.9,id;q=0.8\"', '127.0.0.1', 'Mozilla/5.0 (Windows NT 10.0; Win64; x64) AppleWebKit/537.36 (KHTML, like Gecko) Chrome/138.0.0.0 Safari/537.36', NULL, NULL, NULL, '2025-07-02 15:13:44', '2025-07-02 15:13:44');
INSERT INTO `visitors` VALUES ('9f4afbe8-1443-4316-afb6-74d3cad7d3d9', 'App\\Models\\Visitor', 'LANDING_PAGE', '?0', '\"Windows\"', '\"Not)A;Brand\";v=\"8\", \"Chromium\";v=\"138\", \"Google Chrome\";v=\"138\"', '\"en-US,en;q=0.9,id;q=0.8\"', '127.0.0.1', 'Mozilla/5.0 (Windows NT 10.0; Win64; x64) AppleWebKit/537.36 (KHTML, like Gecko) Chrome/138.0.0.0 Safari/537.36', NULL, NULL, NULL, '2025-07-02 15:13:46', '2025-07-02 15:13:46');
INSERT INTO `visitors` VALUES ('9f4afc41-6ef8-43a2-b50e-3bd0ed968377', 'App\\Models\\Visitor', 'LANDING_PAGE', '?0', '\"Windows\"', '\"Not)A;Brand\";v=\"8\", \"Chromium\";v=\"138\", \"Google Chrome\";v=\"138\"', '\"en-US,en;q=0.9,id;q=0.8\"', '127.0.0.1', 'Mozilla/5.0 (Windows NT 10.0; Win64; x64) AppleWebKit/537.36 (KHTML, like Gecko) Chrome/138.0.0.0 Safari/537.36', NULL, NULL, NULL, '2025-07-02 15:14:45', '2025-07-02 15:14:45');
INSERT INTO `visitors` VALUES ('9f4afc49-5d49-4940-bc3a-af6c24d1dd41', 'App\\Models\\Visitor', 'LANDING_PAGE', '?0', '\"Windows\"', '\"Not)A;Brand\";v=\"8\", \"Chromium\";v=\"138\", \"Google Chrome\";v=\"138\"', '\"en-US,en;q=0.9,id;q=0.8\"', '127.0.0.1', 'Mozilla/5.0 (Windows NT 10.0; Win64; x64) AppleWebKit/537.36 (KHTML, like Gecko) Chrome/138.0.0.0 Safari/537.36', NULL, NULL, NULL, '2025-07-02 15:14:50', '2025-07-02 15:14:50');
INSERT INTO `visitors` VALUES ('9f4afc4d-4f1f-46f1-82e9-58434a266948', NULL, NULL, '?0', '\"Windows\"', '\"Not)A;Brand\";v=\"8\", \"Chromium\";v=\"138\", \"Google Chrome\";v=\"138\"', '\"en-US,en;q=0.9,id;q=0.8\"', '127.0.0.1', 'Mozilla/5.0 (Windows NT 10.0; Win64; x64) AppleWebKit/537.36 (KHTML, like Gecko) Chrome/138.0.0.0 Safari/537.36', NULL, NULL, NULL, '2025-07-02 15:14:53', '2025-07-02 15:14:53');
INSERT INTO `visitors` VALUES ('9f4afc50-2f87-478c-a1c1-7ef79d5f7a67', 'App\\Models\\Visitor', 'LANDING_PAGE', '?0', '\"Windows\"', '\"Not)A;Brand\";v=\"8\", \"Chromium\";v=\"138\", \"Google Chrome\";v=\"138\"', '\"en-US,en;q=0.9,id;q=0.8\"', '127.0.0.1', 'Mozilla/5.0 (Windows NT 10.0; Win64; x64) AppleWebKit/537.36 (KHTML, like Gecko) Chrome/138.0.0.0 Safari/537.36', NULL, NULL, NULL, '2025-07-02 15:14:55', '2025-07-02 15:14:55');
INSERT INTO `visitors` VALUES ('9f4afc62-bbfc-4f8c-9dde-42c78712100d', 'App\\Models\\Visitor', 'LANDING_PAGE', '?0', '\"Windows\"', '\"Not)A;Brand\";v=\"8\", \"Chromium\";v=\"138\", \"Google Chrome\";v=\"138\"', '\"en-US,en;q=0.9,id;q=0.8\"', '127.0.0.1', 'Mozilla/5.0 (Windows NT 10.0; Win64; x64) AppleWebKit/537.36 (KHTML, like Gecko) Chrome/138.0.0.0 Safari/537.36', NULL, NULL, NULL, '2025-07-02 15:15:07', '2025-07-02 15:15:07');
INSERT INTO `visitors` VALUES ('9f4afc70-f776-41ec-b0fb-983661e28f44', 'App\\Models\\Visitor', 'LANDING_PAGE', '?0', '\"Windows\"', '\"Not)A;Brand\";v=\"8\", \"Chromium\";v=\"138\", \"Google Chrome\";v=\"138\"', '\"en-US,en;q=0.9,id;q=0.8\"', '127.0.0.1', 'Mozilla/5.0 (Windows NT 10.0; Win64; x64) AppleWebKit/537.36 (KHTML, like Gecko) Chrome/138.0.0.0 Safari/537.36', NULL, NULL, NULL, '2025-07-02 15:15:16', '2025-07-02 15:15:16');
INSERT INTO `visitors` VALUES ('9f4afcc8-778f-4f96-acae-d08a98765740', 'App\\Models\\Visitor', 'LANDING_PAGE', '?0', '\"Windows\"', '\"Not)A;Brand\";v=\"8\", \"Chromium\";v=\"138\", \"Google Chrome\";v=\"138\"', '\"en-US,en;q=0.9,id;q=0.8\"', '127.0.0.1', 'Mozilla/5.0 (Windows NT 10.0; Win64; x64) AppleWebKit/537.36 (KHTML, like Gecko) Chrome/138.0.0.0 Safari/537.36', NULL, NULL, NULL, '2025-07-02 15:16:13', '2025-07-02 15:16:13');
INSERT INTO `visitors` VALUES ('9f4afdea-ff28-4a62-be52-2f03c594850b', NULL, NULL, '?0', '\"Windows\"', '\"Not)A;Brand\";v=\"8\", \"Chromium\";v=\"138\", \"Google Chrome\";v=\"138\"', '\"en-US,en;q=0.9,id;q=0.8\"', '127.0.0.1', 'Mozilla/5.0 (Windows NT 10.0; Win64; x64) AppleWebKit/537.36 (KHTML, like Gecko) Chrome/138.0.0.0 Safari/537.36', NULL, NULL, NULL, '2025-07-02 15:19:24', '2025-07-02 15:19:24');
INSERT INTO `visitors` VALUES ('9f4afded-1285-470d-a6e0-74e8eb506208', 'App\\Models\\Visitor', 'LANDING_PAGE', '?0', '\"Windows\"', '\"Not)A;Brand\";v=\"8\", \"Chromium\";v=\"138\", \"Google Chrome\";v=\"138\"', '\"en-US,en;q=0.9,id;q=0.8\"', '127.0.0.1', 'Mozilla/5.0 (Windows NT 10.0; Win64; x64) AppleWebKit/537.36 (KHTML, like Gecko) Chrome/138.0.0.0 Safari/537.36', NULL, NULL, NULL, '2025-07-02 15:19:25', '2025-07-02 15:19:25');
INSERT INTO `visitors` VALUES ('9f4afdf6-0457-47e2-95b5-b47481348f08', NULL, NULL, '?0', '\"Windows\"', '\"Not)A;Brand\";v=\"8\", \"Chromium\";v=\"138\", \"Google Chrome\";v=\"138\"', '\"en-US,en;q=0.9,id;q=0.8\"', '127.0.0.1', 'Mozilla/5.0 (Windows NT 10.0; Win64; x64) AppleWebKit/537.36 (KHTML, like Gecko) Chrome/138.0.0.0 Safari/537.36', NULL, NULL, NULL, '2025-07-02 15:19:31', '2025-07-02 15:19:31');
INSERT INTO `visitors` VALUES ('9f4afe00-c94f-4919-807c-c08fff3cabb1', NULL, NULL, '?0', '\"Windows\"', '\"Not)A;Brand\";v=\"8\", \"Chromium\";v=\"138\", \"Google Chrome\";v=\"138\"', '\"en-US,en;q=0.9,id;q=0.8\"', '127.0.0.1', 'Mozilla/5.0 (Windows NT 10.0; Win64; x64) AppleWebKit/537.36 (KHTML, like Gecko) Chrome/138.0.0.0 Safari/537.36', NULL, NULL, NULL, '2025-07-02 15:19:38', '2025-07-02 15:19:38');
INSERT INTO `visitors` VALUES ('9f4afe6e-09e7-4f60-84d5-dff88c2e0207', NULL, NULL, '?0', '\"Windows\"', '\"Not)A;Brand\";v=\"8\", \"Chromium\";v=\"138\", \"Google Chrome\";v=\"138\"', '\"en-US,en;q=0.9,id;q=0.8\"', '127.0.0.1', 'Mozilla/5.0 (Windows NT 10.0; Win64; x64) AppleWebKit/537.36 (KHTML, like Gecko) Chrome/138.0.0.0 Safari/537.36', NULL, NULL, NULL, '2025-07-02 15:20:50', '2025-07-02 15:20:50');
INSERT INTO `visitors` VALUES ('9f4afe75-49ba-45e8-bb62-3d31d9042b45', 'App\\Models\\Page', '9f4af186-0f2e-4722-a3a5-cef22ae572f7', '?0', '\"Windows\"', '\"Not)A;Brand\";v=\"8\", \"Chromium\";v=\"138\", \"Google Chrome\";v=\"138\"', '\"en-US,en;q=0.9,id;q=0.8\"', '127.0.0.1', 'Mozilla/5.0 (Windows NT 10.0; Win64; x64) AppleWebKit/537.36 (KHTML, like Gecko) Chrome/138.0.0.0 Safari/537.36', NULL, NULL, NULL, '2025-07-02 15:20:54', '2025-07-02 15:20:54');
INSERT INTO `visitors` VALUES ('9f4afe7a-ca7a-422c-9186-6c7cc83049ac', 'App\\Models\\Page', '9f4af186-0c26-4445-9450-c4d274d95000', '?0', '\"Windows\"', '\"Not)A;Brand\";v=\"8\", \"Chromium\";v=\"138\", \"Google Chrome\";v=\"138\"', '\"en-US,en;q=0.9,id;q=0.8\"', '127.0.0.1', 'Mozilla/5.0 (Windows NT 10.0; Win64; x64) AppleWebKit/537.36 (KHTML, like Gecko) Chrome/138.0.0.0 Safari/537.36', NULL, NULL, NULL, '2025-07-02 15:20:58', '2025-07-02 15:20:58');
INSERT INTO `visitors` VALUES ('9f4afe7f-dc16-48d0-8265-10141c103e48', NULL, NULL, '?0', '\"Windows\"', '\"Not)A;Brand\";v=\"8\", \"Chromium\";v=\"138\", \"Google Chrome\";v=\"138\"', '\"en-US,en;q=0.9,id;q=0.8\"', '127.0.0.1', 'Mozilla/5.0 (Windows NT 10.0; Win64; x64) AppleWebKit/537.36 (KHTML, like Gecko) Chrome/138.0.0.0 Safari/537.36', NULL, NULL, NULL, '2025-07-02 15:21:01', '2025-07-02 15:21:01');
INSERT INTO `visitors` VALUES ('9f4aff2f-3b0b-47b5-90b7-fa2b5259ca3c', NULL, NULL, '?0', '\"Windows\"', '\"Not)A;Brand\";v=\"8\", \"Chromium\";v=\"138\", \"Google Chrome\";v=\"138\"', '\"en-US,en;q=0.9,id;q=0.8\"', '127.0.0.1', 'Mozilla/5.0 (Windows NT 10.0; Win64; x64) AppleWebKit/537.36 (KHTML, like Gecko) Chrome/138.0.0.0 Safari/537.36', NULL, NULL, NULL, '2025-07-02 15:22:56', '2025-07-02 15:22:56');
INSERT INTO `visitors` VALUES ('9f4aff34-5bfa-411e-b899-96ac519c1186', NULL, NULL, '?0', '\"Windows\"', '\"Not)A;Brand\";v=\"8\", \"Chromium\";v=\"138\", \"Google Chrome\";v=\"138\"', '\"en-US,en;q=0.9,id;q=0.8\"', '127.0.0.1', 'Mozilla/5.0 (Windows NT 10.0; Win64; x64) AppleWebKit/537.36 (KHTML, like Gecko) Chrome/138.0.0.0 Safari/537.36', NULL, NULL, NULL, '2025-07-02 15:23:00', '2025-07-02 15:23:00');
INSERT INTO `visitors` VALUES ('9f4aff38-b380-4452-b44d-d46c92750877', NULL, NULL, '?0', '\"Windows\"', '\"Not)A;Brand\";v=\"8\", \"Chromium\";v=\"138\", \"Google Chrome\";v=\"138\"', '\"en-US,en;q=0.9,id;q=0.8\"', '127.0.0.1', 'Mozilla/5.0 (Windows NT 10.0; Win64; x64) AppleWebKit/537.36 (KHTML, like Gecko) Chrome/138.0.0.0 Safari/537.36', NULL, NULL, NULL, '2025-07-02 15:23:03', '2025-07-02 15:23:03');
INSERT INTO `visitors` VALUES ('9f4aff57-dc06-495a-8da8-f3f9c6c80b71', NULL, NULL, '?0', '\"Windows\"', '\"Not)A;Brand\";v=\"8\", \"Chromium\";v=\"138\", \"Google Chrome\";v=\"138\"', '\"en-US,en;q=0.9,id;q=0.8\"', '127.0.0.1', 'Mozilla/5.0 (Windows NT 10.0; Win64; x64) AppleWebKit/537.36 (KHTML, like Gecko) Chrome/138.0.0.0 Safari/537.36', NULL, NULL, NULL, '2025-07-02 15:23:23', '2025-07-02 15:23:23');
INSERT INTO `visitors` VALUES ('9f4aff59-c25d-49ec-a623-68e0de0354c9', NULL, NULL, '?0', '\"Windows\"', '\"Not)A;Brand\";v=\"8\", \"Chromium\";v=\"138\", \"Google Chrome\";v=\"138\"', '\"en-US,en;q=0.9,id;q=0.8\"', '127.0.0.1', 'Mozilla/5.0 (Windows NT 10.0; Win64; x64) AppleWebKit/537.36 (KHTML, like Gecko) Chrome/138.0.0.0 Safari/537.36', NULL, NULL, NULL, '2025-07-02 15:23:24', '2025-07-02 15:23:24');
INSERT INTO `visitors` VALUES ('9f4b0013-81b4-4cbd-a975-f7e99fc7823a', NULL, NULL, '?0', '\"Windows\"', '\"Not)A;Brand\";v=\"8\", \"Chromium\";v=\"138\", \"Google Chrome\";v=\"138\"', '\"en-US,en;q=0.9,id;q=0.8\"', '127.0.0.1', 'Mozilla/5.0 (Windows NT 10.0; Win64; x64) AppleWebKit/537.36 (KHTML, like Gecko) Chrome/138.0.0.0 Safari/537.36', '9f4aff50-af3f-452f-ab7f-d20f7e3c428f', NULL, NULL, '2025-07-02 15:25:26', '2025-07-02 15:25:26');
INSERT INTO `visitors` VALUES ('9f4b0015-9416-4080-8c75-cffb517e0292', 'App\\Models\\Visitor', 'LANDING_PAGE', '?0', '\"Windows\"', '\"Not)A;Brand\";v=\"8\", \"Chromium\";v=\"138\", \"Google Chrome\";v=\"138\"', '\"en-US,en;q=0.9,id;q=0.8\"', '127.0.0.1', 'Mozilla/5.0 (Windows NT 10.0; Win64; x64) AppleWebKit/537.36 (KHTML, like Gecko) Chrome/138.0.0.0 Safari/537.36', '9f4aff50-af3f-452f-ab7f-d20f7e3c428f', NULL, NULL, '2025-07-02 15:25:27', '2025-07-02 15:25:27');
INSERT INTO `visitors` VALUES ('9f4b0030-82b9-41ee-9bb7-5c08b8ea8ef6', NULL, NULL, '?0', '\"Windows\"', '\"Not)A;Brand\";v=\"8\", \"Chromium\";v=\"138\", \"Google Chrome\";v=\"138\"', '\"en-US,en;q=0.9,id;q=0.8\"', '127.0.0.1', 'Mozilla/5.0 (Windows NT 10.0; Win64; x64) AppleWebKit/537.36 (KHTML, like Gecko) Chrome/138.0.0.0 Safari/537.36', '9f4aff50-af3f-452f-ab7f-d20f7e3c428f', NULL, NULL, '2025-07-02 15:25:45', '2025-07-02 15:25:45');
INSERT INTO `visitors` VALUES ('9f4b0038-6c32-4ea2-ae0b-44f89fd6c15b', NULL, NULL, '?0', '\"Windows\"', '\"Not)A;Brand\";v=\"8\", \"Chromium\";v=\"138\", \"Google Chrome\";v=\"138\"', '\"en-US,en;q=0.9,id;q=0.8\"', '127.0.0.1', 'Mozilla/5.0 (Windows NT 10.0; Win64; x64) AppleWebKit/537.36 (KHTML, like Gecko) Chrome/138.0.0.0 Safari/537.36', '9f4aff50-af3f-452f-ab7f-d20f7e3c428f', NULL, NULL, '2025-07-02 15:25:50', '2025-07-02 15:25:50');
INSERT INTO `visitors` VALUES ('9f4b0043-5249-4374-8e90-05a6ccafd31a', NULL, NULL, '?0', '\"Windows\"', '\"Not)A;Brand\";v=\"8\", \"Chromium\";v=\"138\", \"Google Chrome\";v=\"138\"', '\"en-US,en;q=0.9,id;q=0.8\"', '127.0.0.1', 'Mozilla/5.0 (Windows NT 10.0; Win64; x64) AppleWebKit/537.36 (KHTML, like Gecko) Chrome/138.0.0.0 Safari/537.36', '9f4aff50-af3f-452f-ab7f-d20f7e3c428f', NULL, NULL, '2025-07-02 15:25:57', '2025-07-02 15:25:57');
INSERT INTO `visitors` VALUES ('9f4b004b-cb20-4c34-b37d-d3488ec98080', 'App\\Models\\Visitor', 'LANDING_PAGE', '?0', '\"Windows\"', '\"Not)A;Brand\";v=\"8\", \"Chromium\";v=\"138\", \"Google Chrome\";v=\"138\"', '\"en-US,en;q=0.9,id;q=0.8\"', '127.0.0.1', 'Mozilla/5.0 (Windows NT 10.0; Win64; x64) AppleWebKit/537.36 (KHTML, like Gecko) Chrome/138.0.0.0 Safari/537.36', '9f4aff50-af3f-452f-ab7f-d20f7e3c428f', NULL, NULL, '2025-07-02 15:26:03', '2025-07-02 15:26:03');
INSERT INTO `visitors` VALUES ('9f4b0054-230f-4c83-9889-1dee88617148', NULL, NULL, '?0', '\"Windows\"', '\"Not)A;Brand\";v=\"8\", \"Chromium\";v=\"138\", \"Google Chrome\";v=\"138\"', '\"en-US,en;q=0.9,id;q=0.8\"', '127.0.0.1', 'Mozilla/5.0 (Windows NT 10.0; Win64; x64) AppleWebKit/537.36 (KHTML, like Gecko) Chrome/138.0.0.0 Safari/537.36', '9f4aff50-af3f-452f-ab7f-d20f7e3c428f', NULL, NULL, '2025-07-02 15:26:08', '2025-07-02 15:26:08');
INSERT INTO `visitors` VALUES ('9f4b005d-e10a-4443-8f76-618e4bead128', NULL, NULL, '?0', '\"Windows\"', '\"Not)A;Brand\";v=\"8\", \"Chromium\";v=\"138\", \"Google Chrome\";v=\"138\"', '\"en-US,en;q=0.9,id;q=0.8\"', '127.0.0.1', 'Mozilla/5.0 (Windows NT 10.0; Win64; x64) AppleWebKit/537.36 (KHTML, like Gecko) Chrome/138.0.0.0 Safari/537.36', '9f4aff50-af3f-452f-ab7f-d20f7e3c428f', NULL, NULL, '2025-07-02 15:26:15', '2025-07-02 15:26:15');
INSERT INTO `visitors` VALUES ('9f4b00d1-dc3a-43b3-a0b0-7e644db1410b', NULL, NULL, '?0', '\"Windows\"', '\"Not)A;Brand\";v=\"8\", \"Chromium\";v=\"138\", \"Google Chrome\";v=\"138\"', '\"en-US,en;q=0.9,id;q=0.8\"', '127.0.0.1', 'Mozilla/5.0 (Windows NT 10.0; Win64; x64) AppleWebKit/537.36 (KHTML, like Gecko) Chrome/138.0.0.0 Safari/537.36', '9f4aff50-af3f-452f-ab7f-d20f7e3c428f', NULL, NULL, '2025-07-02 15:27:31', '2025-07-02 15:27:31');
INSERT INTO `visitors` VALUES ('9f4b00dd-2946-4f28-bca6-81f72172c813', NULL, NULL, '?0', '\"Windows\"', '\"Not)A;Brand\";v=\"8\", \"Chromium\";v=\"138\", \"Google Chrome\";v=\"138\"', '\"en-US,en;q=0.9,id;q=0.8\"', '127.0.0.1', 'Mozilla/5.0 (Windows NT 10.0; Win64; x64) AppleWebKit/537.36 (KHTML, like Gecko) Chrome/138.0.0.0 Safari/537.36', '9f4aff50-af3f-452f-ab7f-d20f7e3c428f', NULL, NULL, '2025-07-02 15:27:38', '2025-07-02 15:27:38');
INSERT INTO `visitors` VALUES ('9f4b027d-82de-4215-aab5-cfda1e24f6f8', NULL, NULL, '?0', '\"Windows\"', '\"Not)A;Brand\";v=\"8\", \"Chromium\";v=\"138\", \"Google Chrome\";v=\"138\"', '\"en-US,en;q=0.9,id;q=0.8\"', '127.0.0.1', 'Mozilla/5.0 (Windows NT 10.0; Win64; x64) AppleWebKit/537.36 (KHTML, like Gecko) Chrome/138.0.0.0 Safari/537.36', '9f4aff50-af3f-452f-ab7f-d20f7e3c428f', NULL, NULL, '2025-07-02 15:32:11', '2025-07-02 15:32:11');
INSERT INTO `visitors` VALUES ('9f4b02c7-4e8a-4010-91ec-f42d671239e0', NULL, NULL, '?0', '\"Windows\"', '\"Not)A;Brand\";v=\"8\", \"Chromium\";v=\"138\", \"Google Chrome\";v=\"138\"', '\"en-US,en;q=0.9,id;q=0.8\"', '127.0.0.1', 'Mozilla/5.0 (Windows NT 10.0; Win64; x64) AppleWebKit/537.36 (KHTML, like Gecko) Chrome/138.0.0.0 Safari/537.36', '9f4aff50-af3f-452f-ab7f-d20f7e3c428f', NULL, NULL, '2025-07-02 15:32:59', '2025-07-02 15:32:59');
INSERT INTO `visitors` VALUES ('9f4b0c08-5a6f-4526-9d76-2a2206204a9a', NULL, NULL, '?0', '\"Windows\"', '\"Not)A;Brand\";v=\"8\", \"Chromium\";v=\"138\", \"Google Chrome\";v=\"138\"', '\"en-US,en;q=0.9,id;q=0.8\"', '127.0.0.1', 'Mozilla/5.0 (Windows NT 10.0; Win64; x64) AppleWebKit/537.36 (KHTML, like Gecko) Chrome/138.0.0.0 Safari/537.36', '9f4aff50-af3f-452f-ab7f-d20f7e3c428f', NULL, NULL, '2025-07-02 15:58:52', '2025-07-02 15:58:52');
INSERT INTO `visitors` VALUES ('9f4b0c0d-ed87-4e76-abf4-aa526edc066a', NULL, NULL, '?0', '\"Windows\"', '\"Not)A;Brand\";v=\"8\", \"Chromium\";v=\"138\", \"Google Chrome\";v=\"138\"', '\"en-US,en;q=0.9,id;q=0.8\"', '127.0.0.1', 'Mozilla/5.0 (Windows NT 10.0; Win64; x64) AppleWebKit/537.36 (KHTML, like Gecko) Chrome/138.0.0.0 Safari/537.36', '9f4aff50-af3f-452f-ab7f-d20f7e3c428f', NULL, NULL, '2025-07-02 15:58:56', '2025-07-02 15:58:56');
INSERT INTO `visitors` VALUES ('9f4b0c0f-f831-49c8-85af-e01ef599d31d', 'App\\Models\\Visitor', 'LANDING_PAGE', '?0', '\"Windows\"', '\"Not)A;Brand\";v=\"8\", \"Chromium\";v=\"138\", \"Google Chrome\";v=\"138\"', '\"en-US,en;q=0.9,id;q=0.8\"', '127.0.0.1', 'Mozilla/5.0 (Windows NT 10.0; Win64; x64) AppleWebKit/537.36 (KHTML, like Gecko) Chrome/138.0.0.0 Safari/537.36', '9f4aff50-af3f-452f-ab7f-d20f7e3c428f', NULL, NULL, '2025-07-02 15:58:57', '2025-07-02 15:58:57');
INSERT INTO `visitors` VALUES ('9f4b0c17-2ac4-4408-a5c5-5ff581017920', NULL, NULL, '?0', '\"Windows\"', '\"Not)A;Brand\";v=\"8\", \"Chromium\";v=\"138\", \"Google Chrome\";v=\"138\"', '\"en-US,en;q=0.9,id;q=0.8\"', '127.0.0.1', 'Mozilla/5.0 (Windows NT 10.0; Win64; x64) AppleWebKit/537.36 (KHTML, like Gecko) Chrome/138.0.0.0 Safari/537.36', '9f4aff50-af3f-452f-ab7f-d20f7e3c428f', NULL, NULL, '2025-07-02 15:59:02', '2025-07-02 15:59:02');
INSERT INTO `visitors` VALUES ('9f4b0c19-3289-4302-8a7b-6e52a151510d', 'App\\Models\\Visitor', 'LANDING_PAGE', '?0', '\"Windows\"', '\"Not)A;Brand\";v=\"8\", \"Chromium\";v=\"138\", \"Google Chrome\";v=\"138\"', '\"en-US,en;q=0.9,id;q=0.8\"', '127.0.0.1', 'Mozilla/5.0 (Windows NT 10.0; Win64; x64) AppleWebKit/537.36 (KHTML, like Gecko) Chrome/138.0.0.0 Safari/537.36', '9f4aff50-af3f-452f-ab7f-d20f7e3c428f', NULL, NULL, '2025-07-02 15:59:03', '2025-07-02 15:59:03');
INSERT INTO `visitors` VALUES ('9f4b0c22-2b7c-45d3-8855-9d33967ae9e4', NULL, NULL, '?0', '\"Windows\"', '\"Not)A;Brand\";v=\"8\", \"Chromium\";v=\"138\", \"Google Chrome\";v=\"138\"', '\"en-US,en;q=0.9,id;q=0.8\"', '127.0.0.1', 'Mozilla/5.0 (Windows NT 10.0; Win64; x64) AppleWebKit/537.36 (KHTML, like Gecko) Chrome/138.0.0.0 Safari/537.36', '9f4aff50-af3f-452f-ab7f-d20f7e3c428f', NULL, NULL, '2025-07-02 15:59:09', '2025-07-02 15:59:09');
INSERT INTO `visitors` VALUES ('9f4b0c2d-f0c0-4912-8359-e1d89b1cce95', NULL, NULL, '?0', '\"Windows\"', '\"Not)A;Brand\";v=\"8\", \"Chromium\";v=\"138\", \"Google Chrome\";v=\"138\"', '\"en-US,en;q=0.9,id;q=0.8\"', '127.0.0.1', 'Mozilla/5.0 (Windows NT 10.0; Win64; x64) AppleWebKit/537.36 (KHTML, like Gecko) Chrome/138.0.0.0 Safari/537.36', '9f4aff50-af3f-452f-ab7f-d20f7e3c428f', NULL, NULL, '2025-07-02 15:59:17', '2025-07-02 15:59:17');
INSERT INTO `visitors` VALUES ('9f4b0c3a-2b7f-41af-82ba-74872b6da3d5', NULL, NULL, '?0', '\"Windows\"', '\"Not)A;Brand\";v=\"8\", \"Chromium\";v=\"138\", \"Google Chrome\";v=\"138\"', '\"en-US,en;q=0.9,id;q=0.8\"', '127.0.0.1', 'Mozilla/5.0 (Windows NT 10.0; Win64; x64) AppleWebKit/537.36 (KHTML, like Gecko) Chrome/138.0.0.0 Safari/537.36', '9f4aff50-af3f-452f-ab7f-d20f7e3c428f', NULL, NULL, '2025-07-02 15:59:25', '2025-07-02 15:59:25');
INSERT INTO `visitors` VALUES ('9f4b0cff-e262-47ee-a5c2-4fecc0129f97', NULL, NULL, '?1', '\"Android\"', '\"Not)A;Brand\";v=\"8\", \"Chromium\";v=\"138\", \"Google Chrome\";v=\"138\"', '\"en-US,en;q=0.9,id;q=0.8\"', '127.0.0.1', 'Mozilla/5.0 (Linux; Android 6.0; Nexus 5 Build/MRA58N) AppleWebKit/537.36 (KHTML, like Gecko) Chrome/138.0.0.0 Mobile Safari/537.36', '9f4aff50-af3f-452f-ab7f-d20f7e3c428f', NULL, NULL, '2025-07-02 16:01:34', '2025-07-02 16:01:34');
INSERT INTO `visitors` VALUES ('9f4b0dbf-b470-4356-b019-9a0b2fe72476', NULL, NULL, '?1', '\"Android\"', '\"Not)A;Brand\";v=\"8\", \"Chromium\";v=\"138\", \"Google Chrome\";v=\"138\"', '\"en-US,en;q=0.9,id;q=0.8\"', '127.0.0.1', 'Mozilla/5.0 (Linux; Android 6.0; Nexus 5 Build/MRA58N) AppleWebKit/537.36 (KHTML, like Gecko) Chrome/138.0.0.0 Mobile Safari/537.36', '9f4aff50-af3f-452f-ab7f-d20f7e3c428f', NULL, NULL, '2025-07-02 16:03:40', '2025-07-02 16:03:40');
INSERT INTO `visitors` VALUES ('9f4b0fa2-2d8f-4050-bd6e-627784f03a6a', NULL, NULL, '?0', '\"Windows\"', '\"Not)A;Brand\";v=\"8\", \"Chromium\";v=\"138\", \"Google Chrome\";v=\"138\"', '\"en-US,en;q=0.9,id;q=0.8\"', '127.0.0.1', 'Mozilla/5.0 (Windows NT 10.0; Win64; x64) AppleWebKit/537.36 (KHTML, like Gecko) Chrome/138.0.0.0 Safari/537.36', '9f4aff50-af3f-452f-ab7f-d20f7e3c428f', NULL, NULL, '2025-07-02 16:08:56', '2025-07-02 16:08:56');
INSERT INTO `visitors` VALUES ('9f4b1079-6c20-4e32-8dee-dfe5d616bff8', NULL, NULL, '?0', '\"Windows\"', '\"Not)A;Brand\";v=\"8\", \"Chromium\";v=\"138\", \"Google Chrome\";v=\"138\"', '\"en-US,en;q=0.9,id;q=0.8\"', '127.0.0.1', 'Mozilla/5.0 (Windows NT 10.0; Win64; x64) AppleWebKit/537.36 (KHTML, like Gecko) Chrome/138.0.0.0 Safari/537.36', '9f4aff50-af3f-452f-ab7f-d20f7e3c428f', NULL, NULL, '2025-07-02 16:11:17', '2025-07-02 16:11:17');
INSERT INTO `visitors` VALUES ('9f4b119b-886e-440f-bc5c-611dff8f8550', NULL, NULL, '?0', '\"Windows\"', '\"Not)A;Brand\";v=\"8\", \"Chromium\";v=\"138\", \"Google Chrome\";v=\"138\"', '\"en-US,en;q=0.9,id;q=0.8\"', '127.0.0.1', 'Mozilla/5.0 (Windows NT 10.0; Win64; x64) AppleWebKit/537.36 (KHTML, like Gecko) Chrome/138.0.0.0 Safari/537.36', '9f4aff50-af3f-452f-ab7f-d20f7e3c428f', NULL, NULL, '2025-07-02 16:14:27', '2025-07-02 16:14:27');
INSERT INTO `visitors` VALUES ('9f4b11eb-3cd0-4052-a72a-2b3fe4ddc49c', NULL, NULL, '?0', '\"Windows\"', '\"Not)A;Brand\";v=\"8\", \"Chromium\";v=\"138\", \"Google Chrome\";v=\"138\"', '\"en-US,en;q=0.9,id;q=0.8\"', '127.0.0.1', 'Mozilla/5.0 (Windows NT 10.0; Win64; x64) AppleWebKit/537.36 (KHTML, like Gecko) Chrome/138.0.0.0 Safari/537.36', '9f4aff50-af3f-452f-ab7f-d20f7e3c428f', NULL, NULL, '2025-07-02 16:15:19', '2025-07-02 16:15:19');
INSERT INTO `visitors` VALUES ('9f4b1222-9eec-4942-96a9-61e8ab3c769f', NULL, NULL, '?0', '\"Windows\"', '\"Not)A;Brand\";v=\"8\", \"Chromium\";v=\"138\", \"Google Chrome\";v=\"138\"', '\"en-US,en;q=0.9,id;q=0.8\"', '127.0.0.1', 'Mozilla/5.0 (Windows NT 10.0; Win64; x64) AppleWebKit/537.36 (KHTML, like Gecko) Chrome/138.0.0.0 Safari/537.36', '9f4aff50-af3f-452f-ab7f-d20f7e3c428f', NULL, NULL, '2025-07-02 16:15:56', '2025-07-02 16:15:56');
INSERT INTO `visitors` VALUES ('9f4b1224-a8de-4b76-8fca-7ae3ad4f7a49', 'App\\Models\\Visitor', 'LANDING_PAGE', '?0', '\"Windows\"', '\"Not)A;Brand\";v=\"8\", \"Chromium\";v=\"138\", \"Google Chrome\";v=\"138\"', '\"en-US,en;q=0.9,id;q=0.8\"', '127.0.0.1', 'Mozilla/5.0 (Windows NT 10.0; Win64; x64) AppleWebKit/537.36 (KHTML, like Gecko) Chrome/138.0.0.0 Safari/537.36', '9f4aff50-af3f-452f-ab7f-d20f7e3c428f', NULL, NULL, '2025-07-02 16:15:57', '2025-07-02 16:15:57');
INSERT INTO `visitors` VALUES ('9f4b13ee-5940-43ac-a26c-7b5f8e08a817', NULL, NULL, '?0', '\"Windows\"', '\"Not)A;Brand\";v=\"8\", \"Chromium\";v=\"138\", \"Google Chrome\";v=\"138\"', '\"en-US,en;q=0.9,id;q=0.8\"', '127.0.0.1', 'Mozilla/5.0 (Windows NT 10.0; Win64; x64) AppleWebKit/537.36 (KHTML, like Gecko) Chrome/138.0.0.0 Safari/537.36', '9f4aff50-af3f-452f-ab7f-d20f7e3c428f', NULL, NULL, '2025-07-02 16:20:57', '2025-07-02 16:20:57');
INSERT INTO `visitors` VALUES ('9f4b1bef-6fe4-49dd-899f-e820f9b23e7a', NULL, NULL, '?0', '\"Windows\"', '\"Not)A;Brand\";v=\"8\", \"Chromium\";v=\"138\", \"Google Chrome\";v=\"138\"', '\"en-US,en;q=0.9,id;q=0.8\"', '127.0.0.1', 'Mozilla/5.0 (Windows NT 10.0; Win64; x64) AppleWebKit/537.36 (KHTML, like Gecko) Chrome/138.0.0.0 Safari/537.36', NULL, NULL, NULL, '2025-07-02 16:43:20', '2025-07-02 16:43:20');
INSERT INTO `visitors` VALUES ('9f4b1bf1-4c59-46f4-9df3-db03a6ed9600', NULL, NULL, '?0', '\"Windows\"', '\"Not)A;Brand\";v=\"8\", \"Chromium\";v=\"138\", \"Google Chrome\";v=\"138\"', '\"en-US,en;q=0.9,id;q=0.8\"', '127.0.0.1', 'Mozilla/5.0 (Windows NT 10.0; Win64; x64) AppleWebKit/537.36 (KHTML, like Gecko) Chrome/138.0.0.0 Safari/537.36', NULL, NULL, NULL, '2025-07-02 16:43:21', '2025-07-02 16:43:21');
INSERT INTO `visitors` VALUES ('9f4b1bf8-6b8d-4c95-ace0-48822e99aeb4', NULL, NULL, '?0', '\"Windows\"', '\"Not)A;Brand\";v=\"8\", \"Chromium\";v=\"138\", \"Google Chrome\";v=\"138\"', '\"en-US,en;q=0.9,id;q=0.8\"', '127.0.0.1', 'Mozilla/5.0 (Windows NT 10.0; Win64; x64) AppleWebKit/537.36 (KHTML, like Gecko) Chrome/138.0.0.0 Safari/537.36', NULL, NULL, NULL, '2025-07-02 16:43:26', '2025-07-02 16:43:26');
INSERT INTO `visitors` VALUES ('9f4b1c22-3feb-4c0c-9e1d-7785c82ad24e', NULL, NULL, '?0', '\"Windows\"', '\"Not)A;Brand\";v=\"8\", \"Chromium\";v=\"138\", \"Google Chrome\";v=\"138\"', '\"en-US,en;q=0.9,id;q=0.8\"', '127.0.0.1', 'Mozilla/5.0 (Windows NT 10.0; Win64; x64) AppleWebKit/537.36 (KHTML, like Gecko) Chrome/138.0.0.0 Safari/537.36', NULL, NULL, NULL, '2025-07-02 16:43:53', '2025-07-02 16:43:53');
INSERT INTO `visitors` VALUES ('9f4b1c2d-2165-49c0-80c3-61c1730b08e6', 'App\\Models\\Visitor', 'LANDING_PAGE', '?0', '\"Windows\"', '\"Not)A;Brand\";v=\"8\", \"Chromium\";v=\"138\", \"Google Chrome\";v=\"138\"', '\"en-US,en;q=0.9,id;q=0.8\"', '127.0.0.1', 'Mozilla/5.0 (Windows NT 10.0; Win64; x64) AppleWebKit/537.36 (KHTML, like Gecko) Chrome/138.0.0.0 Safari/537.36', NULL, NULL, NULL, '2025-07-02 16:44:00', '2025-07-02 16:44:00');
INSERT INTO `visitors` VALUES ('9f4b1c34-596f-4c35-8996-2357d5442239', NULL, NULL, '?0', '\"Windows\"', '\"Not)A;Brand\";v=\"8\", \"Chromium\";v=\"138\", \"Google Chrome\";v=\"138\"', '\"en-US,en;q=0.9,id;q=0.8\"', '127.0.0.1', 'Mozilla/5.0 (Windows NT 10.0; Win64; x64) AppleWebKit/537.36 (KHTML, like Gecko) Chrome/138.0.0.0 Safari/537.36', NULL, NULL, NULL, '2025-07-02 16:44:05', '2025-07-02 16:44:05');
INSERT INTO `visitors` VALUES ('9f4b1c3b-0d39-4a63-97ce-2397cc1b118c', 'App\\Models\\Visitor', 'LANDING_PAGE', '?0', '\"Windows\"', '\"Not)A;Brand\";v=\"8\", \"Chromium\";v=\"138\", \"Google Chrome\";v=\"138\"', '\"en-US,en;q=0.9,id;q=0.8\"', '127.0.0.1', 'Mozilla/5.0 (Windows NT 10.0; Win64; x64) AppleWebKit/537.36 (KHTML, like Gecko) Chrome/138.0.0.0 Safari/537.36', NULL, NULL, NULL, '2025-07-02 16:44:09', '2025-07-02 16:44:09');
INSERT INTO `visitors` VALUES ('9f4b1c4f-6fa1-475b-bae4-b37856a5ea87', 'App\\Models\\Visitor', 'LANDING_PAGE', '?0', '\"Windows\"', '\"Not)A;Brand\";v=\"8\", \"Chromium\";v=\"138\", \"Google Chrome\";v=\"138\"', '\"en-US,en;q=0.9,id;q=0.8\"', '127.0.0.1', 'Mozilla/5.0 (Windows NT 10.0; Win64; x64) AppleWebKit/537.36 (KHTML, like Gecko) Chrome/138.0.0.0 Safari/537.36', NULL, NULL, NULL, '2025-07-02 16:44:23', '2025-07-02 16:44:23');

SET FOREIGN_KEY_CHECKS = 1;
